m	n	k	torsion_coset
-995	166	433	1
-994	-781	-95	2
-994	-277	625	2
-994	11	-383	2
-994	227	-311	2
-994	803	985	2
-993	-216	-903	1
-993	-216	-759	1
-993	288	-831	1
-993	864	-543	1
-993	864	-399	1
-987	-666	753	1
-987	126	753	1
-987	918	609	1
-983	-950	-575	1
-983	-158	793	1
-983	130	-215	1
-980	-719	-827	1
-975	-702	-399	1
-975	378	-39	1
-974	-881	253	1
-972	-759	-291	1
-972	-255	-435	1
-972	825	-75	1
-970	-397	721	2
-970	-109	505	2
-970	107	721	2
-969	432	105	1
-958	-961	121	2
-958	-745	697	2
-958	-457	-311	2
-958	47	-815	2
-958	623	49	2
-958	839	121	2
-958	839	-383	2
-957	-684	609	1
-957	-684	-327	1
-957	108	-471	1
-957	396	33	1
-957	396	969	1
-951	-846	609	1
-951	-846	753	1
-951	-270	-903	1
-951	-54	-831	1
-951	234	969	1
-948	-903	-795	1
-948	177	-435	1
-948	969	-723	1
-947	-50	793	1
-941	76	-935	1
-939	-594	-399	1
-934	-289	217	2
-934	-73	289	2
-933	-252	609	1
-933	252	465	1
-933	540	-975	1
-933	828	969	1
-933	828	-687	1
-930	987	-651	1
-929	-248	145	1
-922	-925	553	2
-922	-637	-455	2
-922	-349	193	2
-922	-349	-527	2
-922	155	913	2
-922	443	-95	2
-922	659	913	2
-921	-864	-831	1
-921	-576	-471	1
-921	216	-471	1
-921	504	-111	1
-921	720	-543	1
-921	720	-39	1
-920	541	973	1
-918	-633	-75	1
-915	558	537	1
-915	558	897	1
-912	-291	933	1
-908	-575	-35	1
-908	505	325	1
-903	-270	-111	1
-903	810	249	1
-900	-327	-3	1
-900	177	-147	1
-898	-757	721	2
-898	-757	-71	2
-898	323	289	2
-898	323	-719	2
-898	539	361	2
-897	-720	-975	1
-897	-432	969	1
-897	360	-615	1
-897	864	393	1
-894	-489	-723	1
-894	807	-291	1
-886	-313	-527	2
-886	-313	-95	2
-886	479	481	2
-886	479	-527	2
-886	767	265	2
-886	767	-167	2
-885	-468	-687	1
-885	-252	897	1
-879	-918	465	1
-879	-126	825	1
-879	162	825	1
-876	-471	-507	1
-876	-183	933	1
-876	609	-867	1
-876	609	-147	1
-875	886	433	1
-869	724	433	1
-867	-162	-615	1
-862	-937	145	2
-862	-937	649	2
-862	-937	937	2
-862	-649	-71	2
-862	143	505	2
-862	359	-575	2
-861	-900	537	1
-861	180	897	1
-861	180	-759	1
-861	684	753	1
-850	-997	-599	2
-850	-493	-527	2
-850	-493	-167	2
-850	-205	913	2
-850	83	-239	2
-850	587	193	2
-850	587	-167	2
-850	875	-815	2
-849	-432	-687	1
-849	648	-687	1
-849	648	-327	1
-849	936	-903	1
-848	-323	253	1
-846	-201	-291	1
-843	-306	897	1
-843	198	249	1
-843	198	393	1
-843	990	825	1
-840	141	-435	1
-839	994	-647	1
-831	954	-831	1
-828	-687	-147	1
-826	-829	289	2
-826	-829	-503	2
-826	-325	217	2
-826	-325	721	2
-826	-325	-503	2
-826	755	577	2
-826	755	-143	2
-826	971	649	2
-826	971	-863	2
-826	971	-71	2
-825	-288	-111	1
-825	792	249	1
-822	-345	-795	1
-822	735	-435	1
-821	-284	-575	1
-821	796	-215	1
-814	119	193	2
-814	407	-815	2
-814	911	-383	2
-813	-612	-687	1
-813	-36	-399	1
-813	468	-327	1
-812	793	-755	1
-810	915	-507	1
-807	-486	753	1
-804	753	573	1
-797	-932	865	1
-795	-810	-687	1
-795	-522	-903	1
-795	270	-327	1
-795	486	-255	1
-792	-75	-75	1
-790	-793	-791	2
-790	-505	-575	2
-790	287	-431	2
-790	575	-215	2
-789	-684	177	1
-789	-468	249	1
-789	612	609	1
-786	267	933	1
-782	775	-467	1
-779	-626	433	1
-779	454	793	1
-778	-565	697	2
-778	-277	-311	2
-778	-277	-167	2
-778	-61	697	2
-778	-61	-239	2
-777	-216	-327	1
-777	0	-255	1
-777	288	-975	1
-777	288	-831	1
-774	-849	-363	1
-774	231	-3	1
-771	-954	-255	1
-771	-666	249	1
-771	126	105	1
-771	414	609	1
-771	630	681	1
-768	-723	-435	1
-768	573	-867	1
-764	289	-827	1
-761	-824	865	1
-759	882	-975	1
-754	-973	-863	2
-754	-973	-575	2
-754	-397	73	2
-754	-397	-935	2
-754	-181	145	2
-754	107	-503	2
-754	107	-215	2
-754	899	505	2
-753	-360	-831	1
-753	144	177	1
-753	720	-975	1
-753	720	-471	1
-750	87	-507	1
-742	-745	-455	2
-742	-457	985	2
-742	335	-95	2
-742	551	769	2
-742	551	-887	2
-741	-396	-471	1
-741	-180	537	1
-741	-180	-399	1
-741	900	897	1
-741	900	-39	1
-738	-237	-147	1
-738	843	213	1
-738	843	-651	1
-735	-558	609	1
-735	-558	969	1
-735	-342	681	1
-732	681	-651	1
-731	166	-215	1
-728	-683	613	1
-728	397	973	1
-725	796	73	1
-723	-378	-975	1
-723	702	-615	1
-722	-845	613	1
-722	-557	-395	1
-722	235	973	1
-720	-723	-651	1
-720	357	-291	1
-718	-865	145	2
-718	-361	-503	2
-718	215	505	2
-718	215	-863	2
-718	719	-143	2
-717	-540	-975	1
-717	-252	465	1
-717	540	-615	1
-710	-89	-467	1
-706	-925	-239	2
-706	155	121	2
-706	371	985	2
-705	-72	-543	1
-699	-522	33	1
-699	558	393	1
-696	-579	-651	1
-696	501	-291	1
-689	-968	145	1
-689	112	505	1
-687	-54	969	1
-687	738	-615	1
-682	-757	649	2
-682	35	865	2
-682	251	433	2
-671	-374	-935	1
-671	706	-575	1
-670	-817	-383	2
-670	-313	-887	2
-670	-313	-167	2
-670	767	193	2
-670	767	-671	2
-670	767	-527	2
-670	983	-599	2
-669	-756	-615	1
-669	36	897	1
-669	252	825	1
-669	252	969	1
-666	195	-723	1
-663	-918	465	1
-663	-126	897	1
-663	90	969	1
-660	321	-795	1
-653	-860	-935	1
-653	-68	73	1
-653	220	-575	1
-651	-738	-687	1
-651	54	-687	1
-651	342	-327	1
-648	-795	-291	1
-648	-291	-363	1
-648	789	-3	1
-646	-721	361	2
-646	-433	-647	2
-646	-145	1	2
-646	359	721	2
-646	647	-287	2
-645	-108	393	1
-645	972	753	1
-642	-957	789	1
-634	-997	265	2
-634	299	-815	2
-633	-720	825	1
-633	648	-831	1
-633	864	-759	1
-630	807	-507	1
-627	-882	465	1
-627	-594	753	1
-627	-594	-111	1
-627	198	825	1
-627	198	-831	1
-627	486	249	1
-624	-651	-795	1
-624	-147	573	1
-624	933	933	1
-623	-878	433	1
-623	202	793	1
-620	361	973	1
-614	199	253	1
-614	487	-755	1
-610	-613	-719	2
-610	467	-359	2
-609	216	681	1
-609	792	-975	1
-605	-284	433	1
-602	-917	-755	1
-602	163	-395	1
-602	955	-827	1
-599	-446	433	1
-598	-961	841	2
-598	-961	-959	2
-598	-673	-167	2
-598	-385	-311	2
-598	119	-599	2
-598	407	193	2
-597	-900	-615	1
-597	-612	825	1
-597	180	-255	1
-591	-486	753	1
-579	-18	-831	1
-579	486	-903	1
-576	-363	-507	1
-574	-793	937	2
-574	-793	-863	2
-574	-793	-71	2
-574	-289	-863	2
-574	-1	-647	2
-574	287	289	2
-574	287	-503	2
-574	503	73	2
-574	791	-503	2
-573	-972	249	1
-573	-756	321	1
-573	-180	-831	1
-573	324	681	1
-573	612	-975	1
-573	828	609	1
-569	-248	865	1
-563	-410	865	1
-562	-349	121	2
-562	-349	769	2
-562	-349	913	2
-562	-349	-887	2
-562	443	625	2
-562	731	481	2
-562	731	-527	2
-561	-504	-471	1
-561	504	-327	1
-558	-57	-651	1
-555	-162	177	1
-555	342	609	1
-555	918	537	1
-552	-219	429	1
-552	-219	-507	1
-545	-104	-647	1
-545	976	-287	1
-543	-990	-975	1
-543	-486	537	1
-543	18	-831	1
-543	594	897	1
-543	810	969	1
-540	-543	-147	1
-540	753	-723	1
-538	-685	145	2
-538	-685	649	2
-538	323	73	2
-537	648	969	1
-534	591	357	1
-533	-428	793	1
-533	-140	-215	1
-533	940	145	1
-527	-590	-287	1
-527	490	73	1
-527	778	-935	1
-526	-529	337	2
-526	-529	-815	2
-526	-241	121	2
-526	551	697	2
-526	551	-455	2
-526	839	481	2
-525	-972	-399	1
-525	-468	609	1
-525	108	-39	1
-525	612	969	1
-522	-525	-75	1
-522	555	285	1
-516	-399	789	1
-507	-162	-975	1
-507	-162	-471	1
-507	918	-615	1
-507	918	-111	1
-502	-361	505	2
-502	-361	-287	2
-502	143	-575	2
-502	143	-431	2
-502	719	73	2
-502	719	865	2
-502	935	145	2
-501	-324	105	1
-501	-36	-111	1
-501	756	465	1
-490	-133	841	2
-490	875	913	2
-489	-864	897	1
-489	-648	969	1
-489	-648	-975	1
-489	144	-975	1
-489	432	-615	1
-486	879	-291	1
-483	558	-687	1
-480	-867	357	1
-480	-75	213	1
-480	213	717	1
-480	717	789	1
-479	-518	-935	1
-476	-359	-35	1
-476	721	325	1
-473	-968	73	1
-473	-680	-935	1
-473	112	433	1
-471	-558	-687	1
-471	-54	825	1
-466	-829	217	2
-466	-829	-575	2
-466	-541	-71	2
-466	-253	-575	2
-466	251	577	2
-466	251	-215	2
-466	539	289	2
-466	755	361	2
-465	-720	393	1
-465	-504	465	1
-465	576	825	1
-462	519	-867	1
-458	-53	973	1
-455	-374	433	1
-454	-601	985	2
-454	-313	-455	2
-454	191	-959	2
-453	-540	465	1
-453	540	825	1
-453	540	-831	1
-452	73	-755	1
-450	-597	-363	1
-447	-702	969	1
-447	-414	249	1
-447	378	-831	1
-444	-759	717	1
-444	537	-651	1
-435	270	393	1
-432	-579	-867	1
-432	213	-291	1
-432	501	-507	1
-430	-433	-719	2
-430	-217	-143	2
-430	71	505	2
-430	71	793	2
-430	863	217	2
-429	-684	-183	1
-429	-108	825	1
-429	108	393	1
-429	396	177	1
-426	-741	789	1
-426	-453	573	1
-419	-338	505	1
-419	454	-647	1
-419	742	865	1
-418	-781	-743	2
-418	-277	409	2
-418	299	-383	2
-418	515	985	2
-418	515	-815	2
-418	515	-311	2
-418	515	-23	2
-418	803	769	2
-417	-720	825	1
-414	-777	-867	1
-414	519	-435	1
-411	-378	393	1
-411	702	753	1
-408	357	645	1
-407	-662	-575	1
-407	130	433	1
-407	418	-215	1
-399	-414	-759	1
-399	666	-399	1
-394	-613	-215	2
-394	-397	505	2
-394	-397	-287	2
-394	-109	-359	2
-394	683	73	2
-394	683	865	2
-394	683	-647	2
-394	971	1	2
-393	-576	177	1
-393	-72	753	1
-393	504	537	1
-393	720	609	1
-393	720	-255	1
-382	-457	337	2
-382	623	697	2
-382	623	-671	2
-381	-396	249	1
-381	-108	753	1
-381	684	609	1
-378	-957	-507	1
-378	-453	-435	1
-378	-165	69	1
-378	627	-75	1
-368	685	-395	1
-365	76	-287	1
-363	-882	-687	1
-363	198	-831	1
-363	198	-327	1
-363	702	-975	1
-362	523	685	1
-358	-793	145	2
-358	-577	-791	2
-358	215	-935	2
-358	503	-431	2
-357	-756	-327	1
-357	324	33	1
-357	540	105	1
-353	-248	793	1
-353	40	-215	1
-350	991	613	1
-346	-853	625	2
-346	-61	769	2
-346	-61	-887	2
-346	155	697	2
-346	155	841	2
-345	-792	-399	1
-345	-288	-831	1
-345	792	-471	1
-342	159	-507	1
-339	-954	681	1
-336	-795	-3	1
-336	285	357	1
-336	789	933	1
-335	-734	793	1
-327	-774	609	1
-327	-270	-975	1
-327	18	-471	1
-327	306	969	1
-327	810	-615	1
-324	-831	-75	1
-324	-327	-867	1
-324	753	-507	1
-322	-757	577	2
-322	-757	-431	2
-322	-469	-431	2
-322	-181	73	2
-322	35	145	2
-322	323	937	2
-322	323	-71	2
-322	611	-71	2
-321	-144	465	1
-321	-144	609	1
-321	936	825	1
-321	936	969	1
-318	303	429	1
-317	868	-935	1
-311	706	145	1
-310	-817	-959	2
-310	-25	-455	2
-310	263	-599	2
-310	767	913	2
-309	36	537	1
-308	-935	685	1
-306	-21	789	1
-306	-21	-147	1
-303	-918	105	1
-303	-630	465	1
-303	162	465	1
-303	450	825	1
-300	-183	933	1
-291	-954	969	1
-286	-649	577	2
-286	-649	-935	2
-286	-361	433	2
-286	431	937	2
-286	431	-575	2
-286	647	-647	2
-285	-612	-543	1
-285	180	393	1
-285	468	-183	1
-285	972	393	1
-282	123	789	1
-282	411	-867	1
-281	-104	-935	1
-281	976	-575	1
-274	-709	697	2
-274	-709	-959	2
-274	371	-599	2
-274	587	337	2
-273	-360	969	1
-272	-35	613	1
-272	-35	-107	1
-270	591	-795	1
-267	-522	969	1
-260	-359	973	1
-255	-54	-615	1
-255	162	-687	1
-250	-829	145	2
-250	-829	-575	2
-250	-325	865	2
-250	-37	-143	2
-250	251	505	2
-250	251	-215	2
-245	-284	73	1
-245	796	433	1
-238	-601	-743	2
-238	-601	-239	2
-238	-385	-671	2
-238	-97	769	2
-238	407	-455	2
-238	407	-167	2
-238	695	-311	2
-237	-324	969	1
-237	-324	-687	1
-237	-36	393	1
-237	756	-831	1
-237	756	-327	1
-234	-93	-291	1
-231	-990	-39	1
-231	-486	-111	1
-231	90	321	1
-231	594	249	1
-227	-482	-575	1
-227	598	-215	1
-224	757	-35	1
-221	-644	505	1
-221	436	865	1
-219	-522	753	1
-218	595	-755	1
-216	717	-507	1
-214	-217	-647	2
-214	287	217	2
-214	287	-215	2
-214	863	-935	2
-214	863	-287	2
-213	-396	681	1
-213	-396	-183	1
-213	-180	-255	1
-213	-180	-111	1
-213	900	105	1
-213	900	249	1
-210	51	645	1
-210	555	573	1
-209	-968	-935	1
-209	112	-575	1
-202	-565	-167	2
-202	-277	337	2
-202	515	193	2
-202	803	697	2
-202	803	-815	2
-195	-882	177	1
-192	861	573	1
-183	-990	825	1
-183	-702	-687	1
-183	-198	825	1
-183	90	-831	1
-183	378	-327	1
-182	-377	685	1
-178	-685	865	2
-178	-397	721	2
-178	-397	-287	2
-178	107	145	2
-178	107	-215	2
-178	395	-863	2
-178	683	73	2
-178	683	-719	2
-178	899	-143	2
-177	-864	249	1
-177	-72	105	1
-177	216	609	1
-167	-230	-287	1
-167	778	865	1
-166	-961	121	2
-166	-961	913	2
-166	-961	-887	2
-166	-169	625	2
-166	47	-95	2
-164	-71	-107	1
-162	-741	573	1
-162	339	933	1
-159	-558	249	1
-159	-54	177	1
-159	-54	681	1
-159	522	609	1
-152	-395	253	1
-152	685	613	1
-149	-716	-647	1
-147	990	-975	1
-142	-865	793	2
-142	-865	-575	2
-142	215	-215	2
-142	719	505	2
-141	-540	177	1
-141	36	105	1
-141	36	969	1
-141	540	537	1
-138	-597	573	1
-138	483	933	1
-134	-881	613	1
-134	199	973	1
-130	-925	913	2
-130	-637	337	2
-130	-349	985	2
-130	-133	121	2
-130	155	-887	2
-130	443	697	2
-130	947	481	2
-129	-576	-975	1
-129	-288	465	1
-129	504	-615	1
-126	-921	933	1
-126	951	-651	1
-123	-450	465	1
-123	-450	969	1
-123	558	-471	1
-120	-3	429	1
-120	-3	573	1
-119	562	-935	1
-113	-680	-215	1
-113	400	145	1
-111	-774	-975	1
-111	-558	33	1
-111	234	609	1
-111	522	393	1
-108	-327	789	1
-106	-469	-431	2
-106	539	73	2
-105	-720	33	1
-105	-432	-39	1
-105	360	393	1
-105	648	321	1
-98	-773	613	1
-94	-817	265	2
-94	-817	553	2
-94	-313	985	2
-94	-313	-383	2
-94	263	625	2
-94	263	913	2
-94	479	193	2
-94	479	985	2
-94	479	-527	2
-94	767	-23	2
-93	-468	-975	1
-90	483	717	1
-87	-126	33	1
-87	378	-111	1
-87	954	393	1
-84	-471	285	1
-84	321	-3	1
-84	609	645	1
-77	-860	-287	1
-77	220	73	1
-77	508	-935	1
-75	-954	-615	1
-75	-162	897	1
-75	630	-687	1
-75	846	-615	1
-72	-795	-435	1
-72	-507	-651	1
-72	285	-75	1
-70	-937	937	2
-70	-433	1	2
-70	-433	-791	2
-70	-433	-431	2
-70	647	361	2
-70	647	-431	2
-70	647	-71	2
-70	935	-647	2
-69	-108	-615	1
-69	972	-255	1
-66	-165	357	1
-66	915	717	1
-59	22	505	1
-58	-997	913	2
-58	-997	-599	2
-58	-205	625	2
-58	-205	-23	2
-58	83	-239	2
-58	875	337	2
-58	875	985	2
-57	-936	393	1
-57	-144	-687	1
-57	144	753	1
-57	360	825	1
-57	936	-327	1
-54	-993	-291	1
-51	-810	321	1
-51	-306	393	1
-51	774	753	1
-51	990	-183	1
-48	933	-867	1
-39	666	897	1
-39	666	-759	1
-36	-975	717	1
-36	609	-651	1
-34	-829	-143	2
-34	-613	-71	2
-34	-37	865	2
-34	467	289	2
-33	-792	-111	1
-33	-288	465	1
-33	0	249	1
-33	288	249	1
-33	504	321	1
-33	792	825	1
-22	-889	409	2
-22	-97	-671	2
-22	-97	-311	2
-22	911	769	2
-22	911	-239	2
-21	180	897	1
-20	1	253	1
-18	-381	717	1
-15	-990	393	1
-15	-774	465	1
-15	306	825	1
-12	-39	573	1
-8	757	-827	1
-3	-810	825	1
-3	774	-903	1
-2	-485	-107	1
-2	595	253	1
0	-75	-867	1
2	-793	-935	2
2	-793	-215	2
2	-217	-71	2
2	-1	1	2
2	-1	-503	2
2	287	145	2
2	287	-575	2
2	575	-863	2
3	-972	-615	1
3	-684	753	1
3	108	-255	1
3	324	-327	1
7	40	505	1
13	-122	505	1
13	958	865	1
14	-853	-95	2
14	-565	697	2
14	-61	-239	2
14	227	265	2
14	227	-887	2
15	-792	321	1
15	288	681	1
15	792	609	1
21	-954	321	1
21	-162	-687	1
21	126	681	1
21	918	-327	1
25	346	433	1
33	90	-975	1
36	249	-795	1
38	-685	793	2
38	-397	577	2
38	-397	-935	2
38	-181	793	2
39	-360	177	1
39	720	537	1
39	936	609	1
42	-417	429	1
42	879	-3	1
43	-140	433	1
43	940	793	1
50	-457	697	2
50	-457	-959	2
50	551	193	2
51	-684	-759	1
51	396	-903	1
51	396	-399	1
51	612	-831	1
54	51	-651	1
57	-342	-327	1
57	738	33	1
60	393	357	1
61	-338	865	1
69	-666	609	1
69	-666	753	1
69	-90	-903	1
69	126	-831	1
69	414	969	1
74	-865	-359	2
74	-361	361	2
74	-361	-647	2
74	-73	145	2
74	215	1	2
74	719	721	2
74	719	-287	2
75	-828	-831	1
75	-540	-327	1
75	252	-471	1
75	540	33	1
75	756	105	1
86	-637	265	2
86	-637	-455	2
86	-133	985	2
86	659	-815	2
87	-576	537	1
87	-360	609	1
87	-72	969	1
87	720	969	1
97	-518	-287	1
97	562	73	1
103	-680	-287	1
103	400	73	1
105	-54	-975	1
105	738	897	1
106	559	-467	1
110	-253	73	2
110	-253	-287	2
110	35	-647	2
110	251	433	2
110	251	-575	2
110	827	73	2
110	827	433	2
111	-432	33	1
111	-432	393	1
111	-216	105	1
111	-216	465	1
111	864	465	1
111	864	825	1
114	15	717	1
121	-86	73	1
121	922	145	1
122	-817	-527	2
122	-601	-23	2
122	-25	-383	2
122	479	337	2
122	983	-599	2
126	483	-867	1
129	-126	-111	1
129	90	-39	1
133	598	505	1
139	436	505	1
141	-738	465	1
141	342	825	1
146	-721	73	2
146	-433	-71	2
146	71	-503	2
146	359	433	2
146	647	289	2
146	863	865	2
147	-396	-543	1
147	684	-183	1
150	-453	-291	1
150	627	69	1
150	627	-867	1
151	-896	73	1
158	-781	-455	2
158	-781	-95	2
158	-205	-455	2
158	-205	-167	2
158	11	913	2
158	11	-887	2
158	299	265	2
158	299	-95	2
158	803	-671	2
159	-936	-687	1
159	72	393	1
165	-594	465	1
165	486	825	1
168	-147	429	1
168	933	789	1
169	-374	-935	1
169	706	-575	1
177	-918	825	1
177	-126	-759	1
177	378	249	1
177	378	393	1
177	954	-759	1
177	954	-399	1
180	-975	933	1
180	-975	-867	1
180	321	-435	1
182	-901	-359	2
182	-613	793	2
182	179	1	2
182	179	-719	2
182	683	1	2
182	683	721	2
182	683	-791	2
183	-792	-111	1
183	216	393	1
186	159	645	1
187	-860	505	1
187	220	865	1
194	-673	913	2
194	-673	-455	2
194	-169	265	2
194	407	-887	2
194	407	-95	2
194	911	625	2
195	-108	753	1
195	468	-903	1
196	-791	-107	1
198	-669	-867	1
201	522	-255	1
204	-831	213	1
211	364	-647	1
213	-594	249	1
213	-306	753	1
213	486	609	1
218	-505	-215	2
218	503	-71	2
218	791	-647	2
219	-756	-111	1
219	-468	-687	1
219	324	249	1
219	612	-327	1
222	-21	-3	1
223	40	433	1
226	487	-395	1
229	-914	505	1
229	166	865	1
230	-853	769	2
230	-565	-95	2
230	-349	-167	2
230	731	193	2
231	-792	753	1
231	-504	-759	1
232	325	685	1
237	-666	681	1
237	342	105	1
244	1	-755	1
249	-774	-255	1
249	-486	249	1
249	306	105	1
249	306	-831	1
249	594	609	1
249	810	681	1
254	-685	-863	2
254	-469	217	2
254	-469	-791	2
254	-181	-431	2
254	611	577	2
254	611	-431	2
254	899	-71	2
258	591	933	1
266	47	769	2
266	47	-23	2
266	263	-815	2
266	551	-959	2
267	-972	609	1
267	108	969	1
270	-525	573	1
270	555	933	1
273	-846	-327	1
273	-630	-255	1
273	-342	105	1
273	450	105	1
273	738	465	1
273	954	33	1
283	508	145	1
285	-954	105	1
285	-378	609	1
285	-162	537	1
285	-162	681	1
285	126	465	1
285	918	897	1
288	-219	-867	1
288	69	573	1
288	861	-507	1
290	-73	73	2
290	-73	-791	2
290	143	-719	2
291	-36	465	1
291	468	33	1
294	-93	-147	1
295	-824	-287	1
295	976	73	1
298	-377	-395	1
302	-925	625	2
302	-925	985	2
302	-925	-383	2
302	-421	481	2
302	-133	193	2
302	-133	985	2
302	83	-887	2
302	659	841	2
303	936	393	1
306	87	789	1
309	774	393	1
312	-75	789	1
321	-846	-975	1
321	-558	969	1
321	-342	33	1
321	234	-615	1
321	738	393	1
322	-233	-107	1
324	-399	-651	1
324	681	-291	1
326	-541	-935	2
326	-253	937	2
326	-37	505	2
326	539	-575	2
327	-720	-615	1
330	-273	213	1
331	4	-287	1
338	-889	49	2
338	-889	-239	2
338	-601	-815	2
338	-601	-95	2
338	191	121	2
338	191	409	2
338	479	265	2
338	479	-455	2
338	695	-527	2
338	983	-671	2
345	-198	-471	1
345	90	-687	1
345	882	-111	1
348	-759	-291	1
349	-194	-935	1
349	886	-575	1
357	-522	393	1
357	54	897	1
357	54	-759	1
357	270	969	1
357	558	753	1
362	-433	73	2
362	-217	-647	2
362	575	-935	2
362	575	-143	2
362	863	-287	2
366	51	-363	1
366	843	213	1
367	-968	73	1
367	112	433	1
374	-493	913	2
374	11	769	2
374	11	-743	2
375	-432	897	1
375	-432	-759	1
375	72	249	1
378	15	-435	1
381	-594	-183	1
381	-378	-111	1
381	702	249	1
393	-702	465	1
393	-414	-111	1
393	378	825	1
393	666	249	1
394	-89	325	1
394	991	685	1
396	-471	-795	1
398	-901	-647	2
398	-109	361	2
398	-109	-647	2
398	179	-287	2
398	395	-215	2
398	971	721	2
398	971	-287	2
399	-576	393	1
399	-288	-327	1
399	504	753	1
402	663	573	1
403	-572	505	1
406	667	-755	1
409	-734	505	1
410	-673	-239	2
410	-169	-527	2
410	911	-815	2
410	911	-167	2
411	-612	753	1
411	-396	825	1
411	396	-183	1
414	339	-867	1
417	18	249	1
417	234	321	1
417	234	-183	1
420	-615	213	1
420	-327	-3	1
420	465	573	1
429	-594	249	1
429	486	609	1
430	-269	-827	1
430	811	-467	1
434	-289	-575	2
434	-1	73	2
434	-1	361	2
434	-1	-431	2
434	215	-359	2
434	791	-215	2
435	-252	-183	1
435	828	177	1
438	483	69	1
442	-593	253	1
442	-305	-755	1
442	487	613	1
445	-914	-647	1
446	-853	769	2
446	-637	193	2
446	-637	985	2
446	-637	-815	2
446	-61	193	2
446	-61	625	2
446	-61	-167	2
446	443	553	2
446	443	-455	2
447	0	105	1
447	792	-975	1
450	-633	573	1
450	447	933	1
453	-162	105	1
453	-162	609	1
453	846	33	1
453	846	-831	1
457	562	-287	1
463	-392	-575	1
463	400	793	1
463	688	-215	1
465	-270	-327	1
465	18	177	1
465	522	609	1
465	810	33	1
468	-39	-507	1
468	753	-651	1
470	-973	721	2
470	35	145	2
470	323	-863	2
471	-144	-399	1
471	936	-39	1
474	-201	429	1
481	-878	-215	1
481	-86	-647	1
481	202	145	1
481	994	-287	1
482	-817	409	2
482	-817	913	2
482	-25	625	2
482	263	769	2
482	263	-887	2
482	767	625	2
483	-972	609	1
483	-180	465	1
483	828	105	1
489	-630	-903	1
489	450	-543	1
489	666	-471	1
492	-183	-75	1
492	897	285	1
493	958	-935	1
496	-971	613	1
501	-954	177	1
501	-954	537	1
501	-666	-975	1
501	126	537	1
501	126	897	1
501	342	609	1
501	342	969	1
506	-649	577	2
506	-361	433	2
506	-361	-575	2
506	431	937	2
506	647	217	2
507	-828	105	1
517	-770	-215	1
517	310	145	1
518	-709	553	2
518	-709	-959	2
518	-709	-239	2
518	-421	913	2
518	-205	985	2
518	371	121	2
518	371	913	2
518	371	-599	2
519	-648	33	1
519	-144	465	1
519	432	393	1
519	936	825	1
522	-705	-651	1
525	-18	33	1
525	-18	-111	1
528	-867	429	1
528	429	-147	1
540	105	213	1
542	-541	-503	2
542	-325	-935	2
542	-325	-431	2
542	-37	649	2
542	467	433	2
542	755	-575	2
542	755	-71	2
543	-792	-471	1
543	-504	-111	1
543	288	-111	1
543	576	249	1
546	-561	285	1
550	451	-107	1
553	-662	505	1
554	407	-167	2
555	-828	393	1
555	252	753	1
561	-198	-615	1
561	306	-183	1
561	882	-255	1
564	249	213	1
565	-194	73	1
573	-522	465	1
573	-234	393	1
573	558	825	1
576	-579	717	1
578	-721	-647	2
578	-505	-575	2
578	-217	577	2
578	-217	865	2
578	71	721	2
578	575	-215	2
578	863	937	2
579	-396	393	1
582	-237	-291	1
582	843	69	1
589	166	-575	1
590	-277	337	2
590	-277	-959	2
590	11	985	2
590	11	-815	2
590	227	49	2
590	227	-239	2
590	803	697	2
590	803	-599	2
591	-504	-39	1
591	576	321	1
597	-882	393	1
597	-882	-111	1
597	-666	-39	1
597	-90	-255	1
597	414	321	1
601	-158	505	1
601	922	865	1
609	-990	321	1
609	-990	-543	1
609	-198	393	1
609	90	681	1
609	90	-183	1
609	882	753	1
612	33	789	1
612	33	-867	1
614	-901	-287	2
614	-685	577	2
614	395	937	2
615	-864	-615	1
615	-360	-687	1
615	216	-255	1
615	720	-327	1
618	-921	213	1
618	375	645	1
625	-14	-647	1
626	-961	-167	2
627	-900	249	1
627	-396	177	1
627	684	537	1
627	900	609	1
633	-270	105	1
633	-54	-831	1
633	-54	-687	1
636	-903	-291	1
636	-111	285	1
636	177	69	1
636	681	-3	1
636	969	645	1
643	-212	-215	1
643	868	145	1
645	-882	321	1
645	-378	753	1
645	198	681	1
650	-577	-719	2
650	-577	-359	2
650	-289	-935	2
650	-73	793	2
650	503	1	2
650	503	-359	2
654	-309	429	1
658	703	685	1
662	-925	265	2
662	-925	769	2
662	-637	913	2
662	-133	913	2
662	155	625	2
663	-864	249	1
663	-72	249	1
663	216	609	1
666	-921	645	1
666	663	933	1
669	-738	-327	1
669	54	-471	1
669	342	33	1
673	-230	-647	1
673	850	-287	1
681	-774	537	1
681	-558	609	1
681	-558	-255	1
681	522	105	1
681	522	969	1
684	-615	717	1
684	-615	-3	1
684	465	357	1
686	-469	-719	2
686	-253	217	2
686	-253	-935	2
686	539	73	2
686	539	-935	2
686	827	577	2
686	827	-575	2
687	-432	-327	1
687	72	105	1
687	648	33	1
691	-716	-287	1
691	364	73	1
698	-25	265	2
698	-25	-527	2
698	479	985	2
699	36	465	1
699	36	969	1
700	361	-467	1
705	-918	33	1
705	-918	-831	1
705	162	393	1
705	162	-471	1
705	378	-399	1
708	321	573	1
709	886	145	1
717	-162	-111	1
717	54	-39	1
720	-3	69	1
720	-3	789	1
720	-3	933	1
722	-937	649	2
722	-145	-431	2
722	143	-647	2
722	935	-71	2
723	-324	393	1
723	-324	-111	1
726	-957	-507	1
726	123	-147	1
734	-493	-455	2
734	299	409	2
734	299	553	2
734	587	-95	2
735	-432	-543	1
735	360	33	1
735	648	-183	1
736	-323	685	1
736	-323	-35	1
738	-489	429	1
738	-201	213	1
738	591	789	1
741	-594	-543	1
741	-594	-399	1
741	-306	-615	1
741	486	-183	1
741	486	-39	1
741	774	-255	1
744	-363	-507	1
745	706	73	1
748	-935	253	1
748	145	613	1
753	-630	465	1
753	450	825	1
758	-325	865	2
758	-37	577	2
758	-37	-935	2
758	-37	-143	2
758	971	361	2
759	0	-543	1
759	504	-687	1
762	-345	-291	1
762	735	69	1
763	-572	145	1
763	508	505	1
770	-889	-167	2
770	-673	193	2
770	-673	-599	2
770	-97	-959	2
770	407	553	2
770	407	-239	2
771	-828	969	1
774	-669	789	1
777	-990	-111	1
777	810	-615	1
777	810	-255	1
789	-810	-183	1
789	270	177	1
789	486	249	1
792	-867	789	1
792	-867	-867	1
792	-363	645	1
792	429	357	1
794	-1	289	2
794	575	-863	2
794	791	865	2
794	791	-791	2
794	791	-143	2
795	-972	897	1
795	-684	-255	1
805	166	-647	1
806	-853	-95	2
806	227	265	2
806	731	841	2
807	0	-255	1
807	792	825	1
810	-57	717	1
813	-954	-687	1
813	-666	-687	1
813	-162	825	1
813	-162	-111	1
813	126	-327	1
813	414	-327	1
813	630	-255	1
813	918	249	1
823	-320	-647	1
823	760	-287	1
825	-198	753	1
830	-973	793	2
830	-685	793	2
830	-685	-215	2
830	107	-791	2
830	395	145	2
830	395	-647	2
830	611	-575	2
831	-864	-183	1
831	-648	-615	1
831	-648	-111	1
831	432	249	1
831	432	-255	1
831	936	-399	1
841	-518	-215	1
842	-745	-743	2
842	-241	-23	2
842	47	625	2
842	335	-383	2
842	839	337	2
842	839	-959	2
843	-972	-255	1
843	-684	249	1
843	-684	753	1
843	108	105	1
843	396	609	1
844	-359	-35	1
844	721	325	1
849	-54	-255	1
849	234	-831	1
849	450	-903	1
849	450	-759	1
852	393	69	1
853	-50	-287	1
856	-683	325	1
856	109	-107	1
856	397	685	1
861	-882	-327	1
861	-666	-255	1
861	414	105	1
861	918	33	1
864	-723	573	1
864	357	933	1
866	-73	-935	2
866	-73	-431	2
866	-73	-143	2
866	431	577	2
867	-828	-255	1
867	252	105	1
878	-421	193	2
878	371	49	2
878	371	841	2
878	371	-959	2
878	659	553	2
882	-921	-3	1
882	375	429	1
888	-291	-147	1
892	-863	-107	1
892	217	253	1
897	-270	609	1
897	522	-975	1
898	55	-467	1
900	-903	69	1
900	177	429	1
902	-757	-359	2
902	35	217	2
903	-432	-975	1
914	-601	553	2
914	-601	-311	2
914	-313	-455	2
914	-25	697	2
914	191	265	2
914	191	769	2
914	191	-455	2
914	479	49	2
914	479	913	2
914	767	-95	2
915	-540	33	1
915	540	393	1
918	-309	933	1
921	-414	-903	1
921	666	-543	1
921	882	-471	1
925	-194	-287	1
925	886	73	1
931	-356	793	1
931	-68	145	1
933	-234	33	1
933	54	393	1
933	846	393	1
936	-3	789	1
938	-937	-791	2
938	-937	-431	2
938	-721	73	2
938	359	433	2
938	863	-503	2
939	-900	-399	1
939	-900	-39	1
939	180	321	1
939	180	-39	1
939	396	-975	1
950	-493	49	2
950	-205	-167	2
950	11	-95	2
950	587	409	2
950	803	337	2
950	803	481	2
950	803	-383	2
951	72	-615	1
957	-882	609	1
957	-306	-543	1
957	-306	-183	1
957	-90	-471	1
957	-90	-111	1
957	198	969	1
957	990	249	1
957	990	-111	1
969	-630	321	1
974	-901	1	2
974	-901	433	2
974	-613	145	2
974	-325	937	2
974	179	361	2
974	179	793	2
974	467	505	2
974	467	-647	2
975	0	-687	1
975	216	-615	1
978	951	69	1
982	-125	325	1
982	955	685	1
986	-961	553	2
986	-673	409	2
986	119	913	2
986	407	769	2
986	623	-167	2
987	-612	-111	1
987	-108	465	1
987	468	249	1
987	684	321	1
987	972	825	1
988	-287	325	1
988	793	685	1
990	-669	645	1
996	-831	-75	1
996	-327	-867	1
996	753	-507	1
997	-770	505	1
997	22	-647	1
1000	181	-467	1
