collision	linear_sign	A	B	C	rho	sigma	D	K_A	K_B	K_C	K_D	leg_A	leg_B	leg_C	leg_D	status	normalized_collision_constants	constant_legendres
AD	+	1	2	16	14	14	1	9	14	28	9	1	1	1	1	resolved_unit_square		
AD	-	1	2	16	14	17	30	0	15	1	0	0	-1	1	0	dead_nonsquare_unit		
AD	-	1	2	16	17	14	30	0	15	1	0	0	-1	1	0	dead_nonsquare_unit		
AD	+	1	2	16	17	17	1	9	14	28	9	1	1	1	1	resolved_unit_square		
AD	+	1	3	21	13	13	1	21	5	28	21	-1	1	1	-1	dead_nonsquare_unit		
AD	-	1	3	21	13	18	30	0	18	17	0	0	1	-1	0	dead_nonsquare_unit		
AD	-	1	3	21	18	13	30	0	18	17	0	0	1	-1	0	dead_nonsquare_unit		
AD	+	1	3	21	18	18	1	21	5	28	21	-1	1	1	-1	dead_nonsquare_unit		
AD	+	1	4	8	4	4	1	28	22	26	28	1	-1	-1	1	dead_nonsquare_unit		
AD	-	1	4	8	4	27	30	0	7	3	0	0	1	-1	0	dead_nonsquare_unit		
AD	-	1	4	8	27	4	30	0	7	3	0	0	1	-1	0	dead_nonsquare_unit		
AD	+	1	4	8	27	27	1	28	22	26	28	1	-1	-1	1	dead_nonsquare_unit		
AD	+	1	5	25	11	11	1	2	6	26	2	1	-1	-1	1	dead_nonsquare_unit		
AD	-	1	5	25	11	20	30	0	4	24	0	0	1	-1	0	dead_nonsquare_unit		
AD	-	1	5	25	20	11	30	0	4	24	0	0	1	-1	0	dead_nonsquare_unit		
AD	+	1	5	25	20	20	1	2	6	26	2	1	-1	-1	1	dead_nonsquare_unit		
AD	+	1	6	26	11	11	1	6	15	13	6	-1	-1	-1	-1	dead_nonsquare_unit		
AD	-	1	6	26	11	20	30	0	24	4	0	0	-1	1	0	dead_nonsquare_unit		
AD	-	1	6	26	20	11	30	0	24	4	0	0	-1	1	0	dead_nonsquare_unit		
AD	+	1	6	26	20	20	1	6	15	13	6	-1	-1	-1	-1	dead_nonsquare_unit		
AD	+	1	7	9	2	2	1	5	7	16	5	1	1	1	1	resolved_unit_square		
AD	-	1	7	9	2	29	30	0	13	19	0	0	-1	1	0	dead_nonsquare_unit		
AD	-	1	7	9	29	2	30	0	13	19	0	0	-1	1	0	dead_nonsquare_unit		
AD	+	1	7	9	29	29	1	5	7	16	5	1	1	1	1	resolved_unit_square		
AD	+	1	8	4	4	4	1	28	26	22	28	1	-1	-1	1	dead_nonsquare_unit		
AD	-	1	8	4	4	27	30	0	3	7	0	0	-1	1	0	dead_nonsquare_unit		
AD	-	1	8	4	27	4	30	0	3	7	0	0	-1	1	0	dead_nonsquare_unit		
AD	+	1	8	4	27	27	1	28	26	22	28	1	-1	-1	1	dead_nonsquare_unit		
AD	+	1	9	7	2	2	1	5	16	7	5	1	1	1	1	resolved_unit_square		
AD	-	1	9	7	2	29	30	0	19	13	0	0	1	-1	0	dead_nonsquare_unit		
AD	-	1	9	7	29	2	30	0	19	13	0	0	1	-1	0	dead_nonsquare_unit		
AD	+	1	9	7	29	29	1	5	16	7	5	1	1	1	1	resolved_unit_square		
AD	+	1	10	28	13	13	1	18	7	9	18	1	1	1	1	resolved_unit_square		
AD	-	1	10	28	13	18	30	0	17	18	0	0	-1	1	0	dead_nonsquare_unit		
AD	-	1	10	28	18	13	30	0	17	18	0	0	-1	1	0	dead_nonsquare_unit		
AD	+	1	10	28	18	18	1	18	7	9	18	1	1	1	1	resolved_unit_square		
AD	+	1	11	17	6	6	1	29	22	30	29	-1	-1	-1	-1	dead_nonsquare_unit		
AD	-	1	11	17	6	25	30	0	8	6	0	0	1	-1	0	dead_nonsquare_unit		
AD	-	1	11	17	25	6	30	0	8	6	0	0	1	-1	0	dead_nonsquare_unit		
AD	+	1	11	17	25	25	1	29	22	30	29	-1	-1	-1	-1	dead_nonsquare_unit		
AD	+	1	12	13	1	1	1	23	15	26	23	-1	-1	-1	-1	dead_nonsquare_unit		
AD	-	1	12	13	1	30	30	0	27	9	0	0	-1	1	0	dead_nonsquare_unit		
AD	-	1	12	13	30	1	30	0	27	9	0	0	-1	1	0	dead_nonsquare_unit		
AD	+	1	12	13	30	30	1	23	15	26	23	-1	-1	-1	-1	dead_nonsquare_unit		
AD	+	1	13	12	1	1	1	23	26	15	23	-1	-1	-1	-1	dead_nonsquare_unit		
AD	-	1	13	12	1	30	30	0	9	27	0	0	1	-1	0	dead_nonsquare_unit		
AD	-	1	13	12	30	1	30	0	9	27	0	0	1	-1	0	dead_nonsquare_unit		
AD	+	1	13	12	30	30	1	23	26	15	23	-1	-1	-1	-1	dead_nonsquare_unit		
AD	+	1	14	20	6	6	1	10	26	17	10	1	-1	-1	1	dead_nonsquare_unit		
AD	-	1	14	20	6	25	30	0	6	8	0	0	-1	1	0	dead_nonsquare_unit		
AD	-	1	14	20	25	6	30	0	6	8	0	0	-1	1	0	dead_nonsquare_unit		
AD	+	1	14	20	25	25	1	10	26	17	10	1	-1	-1	1	dead_nonsquare_unit		
AD	+	1	15	29	14	14	1	30	10	5	30	-1	1	1	-1	dead_nonsquare_unit		
AD	-	1	15	29	14	17	30	0	1	15	0	0	1	-1	0	dead_nonsquare_unit		
AD	-	1	15	29	17	14	30	0	1	15	0	0	1	-1	0	dead_nonsquare_unit		
AD	+	1	15	29	17	17	1	30	10	5	30	-1	1	1	-1	dead_nonsquare_unit		
AD	+	1	16	2	14	14	1	9	28	14	9	1	1	1	1	resolved_unit_square		
AD	-	1	16	2	14	17	30	0	1	15	0	0	1	-1	0	dead_nonsquare_unit		
AD	-	1	16	2	17	14	30	0	1	15	0	0	1	-1	0	dead_nonsquare_unit		
AD	+	1	16	2	17	17	1	9	28	14	9	1	1	1	1	resolved_unit_square		
AD	+	1	17	11	6	6	1	29	30	22	29	-1	-1	-1	-1	dead_nonsquare_unit		
AD	-	1	17	11	6	25	30	0	6	8	0	0	-1	1	0	dead_nonsquare_unit		
AD	-	1	17	11	25	6	30	0	6	8	0	0	-1	1	0	dead_nonsquare_unit		
AD	+	1	17	11	25	25	1	29	30	22	29	-1	-1	-1	-1	dead_nonsquare_unit		
AD	+	1	18	19	1	1	1	16	21	30	16	1	-1	-1	1	dead_nonsquare_unit		
AD	-	1	18	19	1	30	30	0	9	27	0	0	1	-1	0	dead_nonsquare_unit		
AD	-	1	18	19	30	1	30	0	9	27	0	0	1	-1	0	dead_nonsquare_unit		
AD	+	1	18	19	30	30	1	16	21	30	16	1	-1	-1	1	dead_nonsquare_unit		
AD	+	1	19	18	1	1	1	16	30	21	16	1	-1	-1	1	dead_nonsquare_unit		
AD	-	1	19	18	1	30	30	0	27	9	0	0	-1	1	0	dead_nonsquare_unit		
AD	-	1	19	18	30	1	30	0	27	9	0	0	-1	1	0	dead_nonsquare_unit		
AD	+	1	19	18	30	30	1	16	30	21	16	1	-1	-1	1	dead_nonsquare_unit		
AD	+	1	20	14	6	6	1	10	17	26	10	1	-1	-1	1	dead_nonsquare_unit		
AD	-	1	20	14	6	25	30	0	8	6	0	0	1	-1	0	dead_nonsquare_unit		
AD	-	1	20	14	25	6	30	0	8	6	0	0	1	-1	0	dead_nonsquare_unit		
AD	+	1	20	14	25	25	1	10	17	26	10	1	-1	-1	1	dead_nonsquare_unit		
AD	+	1	21	3	13	13	1	21	28	5	21	-1	1	1	-1	dead_nonsquare_unit		
AD	-	1	21	3	13	18	30	0	17	18	0	0	-1	1	0	dead_nonsquare_unit		
AD	-	1	21	3	18	13	30	0	17	18	0	0	-1	1	0	dead_nonsquare_unit		
AD	+	1	21	3	18	18	1	21	28	5	21	-1	1	1	-1	dead_nonsquare_unit		
AD	+	1	22	24	2	2	1	3	9	2	3	-1	1	1	-1	dead_nonsquare_unit		
AD	-	1	22	24	2	29	30	0	19	13	0	0	1	-1	0	dead_nonsquare_unit		
AD	-	1	22	24	29	2	30	0	19	13	0	0	1	-1	0	dead_nonsquare_unit		
AD	+	1	22	24	29	29	1	3	9	2	3	-1	1	1	-1	dead_nonsquare_unit		
AD	+	1	23	27	4	4	1	11	23	29	11	-1	-1	-1	-1	dead_nonsquare_unit		
AD	-	1	23	27	4	27	30	0	3	7	0	0	-1	1	0	dead_nonsquare_unit		
AD	-	1	23	27	27	4	30	0	3	7	0	0	-1	1	0	dead_nonsquare_unit		
AD	+	1	23	27	27	27	1	11	23	29	11	-1	-1	-1	-1	dead_nonsquare_unit		
AD	+	1	24	22	2	2	1	3	2	9	3	-1	1	1	-1	dead_nonsquare_unit		
AD	-	1	24	22	2	29	30	0	13	19	0	0	-1	1	0	dead_nonsquare_unit		
AD	-	1	24	22	29	2	30	0	13	19	0	0	-1	1	0	dead_nonsquare_unit		
AD	+	1	24	22	29	29	1	3	2	9	3	-1	1	1	-1	dead_nonsquare_unit		
AD	+	1	25	5	11	11	1	2	26	6	2	1	-1	-1	1	dead_nonsquare_unit		
AD	-	1	25	5	11	20	30	0	24	4	0	0	-1	1	0	dead_nonsquare_unit		
AD	-	1	25	5	20	11	30	0	24	4	0	0	-1	1	0	dead_nonsquare_unit		
AD	+	1	25	5	20	20	1	2	26	6	2	1	-1	-1	1	dead_nonsquare_unit		
AD	+	1	26	6	11	11	1	6	13	15	6	-1	-1	-1	-1	dead_nonsquare_unit		
AD	-	1	26	6	11	20	30	0	4	24	0	0	1	-1	0	dead_nonsquare_unit		
AD	-	1	26	6	20	11	30	0	4	24	0	0	1	-1	0	dead_nonsquare_unit		
AD	+	1	26	6	20	20	1	6	13	15	6	-1	-1	-1	-1	dead_nonsquare_unit		
AD	+	1	27	23	4	4	1	11	29	23	11	-1	-1	-1	-1	dead_nonsquare_unit		
AD	-	1	27	23	4	27	30	0	7	3	0	0	1	-1	0	dead_nonsquare_unit		
AD	-	1	27	23	27	4	30	0	7	3	0	0	1	-1	0	dead_nonsquare_unit		
AD	+	1	27	23	27	27	1	11	29	23	11	-1	-1	-1	-1	dead_nonsquare_unit		
AD	+	1	28	10	13	13	1	18	9	7	18	1	1	1	1	resolved_unit_square		
AD	-	1	28	10	13	18	30	0	18	17	0	0	1	-1	0	dead_nonsquare_unit		
AD	-	1	28	10	18	13	30	0	18	17	0	0	1	-1	0	dead_nonsquare_unit		
AD	+	1	28	10	18	18	1	18	9	7	18	1	1	1	1	resolved_unit_square		
AD	+	1	29	15	14	14	1	30	5	10	30	-1	1	1	-1	dead_nonsquare_unit		
AD	-	1	29	15	14	17	30	0	15	1	0	0	-1	1	0	dead_nonsquare_unit		
AD	-	1	29	15	17	14	30	0	15	1	0	0	-1	1	0	dead_nonsquare_unit		
AD	+	1	29	15	17	17	1	30	5	10	30	-1	1	1	-1	dead_nonsquare_unit		
BD	+	2	1	16	14	14	1	14	9	28	9	1	1	1	1	resolved_unit_square		
BD	-	2	1	16	14	17	30	15	0	1	0	-1	0	1	0	dead_nonsquare_unit		
BD	-	2	1	16	17	14	30	15	0	1	0	-1	0	1	0	dead_nonsquare_unit		
BD	+	2	1	16	17	17	1	14	9	28	9	1	1	1	1	resolved_unit_square		
BC	+	2	4	4	8	3	12	16	3	3	11	1	-1	-1	-1	dead_nonsquare_unit		
BC	+	2	4	4	8	28	19	24	14	14	23	-1	1	1	-1	dead_nonsquare_unit		
BC	+	2	4	4	23	3	19	24	14	14	23	-1	1	1	-1	dead_nonsquare_unit		
BC	+	2	4	4	23	28	12	16	3	3	11	1	-1	-1	-1	dead_nonsquare_unit		
CD	-	2	15	30	14	14	1	9	18	0	0	1	1	0	0	deep_zero_factor	10,10	1,1
CD	+	2	15	30	14	17	30	3	8	28	28	-1	1	1	1	dead_nonsquare_unit		
CD	+	2	15	30	17	14	30	3	8	28	28	-1	1	1	1	dead_nonsquare_unit		
CD	-	2	15	30	17	17	1	9	18	0	0	1	1	0	0	deep_zero_factor	10,10	1,1
CD	+	2	16	1	14	14	1	14	28	9	9	1	1	1	1	resolved_unit_square		
CD	-	2	16	1	14	17	30	15	1	0	0	-1	1	0	0	dead_nonsquare_unit		
CD	-	2	16	1	17	14	30	15	1	0	0	-1	1	0	0	dead_nonsquare_unit		
CD	+	2	16	1	17	17	1	14	28	9	9	1	1	1	1	resolved_unit_square		
BC	+	2	27	27	8	3	12	19	15	15	26	1	-1	-1	-1	dead_nonsquare_unit		
BC	+	2	27	27	8	28	19	13	1	1	30	-1	1	1	-1	dead_nonsquare_unit		
BC	+	2	27	27	23	3	19	13	1	1	30	-1	1	1	-1	dead_nonsquare_unit		
BC	+	2	27	27	23	28	12	19	15	15	26	1	-1	-1	-1	dead_nonsquare_unit		
BD	-	2	30	15	14	14	1	9	0	18	0	1	0	1	0	deep_zero_factor	10,10	1,1
BD	+	2	30	15	14	17	30	3	28	8	28	-1	1	1	1	dead_nonsquare_unit		
BD	+	2	30	15	17	14	30	3	28	8	28	-1	1	1	1	dead_nonsquare_unit		
BD	-	2	30	15	17	17	1	9	0	18	0	1	0	1	0	deep_zero_factor	10,10	1,1
BD	+	3	1	21	13	13	1	5	21	28	21	1	-1	1	-1	dead_nonsquare_unit		
BD	-	3	1	21	13	18	30	18	0	17	0	1	0	-1	0	dead_nonsquare_unit		
BD	-	3	1	21	18	13	30	18	0	17	0	1	0	-1	0	dead_nonsquare_unit		
BD	+	3	1	21	18	18	1	5	21	28	21	1	-1	1	-1	dead_nonsquare_unit		
CD	-	3	10	30	13	13	1	2	5	0	0	1	1	0	0	deep_zero_factor	25,25	1,1
CD	+	3	10	30	13	18	30	1	21	5	5	1	-1	1	1	dead_nonsquare_unit		
CD	+	3	10	30	18	13	30	1	21	5	5	1	-1	1	1	dead_nonsquare_unit		
CD	-	3	10	30	18	18	1	2	5	0	0	1	1	0	0	deep_zero_factor	25,25	1,1
CD	+	3	21	1	13	13	1	5	28	21	21	1	1	-1	-1	dead_nonsquare_unit		
CD	-	3	21	1	13	18	30	18	17	0	0	1	-1	0	0	dead_nonsquare_unit		
CD	-	3	21	1	18	13	30	18	17	0	0	1	-1	0	0	dead_nonsquare_unit		
CD	+	3	21	1	18	18	1	5	28	21	21	1	1	-1	-1	dead_nonsquare_unit		
BD	-	3	30	10	13	13	1	2	0	5	0	1	0	1	0	deep_zero_factor	25,25	1,1
BD	+	3	30	10	13	18	30	1	5	21	5	1	1	-1	1	dead_nonsquare_unit		
BD	+	3	30	10	18	13	30	1	5	21	5	1	1	-1	1	dead_nonsquare_unit		
BD	-	3	30	10	18	18	1	2	0	5	0	1	0	1	0	deep_zero_factor	25,25	1,1
BD	+	4	1	8	4	4	1	22	28	26	28	-1	1	-1	1	dead_nonsquare_unit		
BD	-	4	1	8	4	27	30	7	0	3	0	1	0	-1	0	dead_nonsquare_unit		
BD	-	4	1	8	27	4	30	7	0	3	0	1	0	-1	0	dead_nonsquare_unit		
BD	+	4	1	8	27	27	1	22	28	26	28	-1	1	-1	1	dead_nonsquare_unit		
AC	+	4	2	4	8	3	12	3	16	3	11	-1	1	-1	-1	dead_nonsquare_unit		
AC	+	4	2	4	8	28	19	14	24	14	23	1	-1	1	-1	dead_nonsquare_unit		
AC	+	4	2	4	23	3	19	14	24	14	23	1	-1	1	-1	dead_nonsquare_unit		
AC	+	4	2	4	23	28	12	3	16	3	11	-1	1	-1	-1	dead_nonsquare_unit		
AB	+	4	4	2	8	3	12	3	3	16	11	-1	-1	1	-1	dead_nonsquare_unit		
AB	+	4	4	2	8	28	19	14	14	24	23	1	1	-1	-1	dead_nonsquare_unit		
AB	+	4	4	2	23	3	19	14	14	24	23	1	1	-1	-1	dead_nonsquare_unit		
AB	+	4	4	2	23	28	12	3	3	16	11	-1	-1	1	-1	dead_nonsquare_unit		
CD	+	4	8	1	4	4	1	22	26	28	28	-1	-1	1	1	dead_nonsquare_unit		
CD	-	4	8	1	4	27	30	7	3	0	0	1	-1	0	0	dead_nonsquare_unit		
CD	-	4	8	1	27	4	30	7	3	0	0	1	-1	0	0	dead_nonsquare_unit		
CD	+	4	8	1	27	27	1	22	26	28	28	-1	-1	1	1	dead_nonsquare_unit		
CD	-	4	23	30	4	4	1	8	1	0	0	1	1	0	0	deep_zero_factor	4,4	1,1
CD	+	4	23	30	4	27	30	11	19	8	8	-1	1	1	1	dead_nonsquare_unit		
CD	+	4	23	30	27	4	30	11	19	8	8	-1	1	1	1	dead_nonsquare_unit		
CD	-	4	23	30	27	27	1	8	1	0	0	1	1	0	0	deep_zero_factor	4,4	1,1
AB	-	4	27	29	8	3	12	0	0	23	15	0	0	-1	-1	dead_nonsquare_unit		
AB	-	4	27	29	8	28	19	0	0	5	21	0	0	1	-1	dead_nonsquare_unit		
AB	-	4	27	29	23	3	19	0	0	5	21	0	0	1	-1	dead_nonsquare_unit		
AB	-	4	27	29	23	28	12	0	0	23	15	0	0	-1	-1	dead_nonsquare_unit		
AC	-	4	29	27	8	3	12	0	23	0	15	0	-1	0	-1	dead_nonsquare_unit		
AC	-	4	29	27	8	28	19	0	5	0	21	0	1	0	-1	dead_nonsquare_unit		
AC	-	4	29	27	23	3	19	0	5	0	21	0	1	0	-1	dead_nonsquare_unit		
AC	-	4	29	27	23	28	12	0	23	0	15	0	-1	0	-1	dead_nonsquare_unit		
BD	-	4	30	23	4	4	1	8	0	1	0	1	0	1	0	deep_zero_factor	4,4	1,1
BD	+	4	30	23	4	27	30	11	8	19	8	-1	1	1	1	dead_nonsquare_unit		
BD	+	4	30	23	27	4	30	11	8	19	8	-1	1	1	1	dead_nonsquare_unit		
BD	-	4	30	23	27	27	1	8	0	1	0	1	0	1	0	deep_zero_factor	4,4	1,1
BD	+	5	1	25	11	11	1	6	2	26	2	-1	1	-1	1	dead_nonsquare_unit		
BD	-	5	1	25	11	20	30	4	0	24	0	1	0	-1	0	dead_nonsquare_unit		
BD	-	5	1	25	20	11	30	4	0	24	0	1	0	-1	0	dead_nonsquare_unit		
BD	+	5	1	25	20	20	1	6	2	26	2	-1	1	-1	1	dead_nonsquare_unit		
CD	-	5	6	30	11	11	1	18	16	0	0	1	1	0	0	deep_zero_factor	7,7	1,1
CD	+	5	6	30	11	20	30	12	7	9	9	-1	1	1	1	dead_nonsquare_unit		
CD	+	5	6	30	20	11	30	12	7	9	9	-1	1	1	1	dead_nonsquare_unit		
CD	-	5	6	30	20	20	1	18	16	0	0	1	1	0	0	deep_zero_factor	7,7	1,1
CD	+	5	25	1	11	11	1	6	26	2	2	-1	-1	1	1	dead_nonsquare_unit		
CD	-	5	25	1	11	20	30	4	24	0	0	1	-1	0	0	dead_nonsquare_unit		
CD	-	5	25	1	20	11	30	4	24	0	0	1	-1	0	0	dead_nonsquare_unit		
CD	+	5	25	1	20	20	1	6	26	2	2	-1	-1	1	1	dead_nonsquare_unit		
BD	-	5	30	6	11	11	1	18	0	16	0	1	0	1	0	deep_zero_factor	7,7	1,1
BD	+	5	30	6	11	20	30	12	9	7	9	-1	1	1	1	dead_nonsquare_unit		
BD	+	5	30	6	20	11	30	12	9	7	9	-1	1	1	1	dead_nonsquare_unit		
BD	-	5	30	6	20	20	1	18	0	16	0	1	0	1	0	deep_zero_factor	7,7	1,1
BD	+	6	1	26	11	11	1	15	6	13	6	-1	-1	-1	-1	dead_nonsquare_unit		
BD	-	6	1	26	11	20	30	24	0	4	0	-1	0	1	0	dead_nonsquare_unit		
BD	-	6	1	26	20	11	30	24	0	4	0	-1	0	1	0	dead_nonsquare_unit		
BD	+	6	1	26	20	20	1	15	6	13	6	-1	-1	-1	-1	dead_nonsquare_unit		
CD	-	6	5	30	11	11	1	16	18	0	0	1	1	0	0	deep_zero_factor	7,7	1,1
CD	+	6	5	30	11	20	30	7	12	9	9	1	-1	1	1	dead_nonsquare_unit		
CD	+	6	5	30	20	11	30	7	12	9	9	1	-1	1	1	dead_nonsquare_unit		
CD	-	6	5	30	20	20	1	16	18	0	0	1	1	0	0	deep_zero_factor	7,7	1,1
CD	+	6	26	1	11	11	1	15	13	6	6	-1	-1	-1	-1	dead_nonsquare_unit		
CD	-	6	26	1	11	20	30	24	4	0	0	-1	1	0	0	dead_nonsquare_unit		
CD	-	6	26	1	20	11	30	24	4	0	0	-1	1	0	0	dead_nonsquare_unit		
CD	+	6	26	1	20	20	1	15	13	6	6	-1	-1	-1	-1	dead_nonsquare_unit		
BD	-	6	30	5	11	11	1	16	0	18	0	1	0	1	0	deep_zero_factor	7,7	1,1
BD	+	6	30	5	11	20	30	7	9	12	9	1	1	-1	1	dead_nonsquare_unit		
BD	+	6	30	5	20	11	30	7	9	12	9	1	1	-1	1	dead_nonsquare_unit		
BD	-	6	30	5	20	20	1	16	0	18	0	1	0	1	0	deep_zero_factor	7,7	1,1
BD	+	7	1	9	2	2	1	7	5	16	5	1	1	1	1	resolved_unit_square		
BD	-	7	1	9	2	29	30	13	0	19	0	-1	0	1	0	dead_nonsquare_unit		
BD	-	7	1	9	29	2	30	13	0	19	0	-1	0	1	0	dead_nonsquare_unit		
BD	+	7	1	9	29	29	1	7	5	16	5	1	1	1	1	resolved_unit_square		
CD	+	7	9	1	2	2	1	7	16	5	5	1	1	1	1	resolved_unit_square		
CD	-	7	9	1	2	29	30	13	19	0	0	-1	1	0	0	dead_nonsquare_unit		
CD	-	7	9	1	29	2	30	13	19	0	0	-1	1	0	0	dead_nonsquare_unit		
CD	+	7	9	1	29	29	1	7	16	5	5	1	1	1	1	resolved_unit_square		
CD	-	7	22	30	2	2	1	10	14	0	0	1	1	0	0	deep_zero_factor	8,8	1,1
CD	+	7	22	30	2	29	30	23	2	4	4	-1	1	1	1	dead_nonsquare_unit		
CD	+	7	22	30	29	2	30	23	2	4	4	-1	1	1	1	dead_nonsquare_unit		
CD	-	7	22	30	29	29	1	10	14	0	0	1	1	0	0	deep_zero_factor	8,8	1,1
BD	-	7	30	22	2	2	1	10	0	14	0	1	0	1	0	deep_zero_factor	8,8	1,1
BD	+	7	30	22	2	29	30	23	4	2	4	-1	1	1	1	dead_nonsquare_unit		
BD	+	7	30	22	29	2	30	23	4	2	4	-1	1	1	1	dead_nonsquare_unit		
BD	-	7	30	22	29	29	1	10	0	14	0	1	0	1	0	deep_zero_factor	8,8	1,1
BD	+	8	1	4	4	4	1	26	28	22	28	-1	1	-1	1	dead_nonsquare_unit		
BD	-	8	1	4	4	27	30	3	0	7	0	-1	0	1	0	dead_nonsquare_unit		
BD	-	8	1	4	27	4	30	3	0	7	0	-1	0	1	0	dead_nonsquare_unit		
BD	+	8	1	4	27	27	1	26	28	22	28	-1	1	-1	1	dead_nonsquare_unit		
CD	+	8	4	1	4	4	1	26	22	28	28	-1	-1	1	1	dead_nonsquare_unit		
CD	-	8	4	1	4	27	30	3	7	0	0	-1	1	0	0	dead_nonsquare_unit		
CD	-	8	4	1	27	4	30	3	7	0	0	-1	1	0	0	dead_nonsquare_unit		
CD	+	8	4	1	27	27	1	26	22	28	28	-1	-1	1	1	dead_nonsquare_unit		
AB	+	8	8	16	3	8	13	1	1	13	4	1	1	-1	1	dead_nonsquare_unit		
AB	+	8	8	16	3	23	18	16	16	27	17	1	1	-1	-1	dead_nonsquare_unit		
AB	+	8	8	16	28	8	18	16	16	27	17	1	1	-1	-1	dead_nonsquare_unit		
AB	+	8	8	16	28	23	13	1	1	13	4	1	1	-1	1	dead_nonsquare_unit		
AC	-	8	15	23	3	8	13	0	9	0	28	0	1	0	1	deep_zero_factor	9,29	1,-1
AC	-	8	15	23	3	23	18	0	25	0	29	0	1	0	-1	dead_nonsquare_unit		
AC	-	8	15	23	28	8	18	0	25	0	29	0	1	0	-1	dead_nonsquare_unit		
AC	-	8	15	23	28	23	13	0	9	0	28	0	1	0	1	deep_zero_factor	9,29	1,-1
AC	+	8	16	8	3	8	13	1	13	1	4	1	-1	1	1	dead_nonsquare_unit		
AC	+	8	16	8	3	23	18	16	27	16	17	1	-1	1	-1	dead_nonsquare_unit		
AC	+	8	16	8	28	8	18	16	27	16	17	1	-1	1	-1	dead_nonsquare_unit		
AC	+	8	16	8	28	23	13	1	13	1	4	1	-1	1	1	dead_nonsquare_unit		
AB	-	8	23	15	3	8	13	0	0	9	28	0	0	1	1	deep_zero_factor	9,29	1,-1
AB	-	8	23	15	3	23	18	0	0	25	29	0	0	1	-1	dead_nonsquare_unit		
AB	-	8	23	15	28	8	18	0	0	25	29	0	0	1	-1	dead_nonsquare_unit		
AB	-	8	23	15	28	23	13	0	0	9	28	0	0	1	1	deep_zero_factor	9,29	1,-1
CD	-	8	27	30	4	4	1	1	8	0	0	1	1	0	0	deep_zero_factor	27,27	-1,-1
CD	+	8	27	30	4	27	30	18	3	23	23	1	-1	-1	-1	dead_nonsquare_unit		
CD	+	8	27	30	27	4	30	18	3	23	23	1	-1	-1	-1	dead_nonsquare_unit		
CD	-	8	27	30	27	27	1	1	8	0	0	1	1	0	0	deep_zero_factor	27,27	-1,-1
BD	-	8	30	27	4	4	1	1	0	8	0	1	0	1	0	deep_zero_factor	27,27	-1,-1
BD	+	8	30	27	4	27	30	18	23	3	23	1	-1	-1	-1	dead_nonsquare_unit		
BD	+	8	30	27	27	4	30	18	23	3	23	1	-1	-1	-1	dead_nonsquare_unit		
BD	-	8	30	27	27	27	1	1	0	8	0	1	0	1	0	deep_zero_factor	27,27	-1,-1
BD	+	9	1	7	2	2	1	16	5	7	5	1	1	1	1	resolved_unit_square		
BD	-	9	1	7	2	29	30	19	0	13	0	1	0	-1	0	dead_nonsquare_unit		
BD	-	9	1	7	29	2	30	19	0	13	0	1	0	-1	0	dead_nonsquare_unit		
BD	+	9	1	7	29	29	1	16	5	7	5	1	1	1	1	resolved_unit_square		
CD	+	9	7	1	2	2	1	16	7	5	5	1	1	1	1	resolved_unit_square		
CD	-	9	7	1	2	29	30	19	13	0	0	1	-1	0	0	dead_nonsquare_unit		
CD	-	9	7	1	29	2	30	19	13	0	0	1	-1	0	0	dead_nonsquare_unit		
CD	+	9	7	1	29	29	1	16	7	5	5	1	1	1	1	resolved_unit_square		
CD	-	9	24	30	2	2	1	14	10	0	0	1	1	0	0	deep_zero_factor	23,23	-1,-1
CD	+	9	24	30	2	29	30	5	3	27	27	1	-1	-1	-1	dead_nonsquare_unit		
CD	+	9	24	30	29	2	30	5	3	27	27	1	-1	-1	-1	dead_nonsquare_unit		
CD	-	9	24	30	29	29	1	14	10	0	0	1	1	0	0	deep_zero_factor	23,23	-1,-1
BD	-	9	30	24	2	2	1	14	0	10	0	1	0	1	0	deep_zero_factor	23,23	-1,-1
BD	+	9	30	24	2	29	30	5	27	3	27	1	-1	-1	-1	dead_nonsquare_unit		
BD	+	9	30	24	29	2	30	5	27	3	27	1	-1	-1	-1	dead_nonsquare_unit		
BD	-	9	30	24	29	29	1	14	0	10	0	1	0	1	0	deep_zero_factor	23,23	-1,-1
BD	+	10	1	28	13	13	1	7	18	9	18	1	1	1	1	resolved_unit_square		
BD	-	10	1	28	13	18	30	17	0	18	0	-1	0	1	0	dead_nonsquare_unit		
BD	-	10	1	28	18	13	30	17	0	18	0	-1	0	1	0	dead_nonsquare_unit		
BD	+	10	1	28	18	18	1	7	18	9	18	1	1	1	1	resolved_unit_square		
CD	-	10	3	30	13	13	1	5	2	0	0	1	1	0	0	deep_zero_factor	25,25	1,1
CD	+	10	3	30	13	18	30	21	1	5	5	-1	1	1	1	dead_nonsquare_unit		
CD	+	10	3	30	18	13	30	21	1	5	5	-1	1	1	1	dead_nonsquare_unit		
CD	-	10	3	30	18	18	1	5	2	0	0	1	1	0	0	deep_zero_factor	25,25	1,1
CD	+	10	28	1	13	13	1	7	9	18	18	1	1	1	1	resolved_unit_square		
CD	-	10	28	1	13	18	30	17	18	0	0	-1	1	0	0	dead_nonsquare_unit		
CD	-	10	28	1	18	13	30	17	18	0	0	-1	1	0	0	dead_nonsquare_unit		
CD	+	10	28	1	18	18	1	7	9	18	18	1	1	1	1	resolved_unit_square		
BD	-	10	30	3	13	13	1	5	0	2	0	1	0	1	0	deep_zero_factor	25,25	1,1
BD	+	10	30	3	13	18	30	21	5	1	5	-1	1	1	1	dead_nonsquare_unit		
BD	+	10	30	3	18	13	30	21	5	1	5	-1	1	1	1	dead_nonsquare_unit		
BD	-	10	30	3	18	18	1	5	0	2	0	1	0	1	0	deep_zero_factor	25,25	1,1
BD	+	11	1	17	6	6	1	22	29	30	29	-1	-1	-1	-1	dead_nonsquare_unit		
BD	-	11	1	17	6	25	30	8	0	6	0	1	0	-1	0	dead_nonsquare_unit		
BD	-	11	1	17	25	6	30	8	0	6	0	1	0	-1	0	dead_nonsquare_unit		
BD	+	11	1	17	25	25	1	22	29	30	29	-1	-1	-1	-1	dead_nonsquare_unit		
CD	-	11	14	30	6	6	1	16	19	0	0	1	1	0	0	deep_zero_factor	13,13	-1,-1
CD	+	11	14	30	6	25	30	3	2	12	12	-1	1	-1	-1	dead_nonsquare_unit		
CD	+	11	14	30	25	6	30	3	2	12	12	-1	1	-1	-1	dead_nonsquare_unit		
CD	-	11	14	30	25	25	1	16	19	0	0	1	1	0	0	deep_zero_factor	13,13	-1,-1
CD	+	11	17	1	6	6	1	22	30	29	29	-1	-1	-1	-1	dead_nonsquare_unit		
CD	-	11	17	1	6	25	30	8	6	0	0	1	-1	0	0	dead_nonsquare_unit		
CD	-	11	17	1	25	6	30	8	6	0	0	1	-1	0	0	dead_nonsquare_unit		
CD	+	11	17	1	25	25	1	22	30	29	29	-1	-1	-1	-1	dead_nonsquare_unit		
BD	-	11	30	14	6	6	1	16	0	19	0	1	0	1	0	deep_zero_factor	13,13	-1,-1
BD	+	11	30	14	6	25	30	3	12	2	12	-1	-1	1	-1	dead_nonsquare_unit		
BD	+	11	30	14	25	6	30	3	12	2	12	-1	-1	1	-1	dead_nonsquare_unit		
BD	-	11	30	14	25	25	1	16	0	19	0	1	0	1	0	deep_zero_factor	13,13	-1,-1
BD	+	12	1	13	1	1	1	15	23	26	23	-1	-1	-1	-1	dead_nonsquare_unit		
BD	-	12	1	13	1	30	30	27	0	9	0	-1	0	1	0	dead_nonsquare_unit		
BD	-	12	1	13	30	1	30	27	0	9	0	-1	0	1	0	dead_nonsquare_unit		
BD	+	12	1	13	30	30	1	15	23	26	23	-1	-1	-1	-1	dead_nonsquare_unit		
CD	+	12	13	1	1	1	1	15	26	23	23	-1	-1	-1	-1	dead_nonsquare_unit		
CD	-	12	13	1	1	30	30	27	9	0	0	-1	1	0	0	dead_nonsquare_unit		
CD	-	12	13	1	30	1	30	27	9	0	0	-1	1	0	0	dead_nonsquare_unit		
CD	+	12	13	1	30	30	1	15	26	23	23	-1	-1	-1	-1	dead_nonsquare_unit		
CD	-	12	18	30	1	1	1	20	14	0	0	1	1	0	0	deep_zero_factor	16,16	1,1
CD	+	12	18	30	1	30	30	5	6	2	2	1	-1	1	1	dead_nonsquare_unit		
CD	+	12	18	30	30	1	30	5	6	2	2	1	-1	1	1	dead_nonsquare_unit		
CD	-	12	18	30	30	30	1	20	14	0	0	1	1	0	0	deep_zero_factor	16,16	1,1
BD	-	12	30	18	1	1	1	20	0	14	0	1	0	1	0	deep_zero_factor	16,16	1,1
BD	+	12	30	18	1	30	30	5	2	6	2	1	1	-1	1	dead_nonsquare_unit		
BD	+	12	30	18	30	1	30	5	2	6	2	1	1	-1	1	dead_nonsquare_unit		
BD	-	12	30	18	30	30	1	20	0	14	0	1	0	1	0	deep_zero_factor	16,16	1,1
BD	+	13	1	12	1	1	1	26	23	15	23	-1	-1	-1	-1	dead_nonsquare_unit		
BD	-	13	1	12	1	30	30	9	0	27	0	1	0	-1	0	dead_nonsquare_unit		
BD	-	13	1	12	30	1	30	9	0	27	0	1	0	-1	0	dead_nonsquare_unit		
BD	+	13	1	12	30	30	1	26	23	15	23	-1	-1	-1	-1	dead_nonsquare_unit		
CD	+	13	12	1	1	1	1	26	15	23	23	-1	-1	-1	-1	dead_nonsquare_unit		
CD	-	13	12	1	1	30	30	9	27	0	0	1	-1	0	0	dead_nonsquare_unit		
CD	-	13	12	1	30	1	30	9	27	0	0	1	-1	0	0	dead_nonsquare_unit		
CD	+	13	12	1	30	30	1	26	15	23	23	-1	-1	-1	-1	dead_nonsquare_unit		
CD	-	13	19	30	1	1	1	14	20	0	0	1	1	0	0	deep_zero_factor	15,15	-1,-1
CD	+	13	19	30	1	30	30	12	18	29	29	-1	1	-1	-1	dead_nonsquare_unit		
CD	+	13	19	30	30	1	30	12	18	29	29	-1	1	-1	-1	dead_nonsquare_unit		
CD	-	13	19	30	30	30	1	14	20	0	0	1	1	0	0	deep_zero_factor	15,15	-1,-1
BD	-	13	30	19	1	1	1	14	0	20	0	1	0	1	0	deep_zero_factor	15,15	-1,-1
BD	+	13	30	19	1	30	30	12	29	18	29	-1	-1	1	-1	dead_nonsquare_unit		
BD	+	13	30	19	30	1	30	12	29	18	29	-1	-1	1	-1	dead_nonsquare_unit		
BD	-	13	30	19	30	30	1	14	0	20	0	1	0	1	0	deep_zero_factor	15,15	-1,-1
BD	+	14	1	20	6	6	1	26	10	17	10	-1	1	-1	1	dead_nonsquare_unit		
BD	-	14	1	20	6	25	30	6	0	8	0	-1	0	1	0	dead_nonsquare_unit		
BD	-	14	1	20	25	6	30	6	0	8	0	-1	0	1	0	dead_nonsquare_unit		
BD	+	14	1	20	25	25	1	26	10	17	10	-1	1	-1	1	dead_nonsquare_unit		
CD	-	14	11	30	6	6	1	19	16	0	0	1	1	0	0	deep_zero_factor	13,13	-1,-1
CD	+	14	11	30	6	25	30	2	3	12	12	1	-1	-1	-1	dead_nonsquare_unit		
CD	+	14	11	30	25	6	30	2	3	12	12	1	-1	-1	-1	dead_nonsquare_unit		
CD	-	14	11	30	25	25	1	19	16	0	0	1	1	0	0	deep_zero_factor	13,13	-1,-1
CD	+	14	20	1	6	6	1	26	17	10	10	-1	-1	1	1	dead_nonsquare_unit		
CD	-	14	20	1	6	25	30	6	8	0	0	-1	1	0	0	dead_nonsquare_unit		
CD	-	14	20	1	25	6	30	6	8	0	0	-1	1	0	0	dead_nonsquare_unit		
CD	+	14	20	1	25	25	1	26	17	10	10	-1	-1	1	1	dead_nonsquare_unit		
BD	-	14	30	11	6	6	1	19	0	16	0	1	0	1	0	deep_zero_factor	13,13	-1,-1
BD	+	14	30	11	6	25	30	2	12	3	12	1	-1	-1	-1	dead_nonsquare_unit		
BD	+	14	30	11	25	6	30	2	12	3	12	1	-1	-1	-1	dead_nonsquare_unit		
BD	-	14	30	11	25	25	1	19	0	16	0	1	0	1	0	deep_zero_factor	13,13	-1,-1
BD	+	15	1	29	14	14	1	10	30	5	30	1	-1	1	-1	dead_nonsquare_unit		
BD	-	15	1	29	14	17	30	1	0	15	0	1	0	-1	0	dead_nonsquare_unit		
BD	-	15	1	29	17	14	30	1	0	15	0	1	0	-1	0	dead_nonsquare_unit		
BD	+	15	1	29	17	17	1	10	30	5	30	1	-1	1	-1	dead_nonsquare_unit		
CD	-	15	2	30	14	14	1	18	9	0	0	1	1	0	0	deep_zero_factor	10,10	1,1
CD	+	15	2	30	14	17	30	8	3	28	28	1	-1	1	1	dead_nonsquare_unit		
CD	+	15	2	30	17	14	30	8	3	28	28	1	-1	1	1	dead_nonsquare_unit		
CD	-	15	2	30	17	17	1	18	9	0	0	1	1	0	0	deep_zero_factor	10,10	1,1
BC	-	15	8	23	3	8	13	9	0	0	28	1	0	0	1	deep_zero_factor	9,29	1,-1
BC	-	15	8	23	3	23	18	25	0	0	29	1	0	0	-1	dead_nonsquare_unit		
BC	-	15	8	23	28	8	18	25	0	0	29	1	0	0	-1	dead_nonsquare_unit		
BC	-	15	8	23	28	23	13	9	0	0	28	1	0	0	1	deep_zero_factor	9,29	1,-1
BC	-	15	23	8	3	8	13	9	0	0	28	1	0	0	1	deep_zero_factor	2,22	1,-1
BC	-	15	23	8	3	23	18	25	0	0	29	1	0	0	-1	dead_nonsquare_unit		
BC	-	15	23	8	28	8	18	25	0	0	29	1	0	0	-1	dead_nonsquare_unit		
BC	-	15	23	8	28	23	13	9	0	0	28	1	0	0	1	deep_zero_factor	2,22	1,-1
CD	+	15	29	1	14	14	1	10	5	30	30	1	1	-1	-1	dead_nonsquare_unit		
CD	-	15	29	1	14	17	30	1	15	0	0	1	-1	0	0	dead_nonsquare_unit		
CD	-	15	29	1	17	14	30	1	15	0	0	1	-1	0	0	dead_nonsquare_unit		
CD	+	15	29	1	17	17	1	10	5	30	30	1	1	-1	-1	dead_nonsquare_unit		
BD	-	15	30	2	14	14	1	18	0	9	0	1	0	1	0	deep_zero_factor	10,10	1,1
BD	+	15	30	2	14	17	30	8	28	3	28	1	1	-1	1	dead_nonsquare_unit		
BD	+	15	30	2	17	14	30	8	28	3	28	1	1	-1	1	dead_nonsquare_unit		
BD	-	15	30	2	17	17	1	18	0	9	0	1	0	1	0	deep_zero_factor	10,10	1,1
BD	+	16	1	2	14	14	1	28	9	14	9	1	1	1	1	resolved_unit_square		
BD	-	16	1	2	14	17	30	1	0	15	0	1	0	-1	0	dead_nonsquare_unit		
BD	-	16	1	2	17	14	30	1	0	15	0	1	0	-1	0	dead_nonsquare_unit		
BD	+	16	1	2	17	17	1	28	9	14	9	1	1	1	1	resolved_unit_square		
CD	+	16	2	1	14	14	1	28	14	9	9	1	1	1	1	resolved_unit_square		
CD	-	16	2	1	14	17	30	1	15	0	0	1	-1	0	0	dead_nonsquare_unit		
CD	-	16	2	1	17	14	30	1	15	0	0	1	-1	0	0	dead_nonsquare_unit		
CD	+	16	2	1	17	17	1	28	14	9	9	1	1	1	1	resolved_unit_square		
BC	+	16	8	8	3	8	13	13	1	1	4	-1	1	1	1	dead_nonsquare_unit		
BC	+	16	8	8	3	23	18	27	16	16	17	-1	1	1	-1	dead_nonsquare_unit		
BC	+	16	8	8	28	8	18	27	16	16	17	-1	1	1	-1	dead_nonsquare_unit		
BC	+	16	8	8	28	23	13	13	1	1	4	-1	1	1	1	dead_nonsquare_unit		
BC	+	16	23	23	3	8	13	29	5	5	1	-1	1	1	1	dead_nonsquare_unit		
BC	+	16	23	23	3	23	18	3	10	10	6	-1	1	1	-1	dead_nonsquare_unit		
BC	+	16	23	23	28	8	18	3	10	10	6	-1	1	1	-1	dead_nonsquare_unit		
BC	+	16	23	23	28	23	13	29	5	5	1	-1	1	1	1	dead_nonsquare_unit		
CD	-	16	29	30	14	14	1	18	9	0	0	1	1	0	0	deep_zero_factor	21,21	-1,-1
CD	+	16	29	30	14	17	30	25	27	3	3	1	-1	-1	-1	dead_nonsquare_unit		
CD	+	16	29	30	17	14	30	25	27	3	3	1	-1	-1	-1	dead_nonsquare_unit		
CD	-	16	29	30	17	17	1	18	9	0	0	1	1	0	0	deep_zero_factor	21,21	-1,-1
BD	-	16	30	29	14	14	1	18	0	9	0	1	0	1	0	deep_zero_factor	21,21	-1,-1
BD	+	16	30	29	14	17	30	25	3	27	3	1	-1	-1	-1	dead_nonsquare_unit		
BD	+	16	30	29	17	14	30	25	3	27	3	1	-1	-1	-1	dead_nonsquare_unit		
BD	-	16	30	29	17	17	1	18	0	9	0	1	0	1	0	deep_zero_factor	21,21	-1,-1
BD	+	17	1	11	6	6	1	30	29	22	29	-1	-1	-1	-1	dead_nonsquare_unit		
BD	-	17	1	11	6	25	30	6	0	8	0	-1	0	1	0	dead_nonsquare_unit		
BD	-	17	1	11	25	6	30	6	0	8	0	-1	0	1	0	dead_nonsquare_unit		
BD	+	17	1	11	25	25	1	30	29	22	29	-1	-1	-1	-1	dead_nonsquare_unit		
CD	+	17	11	1	6	6	1	30	22	29	29	-1	-1	-1	-1	dead_nonsquare_unit		
CD	-	17	11	1	6	25	30	6	8	0	0	-1	1	0	0	dead_nonsquare_unit		
CD	-	17	11	1	25	6	30	6	8	0	0	-1	1	0	0	dead_nonsquare_unit		
CD	+	17	11	1	25	25	1	30	22	29	29	-1	-1	-1	-1	dead_nonsquare_unit		
CD	-	17	20	30	6	6	1	19	16	0	0	1	1	0	0	deep_zero_factor	18,18	1,1
CD	+	17	20	30	6	25	30	10	13	19	19	1	-1	1	1	dead_nonsquare_unit		
CD	+	17	20	30	25	6	30	10	13	19	19	1	-1	1	1	dead_nonsquare_unit		
CD	-	17	20	30	25	25	1	19	16	0	0	1	1	0	0	deep_zero_factor	18,18	1,1
BD	-	17	30	20	6	6	1	19	0	16	0	1	0	1	0	deep_zero_factor	18,18	1,1
BD	+	17	30	20	6	25	30	10	19	13	19	1	1	-1	1	dead_nonsquare_unit		
BD	+	17	30	20	25	6	30	10	19	13	19	1	1	-1	1	dead_nonsquare_unit		
BD	-	17	30	20	25	25	1	19	0	16	0	1	0	1	0	deep_zero_factor	18,18	1,1
BD	+	18	1	19	1	1	1	21	16	30	16	-1	1	-1	1	dead_nonsquare_unit		
BD	-	18	1	19	1	30	30	9	0	27	0	1	0	-1	0	dead_nonsquare_unit		
BD	-	18	1	19	30	1	30	9	0	27	0	1	0	-1	0	dead_nonsquare_unit		
BD	+	18	1	19	30	30	1	21	16	30	16	-1	1	-1	1	dead_nonsquare_unit		
CD	-	18	12	30	1	1	1	14	20	0	0	1	1	0	0	deep_zero_factor	16,16	1,1
CD	+	18	12	30	1	30	30	6	5	2	2	-1	1	1	1	dead_nonsquare_unit		
CD	+	18	12	30	30	1	30	6	5	2	2	-1	1	1	1	dead_nonsquare_unit		
CD	-	18	12	30	30	30	1	14	20	0	0	1	1	0	0	deep_zero_factor	16,16	1,1
CD	+	18	19	1	1	1	1	21	30	16	16	-1	-1	1	1	dead_nonsquare_unit		
CD	-	18	19	1	1	30	30	9	27	0	0	1	-1	0	0	dead_nonsquare_unit		
CD	-	18	19	1	30	1	30	9	27	0	0	1	-1	0	0	dead_nonsquare_unit		
CD	+	18	19	1	30	30	1	21	30	16	16	-1	-1	1	1	dead_nonsquare_unit		
BD	-	18	30	12	1	1	1	14	0	20	0	1	0	1	0	deep_zero_factor	16,16	1,1
BD	+	18	30	12	1	30	30	6	2	5	2	-1	1	1	1	dead_nonsquare_unit		
BD	+	18	30	12	30	1	30	6	2	5	2	-1	1	1	1	dead_nonsquare_unit		
BD	-	18	30	12	30	30	1	14	0	20	0	1	0	1	0	deep_zero_factor	16,16	1,1
BD	+	19	1	18	1	1	1	30	16	21	16	-1	1	-1	1	dead_nonsquare_unit		
BD	-	19	1	18	1	30	30	27	0	9	0	-1	0	1	0	dead_nonsquare_unit		
BD	-	19	1	18	30	1	30	27	0	9	0	-1	0	1	0	dead_nonsquare_unit		
BD	+	19	1	18	30	30	1	30	16	21	16	-1	1	-1	1	dead_nonsquare_unit		
CD	-	19	13	30	1	1	1	20	14	0	0	1	1	0	0	deep_zero_factor	15,15	-1,-1
CD	+	19	13	30	1	30	30	18	12	29	29	1	-1	-1	-1	dead_nonsquare_unit		
CD	+	19	13	30	30	1	30	18	12	29	29	1	-1	-1	-1	dead_nonsquare_unit		
CD	-	19	13	30	30	30	1	20	14	0	0	1	1	0	0	deep_zero_factor	15,15	-1,-1
CD	+	19	18	1	1	1	1	30	21	16	16	-1	-1	1	1	dead_nonsquare_unit		
CD	-	19	18	1	1	30	30	27	9	0	0	-1	1	0	0	dead_nonsquare_unit		
CD	-	19	18	1	30	1	30	27	9	0	0	-1	1	0	0	dead_nonsquare_unit		
CD	+	19	18	1	30	30	1	30	21	16	16	-1	-1	1	1	dead_nonsquare_unit		
BD	-	19	30	13	1	1	1	20	0	14	0	1	0	1	0	deep_zero_factor	15,15	-1,-1
BD	+	19	30	13	1	30	30	18	29	12	29	1	-1	-1	-1	dead_nonsquare_unit		
BD	+	19	30	13	30	1	30	18	29	12	29	1	-1	-1	-1	dead_nonsquare_unit		
BD	-	19	30	13	30	30	1	20	0	14	0	1	0	1	0	deep_zero_factor	15,15	-1,-1
BD	+	20	1	14	6	6	1	17	10	26	10	-1	1	-1	1	dead_nonsquare_unit		
BD	-	20	1	14	6	25	30	8	0	6	0	1	0	-1	0	dead_nonsquare_unit		
BD	-	20	1	14	25	6	30	8	0	6	0	1	0	-1	0	dead_nonsquare_unit		
BD	+	20	1	14	25	25	1	17	10	26	10	-1	1	-1	1	dead_nonsquare_unit		
CD	+	20	14	1	6	6	1	17	26	10	10	-1	-1	1	1	dead_nonsquare_unit		
CD	-	20	14	1	6	25	30	8	6	0	0	1	-1	0	0	dead_nonsquare_unit		
CD	-	20	14	1	25	6	30	8	6	0	0	1	-1	0	0	dead_nonsquare_unit		
CD	+	20	14	1	25	25	1	17	26	10	10	-1	-1	1	1	dead_nonsquare_unit		
CD	-	20	17	30	6	6	1	16	19	0	0	1	1	0	0	deep_zero_factor	18,18	1,1
CD	+	20	17	30	6	25	30	13	10	19	19	-1	1	1	1	dead_nonsquare_unit		
CD	+	20	17	30	25	6	30	13	10	19	19	-1	1	1	1	dead_nonsquare_unit		
CD	-	20	17	30	25	25	1	16	19	0	0	1	1	0	0	deep_zero_factor	18,18	1,1
BD	-	20	30	17	6	6	1	16	0	19	0	1	0	1	0	deep_zero_factor	18,18	1,1
BD	+	20	30	17	6	25	30	13	19	10	19	-1	1	1	1	dead_nonsquare_unit		
BD	+	20	30	17	25	6	30	13	19	10	19	-1	1	1	1	dead_nonsquare_unit		
BD	-	20	30	17	25	25	1	16	0	19	0	1	0	1	0	deep_zero_factor	18,18	1,1
BD	+	21	1	3	13	13	1	28	21	5	21	1	-1	1	-1	dead_nonsquare_unit		
BD	-	21	1	3	13	18	30	17	0	18	0	-1	0	1	0	dead_nonsquare_unit		
BD	-	21	1	3	18	13	30	17	0	18	0	-1	0	1	0	dead_nonsquare_unit		
BD	+	21	1	3	18	18	1	28	21	5	21	1	-1	1	-1	dead_nonsquare_unit		
CD	+	21	3	1	13	13	1	28	5	21	21	1	1	-1	-1	dead_nonsquare_unit		
CD	-	21	3	1	13	18	30	17	18	0	0	-1	1	0	0	dead_nonsquare_unit		
CD	-	21	3	1	18	13	30	17	18	0	0	-1	1	0	0	dead_nonsquare_unit		
CD	+	21	3	1	18	18	1	28	5	21	21	1	1	-1	-1	dead_nonsquare_unit		
CD	-	21	28	30	13	13	1	5	2	0	0	1	1	0	0	deep_zero_factor	6,6	-1,-1
CD	+	21	28	30	13	18	30	13	4	26	26	-1	1	-1	-1	dead_nonsquare_unit		
CD	+	21	28	30	18	13	30	13	4	26	26	-1	1	-1	-1	dead_nonsquare_unit		
CD	-	21	28	30	18	18	1	5	2	0	0	1	1	0	0	deep_zero_factor	6,6	-1,-1
BD	-	21	30	28	13	13	1	5	0	2	0	1	0	1	0	deep_zero_factor	6,6	-1,-1
BD	+	21	30	28	13	18	30	13	26	4	26	-1	-1	1	-1	dead_nonsquare_unit		
BD	+	21	30	28	18	13	30	13	26	4	26	-1	-1	1	-1	dead_nonsquare_unit		
BD	-	21	30	28	18	18	1	5	0	2	0	1	0	1	0	deep_zero_factor	6,6	-1,-1
BD	+	22	1	24	2	2	1	9	3	2	3	1	-1	1	-1	dead_nonsquare_unit		
BD	-	22	1	24	2	29	30	19	0	13	0	1	0	-1	0	dead_nonsquare_unit		
BD	-	22	1	24	29	2	30	19	0	13	0	1	0	-1	0	dead_nonsquare_unit		
BD	+	22	1	24	29	29	1	9	3	2	3	1	-1	1	-1	dead_nonsquare_unit		
CD	-	22	7	30	2	2	1	14	10	0	0	1	1	0	0	deep_zero_factor	8,8	1,1
CD	+	22	7	30	2	29	30	2	23	4	4	1	-1	1	1	dead_nonsquare_unit		
CD	+	22	7	30	29	2	30	2	23	4	4	1	-1	1	1	dead_nonsquare_unit		
CD	-	22	7	30	29	29	1	14	10	0	0	1	1	0	0	deep_zero_factor	8,8	1,1
CD	+	22	24	1	2	2	1	9	2	3	3	1	1	-1	-1	dead_nonsquare_unit		
CD	-	22	24	1	2	29	30	19	13	0	0	1	-1	0	0	dead_nonsquare_unit		
CD	-	22	24	1	29	2	30	19	13	0	0	1	-1	0	0	dead_nonsquare_unit		
CD	+	22	24	1	29	29	1	9	2	3	3	1	1	-1	-1	dead_nonsquare_unit		
BD	-	22	30	7	2	2	1	14	0	10	0	1	0	1	0	deep_zero_factor	8,8	1,1
BD	+	22	30	7	2	29	30	2	4	23	4	1	1	-1	1	dead_nonsquare_unit		
BD	+	22	30	7	29	2	30	2	4	23	4	1	1	-1	1	dead_nonsquare_unit		
BD	-	22	30	7	29	29	1	14	0	10	0	1	0	1	0	deep_zero_factor	8,8	1,1
BD	+	23	1	27	4	4	1	23	11	29	11	-1	-1	-1	-1	dead_nonsquare_unit		
BD	-	23	1	27	4	27	30	3	0	7	0	-1	0	1	0	dead_nonsquare_unit		
BD	-	23	1	27	27	4	30	3	0	7	0	-1	0	1	0	dead_nonsquare_unit		
BD	+	23	1	27	27	27	1	23	11	29	11	-1	-1	-1	-1	dead_nonsquare_unit		
CD	-	23	4	30	4	4	1	1	8	0	0	1	1	0	0	deep_zero_factor	4,4	1,1
CD	+	23	4	30	4	27	30	19	11	8	8	1	-1	1	1	dead_nonsquare_unit		
CD	+	23	4	30	27	4	30	19	11	8	8	1	-1	1	1	dead_nonsquare_unit		
CD	-	23	4	30	27	27	1	1	8	0	0	1	1	0	0	deep_zero_factor	4,4	1,1
AB	-	23	8	15	3	8	13	0	0	9	28	0	0	1	1	deep_zero_factor	2,22	1,-1
AB	-	23	8	15	3	23	18	0	0	25	29	0	0	1	-1	dead_nonsquare_unit		
AB	-	23	8	15	28	8	18	0	0	25	29	0	0	1	-1	dead_nonsquare_unit		
AB	-	23	8	15	28	23	13	0	0	9	28	0	0	1	1	deep_zero_factor	2,22	1,-1
AC	-	23	15	8	3	8	13	0	9	0	28	0	1	0	1	deep_zero_factor	2,22	1,-1
AC	-	23	15	8	3	23	18	0	25	0	29	0	1	0	-1	dead_nonsquare_unit		
AC	-	23	15	8	28	8	18	0	25	0	29	0	1	0	-1	dead_nonsquare_unit		
AC	-	23	15	8	28	23	13	0	9	0	28	0	1	0	1	deep_zero_factor	2,22	1,-1
AC	+	23	16	23	3	8	13	5	29	5	1	1	-1	1	1	dead_nonsquare_unit		
AC	+	23	16	23	3	23	18	10	3	10	6	1	-1	1	-1	dead_nonsquare_unit		
AC	+	23	16	23	28	8	18	10	3	10	6	1	-1	1	-1	dead_nonsquare_unit		
AC	+	23	16	23	28	23	13	5	29	5	1	1	-1	1	1	dead_nonsquare_unit		
AB	+	23	23	16	3	8	13	5	5	29	1	1	1	-1	1	dead_nonsquare_unit		
AB	+	23	23	16	3	23	18	10	10	3	6	1	1	-1	-1	dead_nonsquare_unit		
AB	+	23	23	16	28	8	18	10	10	3	6	1	1	-1	-1	dead_nonsquare_unit		
AB	+	23	23	16	28	23	13	5	5	29	1	1	1	-1	1	dead_nonsquare_unit		
CD	+	23	27	1	4	4	1	23	29	11	11	-1	-1	-1	-1	dead_nonsquare_unit		
CD	-	23	27	1	4	27	30	3	7	0	0	-1	1	0	0	dead_nonsquare_unit		
CD	-	23	27	1	27	4	30	3	7	0	0	-1	1	0	0	dead_nonsquare_unit		
CD	+	23	27	1	27	27	1	23	29	11	11	-1	-1	-1	-1	dead_nonsquare_unit		
BD	-	23	30	4	4	4	1	1	0	8	0	1	0	1	0	deep_zero_factor	4,4	1,1
BD	+	23	30	4	4	27	30	19	8	11	8	1	1	-1	1	dead_nonsquare_unit		
BD	+	23	30	4	27	4	30	19	8	11	8	1	1	-1	1	dead_nonsquare_unit		
BD	-	23	30	4	27	27	1	1	0	8	0	1	0	1	0	deep_zero_factor	4,4	1,1
BD	+	24	1	22	2	2	1	2	3	9	3	1	-1	1	-1	dead_nonsquare_unit		
BD	-	24	1	22	2	29	30	13	0	19	0	-1	0	1	0	dead_nonsquare_unit		
BD	-	24	1	22	29	2	30	13	0	19	0	-1	0	1	0	dead_nonsquare_unit		
BD	+	24	1	22	29	29	1	2	3	9	3	1	-1	1	-1	dead_nonsquare_unit		
CD	-	24	9	30	2	2	1	10	14	0	0	1	1	0	0	deep_zero_factor	23,23	-1,-1
CD	+	24	9	30	2	29	30	3	5	27	27	-1	1	-1	-1	dead_nonsquare_unit		
CD	+	24	9	30	29	2	30	3	5	27	27	-1	1	-1	-1	dead_nonsquare_unit		
CD	-	24	9	30	29	29	1	10	14	0	0	1	1	0	0	deep_zero_factor	23,23	-1,-1
CD	+	24	22	1	2	2	1	2	9	3	3	1	1	-1	-1	dead_nonsquare_unit		
CD	-	24	22	1	2	29	30	13	19	0	0	-1	1	0	0	dead_nonsquare_unit		
CD	-	24	22	1	29	2	30	13	19	0	0	-1	1	0	0	dead_nonsquare_unit		
CD	+	24	22	1	29	29	1	2	9	3	3	1	1	-1	-1	dead_nonsquare_unit		
BD	-	24	30	9	2	2	1	10	0	14	0	1	0	1	0	deep_zero_factor	23,23	-1,-1
BD	+	24	30	9	2	29	30	3	27	5	27	-1	-1	1	-1	dead_nonsquare_unit		
BD	+	24	30	9	29	2	30	3	27	5	27	-1	-1	1	-1	dead_nonsquare_unit		
BD	-	24	30	9	29	29	1	10	0	14	0	1	0	1	0	deep_zero_factor	23,23	-1,-1
BD	+	25	1	5	11	11	1	26	2	6	2	-1	1	-1	1	dead_nonsquare_unit		
BD	-	25	1	5	11	20	30	24	0	4	0	-1	0	1	0	dead_nonsquare_unit		
BD	-	25	1	5	20	11	30	24	0	4	0	-1	0	1	0	dead_nonsquare_unit		
BD	+	25	1	5	20	20	1	26	2	6	2	-1	1	-1	1	dead_nonsquare_unit		
CD	+	25	5	1	11	11	1	26	6	2	2	-1	-1	1	1	dead_nonsquare_unit		
CD	-	25	5	1	11	20	30	24	4	0	0	-1	1	0	0	dead_nonsquare_unit		
CD	-	25	5	1	20	11	30	24	4	0	0	-1	1	0	0	dead_nonsquare_unit		
CD	+	25	5	1	20	20	1	26	6	2	2	-1	-1	1	1	dead_nonsquare_unit		
CD	-	25	26	30	11	11	1	16	18	0	0	1	1	0	0	deep_zero_factor	24,24	-1,-1
CD	+	25	26	30	11	20	30	10	27	22	22	1	-1	-1	-1	dead_nonsquare_unit		
CD	+	25	26	30	20	11	30	10	27	22	22	1	-1	-1	-1	dead_nonsquare_unit		
CD	-	25	26	30	20	20	1	16	18	0	0	1	1	0	0	deep_zero_factor	24,24	-1,-1
BD	-	25	30	26	11	11	1	16	0	18	0	1	0	1	0	deep_zero_factor	24,24	-1,-1
BD	+	25	30	26	11	20	30	10	22	27	22	1	-1	-1	-1	dead_nonsquare_unit		
BD	+	25	30	26	20	11	30	10	22	27	22	1	-1	-1	-1	dead_nonsquare_unit		
BD	-	25	30	26	20	20	1	16	0	18	0	1	0	1	0	deep_zero_factor	24,24	-1,-1
BD	+	26	1	6	11	11	1	13	6	15	6	-1	-1	-1	-1	dead_nonsquare_unit		
BD	-	26	1	6	11	20	30	4	0	24	0	1	0	-1	0	dead_nonsquare_unit		
BD	-	26	1	6	20	11	30	4	0	24	0	1	0	-1	0	dead_nonsquare_unit		
BD	+	26	1	6	20	20	1	13	6	15	6	-1	-1	-1	-1	dead_nonsquare_unit		
CD	+	26	6	1	11	11	1	13	15	6	6	-1	-1	-1	-1	dead_nonsquare_unit		
CD	-	26	6	1	11	20	30	4	24	0	0	1	-1	0	0	dead_nonsquare_unit		
CD	-	26	6	1	20	11	30	4	24	0	0	1	-1	0	0	dead_nonsquare_unit		
CD	+	26	6	1	20	20	1	13	15	6	6	-1	-1	-1	-1	dead_nonsquare_unit		
CD	-	26	25	30	11	11	1	18	16	0	0	1	1	0	0	deep_zero_factor	24,24	-1,-1
CD	+	26	25	30	11	20	30	27	10	22	22	-1	1	-1	-1	dead_nonsquare_unit		
CD	+	26	25	30	20	11	30	27	10	22	22	-1	1	-1	-1	dead_nonsquare_unit		
CD	-	26	25	30	20	20	1	18	16	0	0	1	1	0	0	deep_zero_factor	24,24	-1,-1
BD	-	26	30	25	11	11	1	18	0	16	0	1	0	1	0	deep_zero_factor	24,24	-1,-1
BD	+	26	30	25	11	20	30	27	22	10	22	-1	-1	1	-1	dead_nonsquare_unit		
BD	+	26	30	25	20	11	30	27	22	10	22	-1	-1	1	-1	dead_nonsquare_unit		
BD	-	26	30	25	20	20	1	18	0	16	0	1	0	1	0	deep_zero_factor	24,24	-1,-1
BD	+	27	1	23	4	4	1	29	11	23	11	-1	-1	-1	-1	dead_nonsquare_unit		
BD	-	27	1	23	4	27	30	7	0	3	0	1	0	-1	0	dead_nonsquare_unit		
BD	-	27	1	23	27	4	30	7	0	3	0	1	0	-1	0	dead_nonsquare_unit		
BD	+	27	1	23	27	27	1	29	11	23	11	-1	-1	-1	-1	dead_nonsquare_unit		
AC	+	27	2	27	8	3	12	15	19	15	26	-1	1	-1	-1	dead_nonsquare_unit		
AC	+	27	2	27	8	28	19	1	13	1	30	1	-1	1	-1	dead_nonsquare_unit		
AC	+	27	2	27	23	3	19	1	13	1	30	1	-1	1	-1	dead_nonsquare_unit		
AC	+	27	2	27	23	28	12	15	19	15	26	-1	1	-1	-1	dead_nonsquare_unit		
AB	-	27	4	29	8	3	12	0	0	23	15	0	0	-1	-1	dead_nonsquare_unit		
AB	-	27	4	29	8	28	19	0	0	5	21	0	0	1	-1	dead_nonsquare_unit		
AB	-	27	4	29	23	3	19	0	0	5	21	0	0	1	-1	dead_nonsquare_unit		
AB	-	27	4	29	23	28	12	0	0	23	15	0	0	-1	-1	dead_nonsquare_unit		
CD	-	27	8	30	4	4	1	8	1	0	0	1	1	0	0	deep_zero_factor	27,27	-1,-1
CD	+	27	8	30	4	27	30	3	18	23	23	-1	1	-1	-1	dead_nonsquare_unit		
CD	+	27	8	30	27	4	30	3	18	23	23	-1	1	-1	-1	dead_nonsquare_unit		
CD	-	27	8	30	27	27	1	8	1	0	0	1	1	0	0	deep_zero_factor	27,27	-1,-1
CD	+	27	23	1	4	4	1	29	23	11	11	-1	-1	-1	-1	dead_nonsquare_unit		
CD	-	27	23	1	4	27	30	7	3	0	0	1	-1	0	0	dead_nonsquare_unit		
CD	-	27	23	1	27	4	30	7	3	0	0	1	-1	0	0	dead_nonsquare_unit		
CD	+	27	23	1	27	27	1	29	23	11	11	-1	-1	-1	-1	dead_nonsquare_unit		
AB	+	27	27	2	8	3	12	15	15	19	26	-1	-1	1	-1	dead_nonsquare_unit		
AB	+	27	27	2	8	28	19	1	1	13	30	1	1	-1	-1	dead_nonsquare_unit		
AB	+	27	27	2	23	3	19	1	1	13	30	1	1	-1	-1	dead_nonsquare_unit		
AB	+	27	27	2	23	28	12	15	15	19	26	-1	-1	1	-1	dead_nonsquare_unit		
AC	-	27	29	4	8	3	12	0	23	0	15	0	-1	0	-1	dead_nonsquare_unit		
AC	-	27	29	4	8	28	19	0	5	0	21	0	1	0	-1	dead_nonsquare_unit		
AC	-	27	29	4	23	3	19	0	5	0	21	0	1	0	-1	dead_nonsquare_unit		
AC	-	27	29	4	23	28	12	0	23	0	15	0	-1	0	-1	dead_nonsquare_unit		
BD	-	27	30	8	4	4	1	8	0	1	0	1	0	1	0	deep_zero_factor	27,27	-1,-1
BD	+	27	30	8	4	27	30	3	23	18	23	-1	-1	1	-1	dead_nonsquare_unit		
BD	+	27	30	8	27	4	30	3	23	18	23	-1	-1	1	-1	dead_nonsquare_unit		
BD	-	27	30	8	27	27	1	8	0	1	0	1	0	1	0	deep_zero_factor	27,27	-1,-1
BD	+	28	1	10	13	13	1	9	18	7	18	1	1	1	1	resolved_unit_square		
BD	-	28	1	10	13	18	30	18	0	17	0	1	0	-1	0	dead_nonsquare_unit		
BD	-	28	1	10	18	13	30	18	0	17	0	1	0	-1	0	dead_nonsquare_unit		
BD	+	28	1	10	18	18	1	9	18	7	18	1	1	1	1	resolved_unit_square		
CD	+	28	10	1	13	13	1	9	7	18	18	1	1	1	1	resolved_unit_square		
CD	-	28	10	1	13	18	30	18	17	0	0	1	-1	0	0	dead_nonsquare_unit		
CD	-	28	10	1	18	13	30	18	17	0	0	1	-1	0	0	dead_nonsquare_unit		
CD	+	28	10	1	18	18	1	9	7	18	18	1	1	1	1	resolved_unit_square		
CD	-	28	21	30	13	13	1	2	5	0	0	1	1	0	0	deep_zero_factor	6,6	-1,-1
CD	+	28	21	30	13	18	30	4	13	26	26	1	-1	-1	-1	dead_nonsquare_unit		
CD	+	28	21	30	18	13	30	4	13	26	26	1	-1	-1	-1	dead_nonsquare_unit		
CD	-	28	21	30	18	18	1	2	5	0	0	1	1	0	0	deep_zero_factor	6,6	-1,-1
BD	-	28	30	21	13	13	1	2	0	5	0	1	0	1	0	deep_zero_factor	6,6	-1,-1
BD	+	28	30	21	13	18	30	4	26	13	26	1	-1	-1	-1	dead_nonsquare_unit		
BD	+	28	30	21	18	13	30	4	26	13	26	1	-1	-1	-1	dead_nonsquare_unit		
BD	-	28	30	21	18	18	1	2	0	5	0	1	0	1	0	deep_zero_factor	6,6	-1,-1
BD	+	29	1	15	14	14	1	5	30	10	30	1	-1	1	-1	dead_nonsquare_unit		
BD	-	29	1	15	14	17	30	15	0	1	0	-1	0	1	0	dead_nonsquare_unit		
BD	-	29	1	15	17	14	30	15	0	1	0	-1	0	1	0	dead_nonsquare_unit		
BD	+	29	1	15	17	17	1	5	30	10	30	1	-1	1	-1	dead_nonsquare_unit		
BC	-	29	4	27	8	3	12	23	0	0	15	-1	0	0	-1	dead_nonsquare_unit		
BC	-	29	4	27	8	28	19	5	0	0	21	1	0	0	-1	dead_nonsquare_unit		
BC	-	29	4	27	23	3	19	5	0	0	21	1	0	0	-1	dead_nonsquare_unit		
BC	-	29	4	27	23	28	12	23	0	0	15	-1	0	0	-1	dead_nonsquare_unit		
CD	+	29	15	1	14	14	1	5	10	30	30	1	1	-1	-1	dead_nonsquare_unit		
CD	-	29	15	1	14	17	30	15	1	0	0	-1	1	0	0	dead_nonsquare_unit		
CD	-	29	15	1	17	14	30	15	1	0	0	-1	1	0	0	dead_nonsquare_unit		
CD	+	29	15	1	17	17	1	5	10	30	30	1	1	-1	-1	dead_nonsquare_unit		
CD	-	29	16	30	14	14	1	9	18	0	0	1	1	0	0	deep_zero_factor	21,21	-1,-1
CD	+	29	16	30	14	17	30	27	25	3	3	-1	1	-1	-1	dead_nonsquare_unit		
CD	+	29	16	30	17	14	30	27	25	3	3	-1	1	-1	-1	dead_nonsquare_unit		
CD	-	29	16	30	17	17	1	9	18	0	0	1	1	0	0	deep_zero_factor	21,21	-1,-1
BC	-	29	27	4	8	3	12	23	0	0	15	-1	0	0	-1	dead_nonsquare_unit		
BC	-	29	27	4	8	28	19	5	0	0	21	1	0	0	-1	dead_nonsquare_unit		
BC	-	29	27	4	23	3	19	5	0	0	21	1	0	0	-1	dead_nonsquare_unit		
BC	-	29	27	4	23	28	12	23	0	0	15	-1	0	0	-1	dead_nonsquare_unit		
BD	-	29	30	16	14	14	1	9	0	18	0	1	0	1	0	deep_zero_factor	21,21	-1,-1
BD	+	29	30	16	14	17	30	27	3	25	3	-1	-1	1	-1	dead_nonsquare_unit		
BD	+	29	30	16	17	14	30	27	3	25	3	-1	-1	1	-1	dead_nonsquare_unit		
BD	-	29	30	16	17	17	1	9	0	18	0	1	0	1	0	deep_zero_factor	21,21	-1,-1
AD	-	30	2	15	14	14	1	0	9	18	0	0	1	1	0	deep_zero_factor	10,10	1,1
AD	+	30	2	15	14	17	30	28	3	8	28	1	-1	1	1	dead_nonsquare_unit		
AD	+	30	2	15	17	14	30	28	3	8	28	1	-1	1	1	dead_nonsquare_unit		
AD	-	30	2	15	17	17	1	0	9	18	0	0	1	1	0	deep_zero_factor	10,10	1,1
AD	-	30	3	10	13	13	1	0	2	5	0	0	1	1	0	deep_zero_factor	25,25	1,1
AD	+	30	3	10	13	18	30	5	1	21	5	1	1	-1	1	dead_nonsquare_unit		
AD	+	30	3	10	18	13	30	5	1	21	5	1	1	-1	1	dead_nonsquare_unit		
AD	-	30	3	10	18	18	1	0	2	5	0	0	1	1	0	deep_zero_factor	25,25	1,1
AD	-	30	4	23	4	4	1	0	8	1	0	0	1	1	0	deep_zero_factor	4,4	1,1
AD	+	30	4	23	4	27	30	8	11	19	8	1	-1	1	1	dead_nonsquare_unit		
AD	+	30	4	23	27	4	30	8	11	19	8	1	-1	1	1	dead_nonsquare_unit		
AD	-	30	4	23	27	27	1	0	8	1	0	0	1	1	0	deep_zero_factor	4,4	1,1
AD	-	30	5	6	11	11	1	0	18	16	0	0	1	1	0	deep_zero_factor	7,7	1,1
AD	+	30	5	6	11	20	30	9	12	7	9	1	-1	1	1	dead_nonsquare_unit		
AD	+	30	5	6	20	11	30	9	12	7	9	1	-1	1	1	dead_nonsquare_unit		
AD	-	30	5	6	20	20	1	0	18	16	0	0	1	1	0	deep_zero_factor	7,7	1,1
AD	-	30	6	5	11	11	1	0	16	18	0	0	1	1	0	deep_zero_factor	7,7	1,1
AD	+	30	6	5	11	20	30	9	7	12	9	1	1	-1	1	dead_nonsquare_unit		
AD	+	30	6	5	20	11	30	9	7	12	9	1	1	-1	1	dead_nonsquare_unit		
AD	-	30	6	5	20	20	1	0	16	18	0	0	1	1	0	deep_zero_factor	7,7	1,1
AD	-	30	7	22	2	2	1	0	10	14	0	0	1	1	0	deep_zero_factor	8,8	1,1
AD	+	30	7	22	2	29	30	4	23	2	4	1	-1	1	1	dead_nonsquare_unit		
AD	+	30	7	22	29	2	30	4	23	2	4	1	-1	1	1	dead_nonsquare_unit		
AD	-	30	7	22	29	29	1	0	10	14	0	0	1	1	0	deep_zero_factor	8,8	1,1
AD	-	30	8	27	4	4	1	0	1	8	0	0	1	1	0	deep_zero_factor	27,27	-1,-1
AD	+	30	8	27	4	27	30	23	18	3	23	-1	1	-1	-1	dead_nonsquare_unit		
AD	+	30	8	27	27	4	30	23	18	3	23	-1	1	-1	-1	dead_nonsquare_unit		
AD	-	30	8	27	27	27	1	0	1	8	0	0	1	1	0	deep_zero_factor	27,27	-1,-1
AD	-	30	9	24	2	2	1	0	14	10	0	0	1	1	0	deep_zero_factor	23,23	-1,-1
AD	+	30	9	24	2	29	30	27	5	3	27	-1	1	-1	-1	dead_nonsquare_unit		
AD	+	30	9	24	29	2	30	27	5	3	27	-1	1	-1	-1	dead_nonsquare_unit		
AD	-	30	9	24	29	29	1	0	14	10	0	0	1	1	0	deep_zero_factor	23,23	-1,-1
AD	-	30	10	3	13	13	1	0	5	2	0	0	1	1	0	deep_zero_factor	25,25	1,1
AD	+	30	10	3	13	18	30	5	21	1	5	1	-1	1	1	dead_nonsquare_unit		
AD	+	30	10	3	18	13	30	5	21	1	5	1	-1	1	1	dead_nonsquare_unit		
AD	-	30	10	3	18	18	1	0	5	2	0	0	1	1	0	deep_zero_factor	25,25	1,1
AD	-	30	11	14	6	6	1	0	16	19	0	0	1	1	0	deep_zero_factor	13,13	-1,-1
AD	+	30	11	14	6	25	30	12	3	2	12	-1	-1	1	-1	dead_nonsquare_unit		
AD	+	30	11	14	25	6	30	12	3	2	12	-1	-1	1	-1	dead_nonsquare_unit		
AD	-	30	11	14	25	25	1	0	16	19	0	0	1	1	0	deep_zero_factor	13,13	-1,-1
AD	-	30	12	18	1	1	1	0	20	14	0	0	1	1	0	deep_zero_factor	16,16	1,1
AD	+	30	12	18	1	30	30	2	5	6	2	1	1	-1	1	dead_nonsquare_unit		
AD	+	30	12	18	30	1	30	2	5	6	2	1	1	-1	1	dead_nonsquare_unit		
AD	-	30	12	18	30	30	1	0	20	14	0	0	1	1	0	deep_zero_factor	16,16	1,1
AD	-	30	13	19	1	1	1	0	14	20	0	0	1	1	0	deep_zero_factor	15,15	-1,-1
AD	+	30	13	19	1	30	30	29	12	18	29	-1	-1	1	-1	dead_nonsquare_unit		
AD	+	30	13	19	30	1	30	29	12	18	29	-1	-1	1	-1	dead_nonsquare_unit		
AD	-	30	13	19	30	30	1	0	14	20	0	0	1	1	0	deep_zero_factor	15,15	-1,-1
AD	-	30	14	11	6	6	1	0	19	16	0	0	1	1	0	deep_zero_factor	13,13	-1,-1
AD	+	30	14	11	6	25	30	12	2	3	12	-1	1	-1	-1	dead_nonsquare_unit		
AD	+	30	14	11	25	6	30	12	2	3	12	-1	1	-1	-1	dead_nonsquare_unit		
AD	-	30	14	11	25	25	1	0	19	16	0	0	1	1	0	deep_zero_factor	13,13	-1,-1
AD	-	30	15	2	14	14	1	0	18	9	0	0	1	1	0	deep_zero_factor	10,10	1,1
AD	+	30	15	2	14	17	30	28	8	3	28	1	1	-1	1	dead_nonsquare_unit		
AD	+	30	15	2	17	14	30	28	8	3	28	1	1	-1	1	dead_nonsquare_unit		
AD	-	30	15	2	17	17	1	0	18	9	0	0	1	1	0	deep_zero_factor	10,10	1,1
AD	-	30	16	29	14	14	1	0	18	9	0	0	1	1	0	deep_zero_factor	21,21	-1,-1
AD	+	30	16	29	14	17	30	3	25	27	3	-1	1	-1	-1	dead_nonsquare_unit		
AD	+	30	16	29	17	14	30	3	25	27	3	-1	1	-1	-1	dead_nonsquare_unit		
AD	-	30	16	29	17	17	1	0	18	9	0	0	1	1	0	deep_zero_factor	21,21	-1,-1
AD	-	30	17	20	6	6	1	0	19	16	0	0	1	1	0	deep_zero_factor	18,18	1,1
AD	+	30	17	20	6	25	30	19	10	13	19	1	1	-1	1	dead_nonsquare_unit		
AD	+	30	17	20	25	6	30	19	10	13	19	1	1	-1	1	dead_nonsquare_unit		
AD	-	30	17	20	25	25	1	0	19	16	0	0	1	1	0	deep_zero_factor	18,18	1,1
AD	-	30	18	12	1	1	1	0	14	20	0	0	1	1	0	deep_zero_factor	16,16	1,1
AD	+	30	18	12	1	30	30	2	6	5	2	1	-1	1	1	dead_nonsquare_unit		
AD	+	30	18	12	30	1	30	2	6	5	2	1	-1	1	1	dead_nonsquare_unit		
AD	-	30	18	12	30	30	1	0	14	20	0	0	1	1	0	deep_zero_factor	16,16	1,1
AD	-	30	19	13	1	1	1	0	20	14	0	0	1	1	0	deep_zero_factor	15,15	-1,-1
AD	+	30	19	13	1	30	30	29	18	12	29	-1	1	-1	-1	dead_nonsquare_unit		
AD	+	30	19	13	30	1	30	29	18	12	29	-1	1	-1	-1	dead_nonsquare_unit		
AD	-	30	19	13	30	30	1	0	20	14	0	0	1	1	0	deep_zero_factor	15,15	-1,-1
AD	-	30	20	17	6	6	1	0	16	19	0	0	1	1	0	deep_zero_factor	18,18	1,1
AD	+	30	20	17	6	25	30	19	13	10	19	1	-1	1	1	dead_nonsquare_unit		
AD	+	30	20	17	25	6	30	19	13	10	19	1	-1	1	1	dead_nonsquare_unit		
AD	-	30	20	17	25	25	1	0	16	19	0	0	1	1	0	deep_zero_factor	18,18	1,1
AD	-	30	21	28	13	13	1	0	5	2	0	0	1	1	0	deep_zero_factor	6,6	-1,-1
AD	+	30	21	28	13	18	30	26	13	4	26	-1	-1	1	-1	dead_nonsquare_unit		
AD	+	30	21	28	18	13	30	26	13	4	26	-1	-1	1	-1	dead_nonsquare_unit		
AD	-	30	21	28	18	18	1	0	5	2	0	0	1	1	0	deep_zero_factor	6,6	-1,-1
AD	-	30	22	7	2	2	1	0	14	10	0	0	1	1	0	deep_zero_factor	8,8	1,1
AD	+	30	22	7	2	29	30	4	2	23	4	1	1	-1	1	dead_nonsquare_unit		
AD	+	30	22	7	29	2	30	4	2	23	4	1	1	-1	1	dead_nonsquare_unit		
AD	-	30	22	7	29	29	1	0	14	10	0	0	1	1	0	deep_zero_factor	8,8	1,1
AD	-	30	23	4	4	4	1	0	1	8	0	0	1	1	0	deep_zero_factor	4,4	1,1
AD	+	30	23	4	4	27	30	8	19	11	8	1	1	-1	1	dead_nonsquare_unit		
AD	+	30	23	4	27	4	30	8	19	11	8	1	1	-1	1	dead_nonsquare_unit		
AD	-	30	23	4	27	27	1	0	1	8	0	0	1	1	0	deep_zero_factor	4,4	1,1
AD	-	30	24	9	2	2	1	0	10	14	0	0	1	1	0	deep_zero_factor	23,23	-1,-1
AD	+	30	24	9	2	29	30	27	3	5	27	-1	-1	1	-1	dead_nonsquare_unit		
AD	+	30	24	9	29	2	30	27	3	5	27	-1	-1	1	-1	dead_nonsquare_unit		
AD	-	30	24	9	29	29	1	0	10	14	0	0	1	1	0	deep_zero_factor	23,23	-1,-1
AD	-	30	25	26	11	11	1	0	16	18	0	0	1	1	0	deep_zero_factor	24,24	-1,-1
AD	+	30	25	26	11	20	30	22	10	27	22	-1	1	-1	-1	dead_nonsquare_unit		
AD	+	30	25	26	20	11	30	22	10	27	22	-1	1	-1	-1	dead_nonsquare_unit		
AD	-	30	25	26	20	20	1	0	16	18	0	0	1	1	0	deep_zero_factor	24,24	-1,-1
AD	-	30	26	25	11	11	1	0	18	16	0	0	1	1	0	deep_zero_factor	24,24	-1,-1
AD	+	30	26	25	11	20	30	22	27	10	22	-1	-1	1	-1	dead_nonsquare_unit		
AD	+	30	26	25	20	11	30	22	27	10	22	-1	-1	1	-1	dead_nonsquare_unit		
AD	-	30	26	25	20	20	1	0	18	16	0	0	1	1	0	deep_zero_factor	24,24	-1,-1
AD	-	30	27	8	4	4	1	0	8	1	0	0	1	1	0	deep_zero_factor	27,27	-1,-1
AD	+	30	27	8	4	27	30	23	3	18	23	-1	-1	1	-1	dead_nonsquare_unit		
AD	+	30	27	8	27	4	30	23	3	18	23	-1	-1	1	-1	dead_nonsquare_unit		
AD	-	30	27	8	27	27	1	0	8	1	0	0	1	1	0	deep_zero_factor	27,27	-1,-1
AD	-	30	28	21	13	13	1	0	2	5	0	0	1	1	0	deep_zero_factor	6,6	-1,-1
AD	+	30	28	21	13	18	30	26	4	13	26	-1	1	-1	-1	dead_nonsquare_unit		
AD	+	30	28	21	18	13	30	26	4	13	26	-1	1	-1	-1	dead_nonsquare_unit		
AD	-	30	28	21	18	18	1	0	2	5	0	0	1	1	0	deep_zero_factor	6,6	-1,-1
AD	-	30	29	16	14	14	1	0	9	18	0	0	1	1	0	deep_zero_factor	21,21	-1,-1
AD	+	30	29	16	14	17	30	3	27	25	3	-1	-1	1	-1	dead_nonsquare_unit		
AD	+	30	29	16	17	14	30	3	27	25	3	-1	-1	1	-1	dead_nonsquare_unit		
AD	-	30	29	16	17	17	1	0	9	18	0	0	1	1	0	deep_zero_factor	21,21	-1,-1
