family	p	status	finite_cover	finite_smooth	finite_live	finite_singular	infinity_full	live_T	J_orders
F1	47	LIVE	9	8	4	1	1	[ 0, 5, 42, -1 ]	[ -1, 2880, 2880, -2 ]
F1	53	LIVE	8	6	4	2	0	[ 5, 7, 46, 48 ]	[ 3072, -1, -1, 3072 ]
F1	59	LIVE	10	6	10	4	0	[ 1, 5, 9, 22, 27, 32, 37, 50, 54, 58 ]	[ 2880, 3264, -1, -1, 4032, 4032, -1, -1, 3264, 2880 ]
F1	61	LIVE	10	10	5	0	1	[ 3, 5, 56, 58, -1 ]	[ 4032, 3264, 3264, 4032, -2 ]
F1	67	LIVE	11	10	2	1	1	[ 0, -1 ]	[ -1, -2 ]
F1	71	LIVE	12	12	4	0	0	[ 1, 26, 45, 70 ]	[ 4992, 5760, 5760, 4992 ]
F1	73	LIVE	8	8	4	0	0	[ 5, 11, 62, 68 ]	[ 5376, 5376, 5376, 5376 ]
F1	79	LIVE	10	10	4	0	0	[ 1, 39, 40, 78 ]	[ 8064, 5376, 5376, 8064 ]
F1	83	LIVE	14	12	7	2	1	[ 1, 2, 3, 80, 81, 82, -1 ]	[ 6336, 8064, -1, -1, 8064, 6336, -2 ]
F1	89	LIVE	8	8	5	0	1	[ 1, 34, 55, 88, -1 ]	[ 9216, 9216, 9216, 9216, -2 ]
F1	97	LIVE	12	12	2	0	0	[ 5, 92 ]	[ 10368, 10368 ]
F1	101	LIVE	17	16	6	1	1	[ 0, 38, 40, 61, 63, -1 ]	[ -1, 9216, 9216, 9216, 9216, -2 ]
F1	103	LIVE	16	12	9	4	1	[ 4, 10, 23, 37, 66, 80, 93, 99, -1 ]	[ -1, -1, 10752, 9408, 9408, 10752, -1, -1, -2 ]
F1	107	LIVE	12	12	1	0	1	[ -1 ]	[ -2 ]
F1	109	LIVE	16	16	11	0	1	[ 1, 5, 27, 33, 54, 55, 76, 82, 104, 108, -1 ]	[ 13824, 11712, 12864, 13824, 9216, 9216, 13824, 12864, 11712, 13824, -2 ]
F1	113	LIVE	18	18	8	0	0	[ 1, 8, 34, 55, 58, 79, 105, 112 ]	[ 14208, 13824, 10368, 10368, 10368, 10368, 13824, 14208 ]
F1	127	LIVE	14	12	9	2	1	[ 5, 7, 20, 23, 104, 107, 120, 122, -1 ]	[ 17280, -1, 16128, 16128, 16128, 16128, -1, 17280, -2 ]
F1	131	LIVE	20	16	12	4	0	[ 1, 5, 9, 35, 41, 44, 87, 90, 96, 122, 126, 130 ]	[ -1, 17664, 16320, -1, 19008, 17088, 17088, 19008, -1, 16320, 17664, -1 ]
F1	137	LIVE	20	20	6	0	0	[ 41, 52, 65, 72, 85, 96 ]	[ 16320, 20736, 17280, 17280, 20736, 16320 ]
F1	139	LIVE	20	20	6	0	0	[ 5, 55, 59, 80, 84, 134 ]	[ 19200, 22464, 19584, 19584, 22464, 19200 ]
F1	149	LIVE	22	22	7	0	1	[ 35, 59, 60, 89, 90, 114, -1 ]	[ 22848, 21120, 21120, 21120, 21120, 22848, -2 ]
F1	151	LIVE	20	20	4	0	0	[ 52, 57, 94, 99 ]	[ 23232, 22848, 22848, 23232 ]
F1	157	LIVE	18	16	6	2	0	[ 1, 2, 64, 93, 155, 156 ]	[ 22848, -1, 26112, 26112, -1, 22848 ]
F1	163	LIVE	23	22	6	1	1	[ 0, 4, 63, 100, 159, -1 ]	[ -1, 26496, 29376, 29376, 26496, -2 ]
F1	167	LIVE	19	18	10	1	1	[ 0, 1, 5, 15, 29, 138, 152, 162, 166, -1 ]	[ -1, 29952, 24192, 26496, 26112, 26112, 26496, 24192, 29952, -2 ]
F1	173	LIVE	23	20	11	3	0	[ 0, 24, 30, 38, 55, 66, 107, 118, 135, 143, 149 ]	[ -1, 26688, -1, 30720, 29376, 32256, 32256, 29376, 30720, -1, 26688 ]
F1	179	LIVE	18	18	12	0	0	[ 7, 45, 52, 66, 67, 70, 109, 112, 113, 127, 134, 172 ]	[ 32256, 31872, 36864, 33792, 36864, 31872, 31872, 36864, 33792, 36864, 31872, 32256 ]
F1	181	LIVE	20	20	5	0	1	[ 75, 78, 103, 106, -1 ]	[ 33024, 33792, 33792, 33024, -2 ]
F1	191	LIVE	26	26	12	0	0	[ 9, 19, 28, 41, 74, 95, 96, 117, 150, 163, 172, 182 ]	[ 38016, 35520, 34944, 32256, 39936, 38016, 38016, 39936, 32256, 34944, 35520, 38016 ]
F1	193	LIVE	25	24	5	1	0	[ 0, 26, 48, 145, 167 ]	[ -1, 36480, 35712, 35712, 36480 ]
F1	197	LIVE	32	28	12	4	0	[ 24, 33, 39, 68, 81, 82, 115, 116, 129, 158, 164, 173 ]	[ 35712, -1, 39936, -1, 40512, 42240, 42240, 40512, -1, 39936, -1, 35712 ]
F1	199	LIVE	32	32	16	0	0	[ 1, 5, 16, 19, 24, 34, 85, 97, 102, 114, 165, 175, 180, 183, 194, 198 ]	[ 38976, 43200, 36480, 43200, 41280, 41472, 42240, 39936, 39936, 42240, 41472, 41280, 43200, 36480, 43200, 38976 ]
F4	47	DEAD	4	4	0	0	0	[]	[]
F6	47	LIVE	9	8	2	1	1	[ 0, -1 ]	[ -1, -2 ]
F6	53	LIVE	7	6	6	1	1	[ 0, 1, 12, 41, 52, -1 ]	[ -1, 2880, 3072, 3072, 2880, -2 ]
F6	59	LIVE	8	8	4	0	0	[ 1, 14, 45, 58 ]	[ 3456, 2304, 2304, 3456 ]
F6	61	LIVE	9	8	1	1	0	[ 0 ]	[ -1 ]
F6	67	LIVE	10	8	5	2	1	[ 1, 3, 64, 66, -1 ]	[ 4800, -1, -1, 4800, -2 ]
F6	71	LIVE	10	6	9	4	1	[ 1, 2, 19, 23, 48, 52, 69, 70, -1 ]	[ 4992, -1, 4608, -1, -1, 4608, -1, 4992, -2 ]
F6	73	LIVE	6	6	1	0	1	[ -1 ]	[ -2 ]
F6	79	LIVE	9	6	3	3	0	[ 0, 2, 77 ]	[ -1, -1, -1 ]
F6	83	LIVE	15	12	9	3	0	[ 0, 1, 4, 22, 29, 54, 61, 79, 82 ]	[ -1, 6912, 7680, 6912, -1, -1, 6912, 7680, 6912 ]
F6	89	LIVE	16	14	10	2	0	[ 2, 10, 15, 21, 37, 52, 68, 74, 79, 87 ]	[ 7680, 10368, 8256, 7680, -1, -1, 7680, 8256, 10368, 7680 ]
F6	97	LIVE	10	10	5	0	1	[ 2, 48, 49, 95, -1 ]	[ 9216, 9216, 9216, 9216, -2 ]
F6	101	LIVE	12	12	9	0	1	[ 2, 5, 25, 47, 54, 76, 96, 99, -1 ]	[ 11520, 11520, 11136, 9216, 9216, 11136, 11520, 11520, -2 ]
F6	103	LIVE	12	12	8	0	0	[ 1, 2, 8, 18, 85, 95, 101, 102 ]	[ 11520, 11520, 9216, 10752, 10752, 9216, 11520, 11520 ]
F6	107	LIVE	19	16	11	3	0	[ 0, 1, 11, 26, 28, 40, 67, 79, 81, 96, 106 ]	[ -1, 12864, -1, 13440, 10752, 11904, 11904, 10752, 13440, -1, 12864 ]
F6	109	LIVE	15	14	9	1	0	[ 0, 2, 19, 30, 34, 75, 79, 90, 107 ]	[ -1, 11520, 13440, 12288, 11904, 11904, 12288, 13440, 11520 ]
F6	113	LIVE	15	12	13	3	0	[ 0, 1, 2, 3, 11, 25, 56, 57, 88, 102, 110, 111, 112 ]	[ -1, 11520, 11904, 12288, -1, 13824, 12288, 12288, 13824, -1, 12288, 11904, 11520 ]
F6	127	LIVE	20	20	10	0	0	[ 2, 14, 20, 30, 42, 85, 97, 107, 113, 125 ]	[ 15552, 16704, 18432, 17280, 15744, 15744, 17280, 18432, 16704, 15552 ]
F6	131	LIVE	14	12	10	2	0	[ 2, 5, 12, 37, 58, 73, 94, 119, 126, 129 ]	[ 16128, 16128, 16128, -1, 20736, 20736, -1, 16128, 16128, 16128 ]
F6	137	LIVE	15	14	7	1	0	[ 0, 40, 54, 58, 79, 83, 97 ]	[ -1, 18816, 16320, 17664, 17664, 16320, 18816 ]
F6	139	LIVE	21	20	8	1	1	[ 0, 2, 5, 59, 80, 134, 137, -1 ]	[ -1, 19200, 18240, 20736, 20736, 18240, 19200, -2 ]
F6	149	LIVE	16	16	1	0	1	[ -1 ]	[ -2 ]
F6	151	LIVE	23	20	13	3	0	[ 0, 1, 27, 31, 39, 50, 67, 84, 101, 112, 120, 124, 150 ]	[ -1, 22656, 20736, 22656, 25344, -1, 20736, 20736, -1, 25344, 22656, 20736, 22656 ]
F6	157	LIVE	22	20	4	2	0	[ 31, 38, 119, 126 ]	[ -1, 19584, 19584, -1 ]
F6	163	LIVE	20	18	15	2	1	[ 1, 2, 32, 42, 57, 60, 64, 99, 103, 106, 121, 131, 161, 162, -1 ]	[ 29376, 26688, 23616, 26880, 28032, 25536, -1, -1, 25536, 28032, 26880, 23616, 26688, 29376, -2 ]
F6	167	LIVE	27	26	12	1	1	[ 0, 50, 62, 64, 69, 80, 87, 98, 103, 105, 117, -1 ]	[ -1, 29376, 26496, 27648, 30720, 25344, 25344, 30720, 27648, 26496, 29376, -2 ]
F6	173	LIVE	25	24	16	1	1	[ 0, 2, 18, 21, 42, 56, 66, 70, 103, 107, 117, 131, 152, 155, 171, -1 ]	[ -1, 29184, 26112, 30528, 29184, 26112, 28800, 26112, 26112, 28800, 26112, 29184, 30528, 26112, 29184, -2 ]
F6	179	LIVE	20	20	8	0	0	[ 1, 47, 60, 77, 102, 119, 132, 178 ]	[ 31872, 30720, 35904, 30912, 30912, 35904, 30720, 31872 ]
F6	181	LIVE	23	22	7	1	0	[ 0, 32, 36, 74, 107, 145, 149 ]	[ -1, 33024, 33024, 31488, 31488, 33024, 33024 ]
F6	191	LIVE	24	22	19	2	1	[ 1, 3, 5, 31, 39, 46, 49, 70, 86, 105, 121, 142, 145, 152, 160, 186, 188, 190, -1 ]	[ 36864, -1, 38784, 39936, 36864, 41472, 34944, 38016, 32256, 32256, 38016, 34944, 41472, 36864, 39936, 38784, -1, 36864, -2 ]
F6	193	LIVE	26	26	11	0	1	[ 1, 3, 20, 41, 80, 113, 152, 173, 190, 192, -1 ]	[ 39936, 37248, 33600, 38208, 34944, 34944, 38208, 33600, 37248, 39936, -2 ]
F6	197	LIVE	25	22	18	3	1	[ 0, 5, 8, 48, 50, 51, 58, 85, 96, 101, 112, 139, 146, 147, 149, 189, 192, -1 ]	[ -1, 38784, 43008, 38400, 43008, -1, 40704, 43008, 40512, 40512, 43008, 40704, -1, 43008, 38400, 43008, 38784, -2 ]
F6	199	LIVE	25	22	9	3	0	[ 0, 51, 67, 70, 90, 109, 129, 132, 148 ]	[ -1, 38400, -1, 38208, 39744, 39744, 38208, -1, 38400 ]
N3	47	LIVE	6	2	5	4	1	[ 11, 16, 31, 36, -1 ]	[ -1, -1, -1, -1, -2 ]
N3	53	LIVE	8	4	4	4	0	[ 17, 20, 33, 36 ]	[ -1, -1, -1, -1 ]
N3	59	LIVE	8	6	4	2	0	[ 22, 23, 36, 37 ]	[ -1, 4032, 4032, -1 ]
N3	61	LIVE	9	8	5	1	0	[ 0, 2, 5, 56, 59 ]	[ -1, 4608, 4224, 4224, 4608 ]
N3	67	LIVE	8	4	6	4	0	[ 1, 14, 18, 49, 53, 66 ]	[ -1, 4032, -1, -1, 4032, -1 ]
N3	71	LIVE	12	8	9	4	1	[ 1, 2, 13, 17, 54, 58, 69, 70, -1 ]	[ 5376, 4992, -1, -1, -1, -1, 4992, 5376, -2 ]
N3	73	LIVE	17	0	18	17	1	[ 0, 1, 3, 8, 15, 17, 18, 21, 22, 51, 52, 55, 56, 58, 65, 70, 72, -1 ]	[ -1, -1, -1, -1, -1, -1, -1, -1, -1, -1, -1, -1, -1, -1, -1, -1, -1, -2 ]
N3	79	LIVE	8	8	4	0	0	[ 1, 15, 64, 78 ]	[ 6144, 6912, 6912, 6144 ]
N3	83	LIVE	12	8	8	4	0	[ 1, 2, 11, 37, 46, 72, 81, 82 ]	[ 7296, -1, -1, 6912, 6912, -1, -1, 7296 ]
N3	89	LIVE	11	10	3	1	0	[ 0, 33, 56 ]	[ -1, 8064, 8064 ]
N3	97	LIVE	6	6	1	0	1	[ -1 ]	[ -2 ]
N3	101	LIVE	13	12	9	1	0	[ 0, 1, 5, 10, 20, 81, 91, 96, 100 ]	[ -1, 10368, 10368, 10368, 11136, 11136, 10368, 10368, 10368 ]
N3	103	LIVE	8	8	4	0	0	[ 1, 43, 60, 102 ]	[ 11520, 10752, 10752, 11520 ]
N3	107	LIVE	18	14	10	4	0	[ 1, 6, 20, 43, 51, 56, 64, 87, 101, 106 ]	[ 10368, 10752, -1, -1, 11520, 11520, -1, -1, 10752, 10368 ]
N3	109	LIVE	13	10	9	3	0	[ 0, 1, 4, 6, 42, 67, 103, 105, 108 ]	[ -1, 12864, -1, 13824, 12288, 12288, 13824, -1, 12864 ]
N3	113	LIVE	11	10	7	1	0	[ 0, 38, 49, 51, 62, 64, 75 ]	[ -1, 11520, 12288, 12288, 12288, 12288, 11520 ]
N3	127	LIVE	16	12	10	4	0	[ 1, 23, 34, 60, 61, 66, 67, 93, 104, 126 ]	[ 16320, 15360, -1, 16704, -1, -1, 16704, -1, 15360, 16320 ]
N3	131	LIVE	18	18	6	0	0	[ 5, 22, 24, 107, 109, 126 ]	[ 19008, 16128, 18432, 18432, 16128, 19008 ]
N3	137	LIVE	17	14	5	3	0	[ 0, 22, 25, 112, 115 ]	[ -1, 16704, -1, -1, 16704 ]
N3	139	LIVE	20	20	6	0	0	[ 32, 35, 54, 85, 104, 107 ]	[ 19200, 20544, 19968, 19968, 20544, 19200 ]
N3	149	LIVE	18	16	8	2	0	[ 1, 11, 21, 46, 103, 128, 138, 148 ]	[ 20736, -1, 24192, 22272, 22272, 24192, -1, 20736 ]
N3	151	LIVE	20	20	6	0	0	[ 1, 50, 66, 85, 101, 150 ]	[ 20736, 24192, 26880, 26880, 24192, 20736 ]
N3	157	LIVE	19	18	5	1	0	[ 0, 66, 75, 82, 91 ]	[ -1, 28800, 22464, 22464, 28800 ]
N3	163	LIVE	24	24	8	0	0	[ 10, 58, 71, 78, 85, 92, 105, 153 ]	[ 28032, 26496, 28800, 25344, 25344, 28800, 26496, 28032 ]
N3	167	LIVE	18	16	9	2	1	[ 12, 19, 59, 75, 92, 108, 148, 155, -1 ]	[ 28608, -1, 29184, 30912, 30912, 29184, -1, 28608, -2 ]
N3	173	LIVE	25	22	7	3	0	[ 0, 8, 22, 75, 98, 151, 165 ]	[ -1, 30720, 32256, -1, -1, 32256, 30720 ]
N3	179	LIVE	26	24	16	2	0	[ 1, 3, 7, 8, 43, 44, 54, 77, 102, 125, 135, 136, 171, 172, 176, 178 ]	[ 31872, 29376, 31296, 28800, -1, 33792, 28800, 30720, 30720, 28800, 33792, -1, 28800, 31296, 29376, 31872 ]
N3	181	LIVE	21	18	11	3	0	[ 0, 8, 10, 14, 15, 30, 151, 166, 167, 171, 173 ]	[ -1, 33792, 31872, 33600, -1, 30720, 30720, -1, 33600, 31872, 33792 ]
N3	191	LIVE	24	20	9	4	1	[ 18, 28, 41, 82, 109, 150, 163, 173, -1 ]	[ -1, 30912, 37440, -1, -1, 37440, 30912, -1, -2 ]
N3	193	LIVE	27	20	12	7	1	[ 0, 23, 51, 87, 89, 90, 103, 104, 106, 142, 170, -1 ]	[ -1, -1, -1, 33600, -1, 37440, 37440, -1, 33600, -1, -1, -2 ]
N3	197	LIVE	31	30	17	1	0	[ 0, 1, 2, 12, 28, 29, 40, 58, 74, 123, 139, 157, 168, 169, 185, 195, 196 ]	[ -1, 39936, 37248, 34560, 37248, 34560, 43008, 38976, 38976, 38976, 38976, 43008, 34560, 37248, 34560, 37248, 39936 ]
N3	199	LIVE	34	30	10	4	0	[ 8, 29, 38, 43, 45, 154, 156, 161, 170, 191 ]	[ 33792, 39744, 39744, -1, -1, -1, -1, 39744, 39744, 33792 ]
N4	47	LIVE	5	4	2	1	1	[ 0, -1 ]	[ -1, -2 ]
N4	53	LIVE	12	10	6	2	0	[ 1, 3, 5, 48, 50, 52 ]	[ 3072, 2304, -1, -1, 2304, 3072 ]
N4	59	LIVE	5	4	6	1	1	[ 0, 1, 27, 32, 58, -1 ]	[ -1, 2880, 2880, 2880, 2880, -2 ]
N4	61	LIVE	7	6	8	1	1	[ 0, 1, 27, 28, 33, 34, 60, -1 ]	[ -1, 4608, 4224, 4032, 4032, 4224, 4608, -2 ]
N4	67	LIVE	8	8	2	0	0	[ 4, 63 ]	[ 5760, 5760 ]
N4	71	LIVE	9	8	6	1	1	[ 0, 14, 33, 38, 57, -1 ]	[ -1, 4992, 4992, 4992, 4992, -2 ]
N4	73	LIVE	12	12	7	0	1	[ 1, 30, 34, 39, 43, 72, -1 ]	[ 5376, 5376, 4992, 4992, 5376, 5376, -2 ]
N4	79	LIVE	11	8	3	3	0	[ 0, 34, 45 ]	[ -1, -1, -1 ]
N4	83	LIVE	9	8	4	1	1	[ 0, 11, 72, -1 ]	[ -1, 7680, 7680, -2 ]
N4	89	LIVE	17	16	3	1	0	[ 0, 42, 47 ]	[ -1, 7296, 7296 ]
N4	97	LIVE	12	12	5	0	1	[ 18, 23, 74, 79, -1 ]	[ 9216, 10752, 10752, 9216, -2 ]
N4	101	LIVE	12	10	6	2	0	[ 1, 16, 48, 53, 85, 100 ]	[ 10752, -1, 9792, 9792, -1, 10752 ]
N4	103	LIVE	15	10	9	5	0	[ 0, 1, 23, 36, 49, 54, 67, 80, 102 ]	[ -1, -1, 11520, -1, 11520, 11520, -1, 11520, -1 ]
N4	107	LIVE	14	14	9	0	1	[ 1, 16, 30, 41, 66, 77, 91, 106, -1 ]	[ 11520, 12480, 9216, 12288, 12288, 9216, 12480, 11520, -2 ]
N4	109	LIVE	18	18	9	0	1	[ 12, 19, 48, 52, 57, 61, 90, 97, -1 ]	[ 10752, 11136, 12288, 11136, 11136, 12288, 11136, 10752, -2 ]
N4	113	LIVE	14	14	8	0	0	[ 42, 47, 52, 54, 59, 61, 66, 71 ]	[ 12864, 11904, 13824, 12672, 12672, 13824, 11904, 12864 ]
N4	127	LIVE	19	14	9	5	0	[ 0, 7, 24, 35, 37, 90, 92, 103, 120 ]	[ -1, -1, 13440, 15360, -1, -1, 15360, 13440, -1 ]
N4	131	LIVE	24	24	7	0	1	[ 3, 30, 64, 67, 101, 128, -1 ]	[ 21888, 17280, 17280, 17280, 17280, 21888, -2 ]
N4	137	LIVE	19	18	9	1	0	[ 0, 1, 14, 40, 51, 86, 97, 123, 136 ]	[ -1, 18048, 23040, 19008, 18432, 18432, 19008, 23040, 18048 ]
N4	139	LIVE	23	22	9	1	0	[ 0, 24, 37, 38, 62, 77, 101, 102, 115 ]	[ -1, 17856, 19200, 18432, 20544, 20544, 18432, 19200, 17856 ]
N4	149	LIVE	21	20	5	1	0	[ 0, 1, 19, 130, 148 ]	[ -1, 22272, 24192, 24192, 22272 ]
N4	151	LIVE	20	20	6	0	0	[ 1, 3, 16, 135, 148, 150 ]	[ 20736, 24192, 26880, 26880, 24192, 20736 ]
N4	157	LIVE	19	18	8	1	1	[ 0, 62, 74, 76, 81, 83, 95, -1 ]	[ -1, 24768, 22848, 25344, 25344, 22848, 24768, -2 ]
N4	163	LIVE	24	24	10	0	0	[ 1, 10, 30, 54, 79, 84, 109, 133, 153, 162 ]	[ 26496, 23040, 26496, 20736, 26688, 26688, 20736, 26496, 23040, 26496 ]
N4	167	LIVE	23	22	10	1	1	[ 0, 1, 42, 66, 76, 91, 101, 125, 166, -1 ]	[ -1, 28032, 27840, 32256, 25344, 25344, 32256, 27840, 28032, -2 ]
N4	173	LIVE	20	18	8	2	0	[ 49, 53, 71, 72, 101, 102, 120, 124 ]	[ -1, 30912, 27840, 25536, 25536, 27840, 30912, -1 ]
N4	179	LIVE	18	18	9	0	1	[ 1, 6, 73, 86, 93, 106, 173, 178, -1 ]	[ 28032, 31296, 31872, 30144, 30144, 31872, 31296, 28032, -2 ]
N4	181	LIVE	23	20	14	3	1	[ 0, 7, 27, 49, 68, 73, 88, 93, 108, 113, 132, 154, 174, -1 ]	[ -1, 34368, -1, 30720, 36672, 31872, 31488, 31488, 31872, 36672, 30720, -1, 34368, -2 ]
N4	191	LIVE	20	18	11	2	1	[ 13, 15, 27, 51, 52, 139, 140, 164, 176, 178, -1 ]	[ -1, 32256, 35136, 32256, 36864, 36864, 32256, 35136, 32256, -1, -2 ]
N4	193	LIVE	24	24	7	0	1	[ 36, 62, 82, 111, 131, 157, -1 ]	[ 41472, 34560, 35136, 35136, 34560, 41472, -2 ]
N4	197	LIVE	25	24	13	1	0	[ 0, 1, 7, 29, 55, 90, 96, 101, 107, 142, 168, 190, 196 ]	[ -1, 41472, 45696, 36864, 39168, 37248, 33024, 33024, 37248, 39168, 36864, 45696, 41472 ]
N4	199	LIVE	29	26	17	3	0	[ 0, 13, 20, 24, 25, 36, 48, 62, 77, 122, 137, 151, 163, 174, 175, 179, 186 ]	[ -1, 41472, 40320, 41088, 43008, -1, 40512, 44928, 33024, 33024, 44928, 40512, -1, 43008, 41088, 40320, 41472 ]
N10	47	LIVE	10	8	8	2	0	[ 1, 13, 14, 15, 32, 33, 34, 46 ]	[ 2304, 1728, -1, 2304, 2304, -1, 1728, 2304 ]
N10	53	LIVE	8	6	4	2	0	[ 16, 25, 28, 37 ]	[ 3072, -1, -1, 3072 ]
N10	59	LIVE	6	2	4	4	0	[ 1, 8, 51, 58 ]	[ -1, -1, -1, -1 ]
N10	61	LIVE	10	8	2	2	0	[ 9, 52 ]	[ -1, -1 ]
N10	67	LIVE	12	12	5	0	1	[ 1, 28, 39, 66, -1 ]	[ 4800, 5760, 5760, 4800, -2 ]
N10	71	LIVE	8	6	7	2	1	[ 1, 2, 6, 65, 69, 70, -1 ]	[ 4992, -1, 4032, 4032, -1, 4992, -2 ]
N10	73	DEAD	8	8	0	0	0	[]	[]
N11	47	LIVE	10	8	8	2	0	[ 1, 4, 6, 18, 29, 41, 43, 46 ]	[ 2688, 2304, -1, 2880, 2880, -1, 2304, 2688 ]
N11	53	LIVE	12	10	6	2	0	[ 2, 10, 21, 32, 43, 51 ]	[ -1, 3072, 2304, 2304, 3072, -1 ]
N11	59	LIVE	8	8	7	0	1	[ 1, 4, 9, 50, 55, 58, -1 ]	[ 3456, 3456, 3456, 3456, 3456, 3456, -2 ]
N11	61	LIVE	8	8	1	0	1	[ -1 ]	[ -2 ]
N11	67	LIVE	12	10	4	2	0	[ 11, 28, 39, 56 ]	[ -1, 5376, 5376, -1 ]
N11	71	LIVE	14	10	9	4	1	[ 1, 6, 8, 35, 36, 63, 65, 70, -1 ]	[ 4608, -1, -1, 5760, 5760, -1, -1, 4608, -2 ]
N11	73	LIVE	10	10	4	0	0	[ 1, 23, 50, 72 ]	[ 5760, 4992, 4992, 5760 ]
N11	79	LIVE	14	12	5	2	1	[ 1, 18, 61, 78, -1 ]	[ 5760, -1, -1, 5760, -2 ]
N11	83	LIVE	12	12	9	0	1	[ 1, 3, 5, 22, 61, 78, 80, 82, -1 ]	[ 7680, 6528, 6912, 6912, 6912, 6912, 6528, 7680, -2 ]
N11	89	LIVE	10	8	8	2	0	[ 1, 8, 34, 41, 48, 55, 81, 88 ]	[ 9216, -1, 9216, 6912, 6912, 9216, -1, 9216 ]
N11	97	LIVE	12	10	6	2	0	[ 1, 29, 31, 66, 68, 96 ]	[ 10752, 11136, -1, -1, 11136, 10752 ]
N11	101	LIVE	11	8	8	3	1	[ 0, 1, 31, 41, 60, 70, 100, -1 ]	[ -1, 13440, 11136, -1, -1, 11136, 13440, -2 ]
N11	103	LIVE	17	12	13	5	0	[ 0, 1, 8, 17, 26, 31, 41, 62, 72, 77, 86, 95, 102 ]	[ -1, 9984, 12480, -1, -1, 10560, 9792, 9792, 10560, -1, -1, 12480, 9984 ]
N11	107	LIVE	11	10	7	1	0	[ 0, 1, 23, 33, 74, 84, 106 ]	[ -1, 10752, 12288, 10752, 10752, 12288, 10752 ]
N11	109	LIVE	16	14	4	2	0	[ 14, 29, 80, 95 ]	[ 12864, -1, -1, 12864 ]
N11	113	LIVE	19	10	14	9	1	[ 0, 1, 4, 26, 40, 41, 53, 60, 72, 73, 87, 109, 112, -1 ]	[ -1, 11520, -1, -1, 12480, -1, -1, -1, -1, 12480, -1, -1, 11520, -2 ]
N11	127	LIVE	22	20	13	2	1	[ 1, 21, 23, 25, 39, 54, 73, 88, 102, 104, 106, 126, -1 ]	[ 16128, 18432, -1, 16320, 16128, 17856, 17856, 16128, 16320, -1, 18432, 16128, -2 ]
N11	131	LIVE	18	16	5	2	1	[ 24, 51, 80, 107, -1 ]	[ -1, 16128, 16128, -1, -2 ]
N11	137	LIVE	17	10	12	7	1	[ 0, 6, 10, 23, 44, 60, 77, 93, 114, 127, 131, -1 ]	[ -1, 18240, -1, -1, 17664, -1, -1, 17664, -1, -1, 18240, -2 ]
N11	139	LIVE	16	16	5	0	1	[ 22, 32, 107, 117, -1 ]	[ 17280, 21120, 21120, 17280, -2 ]
N11	149	LIVE	28	28	10	0	0	[ 1, 6, 19, 34, 43, 106, 115, 130, 143, 148 ]	[ 24192, 23040, 23424, 23040, 24768, 24768, 23040, 23424, 23040, 24192 ]
N11	151	LIVE	24	20	9	4	1	[ 8, 35, 36, 66, 85, 115, 116, 143, -1 ]	[ 24192, -1, -1, 23232, 23232, -1, -1, 24192, -2 ]
N11	157	LIVE	23	16	20	7	1	[ 0, 1, 5, 10, 23, 26, 33, 55, 61, 73, 84, 96, 102, 124, 131, 134, 147, 152, 156, -1 ]	[ -1, 23040, 24768, -1, -1, 23040, -1, 24576, 25344, 25344, 25344, 25344, 24576, -1, 23040, -1, -1, 24768, 23040, -2 ]
N11	163	LIVE	26	26	8	0	0	[ 17, 21, 37, 39, 124, 126, 142, 146 ]	[ 27456, 25344, 23040, 25920, 25920, 23040, 25344, 27456 ]
N11	167	LIVE	20	20	10	0	0	[ 8, 19, 45, 74, 77, 90, 93, 122, 148, 159 ]	[ 27840, 25344, 26496, 28032, 28800, 28800, 28032, 26496, 25344, 27840 ]
N11	173	LIVE	18	18	11	0	1	[ 1, 18, 40, 58, 68, 105, 115, 133, 155, 172, -1 ]	[ 33792, 30144, 30720, 29760, 31296, 31296, 29760, 30720, 30144, 33792, -2 ]
N11	179	LIVE	20	20	12	0	0	[ 1, 16, 42, 55, 69, 82, 97, 110, 124, 137, 163, 178 ]	[ 33792, 31872, 29952, 30720, 38400, 30720, 30720, 38400, 30720, 29952, 31872, 33792 ]
N11	181	LIVE	20	20	17	0	1	[ 1, 3, 14, 38, 44, 55, 69, 71, 110, 112, 126, 137, 143, 167, 178, 180, -1 ]	[ 36864, 33024, 28800, 30720, 30720, 33024, 30720, 30144, 30144, 30720, 33024, 30720, 30720, 28800, 33024, 36864, -2 ]
N11	191	LIVE	28	26	15	2	1	[ 1, 2, 8, 17, 36, 64, 74, 117, 127, 155, 174, 183, 189, 190, -1 ]	[ 39936, 32256, -1, 41472, 32256, 39936, 33024, 33024, 39936, 32256, 41472, -1, 32256, 39936, -2 ]
N11	193	LIVE	26	26	13	0	1	[ 1, 12, 39, 43, 81, 89, 104, 112, 150, 154, 181, 192, -1 ]	[ 36864, 32256, 32256, 36864, 36864, 37056, 37056, 36864, 36864, 32256, 32256, 36864, -2 ]
N11	197	LIVE	24	20	12	4	0	[ 1, 14, 24, 27, 41, 73, 124, 156, 170, 173, 183, 196 ]	[ -1, -1, 42240, 37248, 42240, 37248, 37248, 42240, 37248, 42240, -1, -1 ]
N11	199	LIVE	18	18	10	0	0	[ 1, 6, 17, 54, 63, 136, 145, 182, 193, 198 ]	[ 39936, 36864, 38976, 39744, 36864, 36864, 39744, 38976, 36864, 39936 ]
O4	47	LIVE	9	8	2	1	1	[ 0, -1 ]	[ -1, -2 ]
O4	53	LIVE	7	6	6	1	1	[ 0, 1, 22, 31, 52, -1 ]	[ -1, 2880, 3072, 3072, 2880, -2 ]
O4	59	LIVE	8	8	4	0	0	[ 1, 21, 38, 58 ]	[ 3456, 2304, 2304, 3456 ]
O4	61	LIVE	8	8	1	0	1	[ -1 ]	[ -2 ]
O4	67	LIVE	11	8	5	3	0	[ 0, 1, 22, 45, 66 ]	[ -1, 4800, -1, -1, 4800 ]
O4	71	LIVE	11	6	9	5	0	[ 0, 1, 15, 34, 35, 36, 37, 56, 70 ]	[ -1, 4992, 4608, -1, -1, -1, -1, 4608, 4992 ]
O4	73	LIVE	7	6	1	1	0	[ 0 ]	[ -1 ]
O4	79	LIVE	8	6	3	2	1	[ 39, 40, -1 ]	[ -1, -1, -2 ]
O4	83	LIVE	14	12	9	2	1	[ 1, 20, 21, 34, 49, 62, 63, 82, -1 ]	[ 6912, -1, 7680, 6912, 6912, 7680, -1, 6912, -2 ]
O4	89	LIVE	16	14	10	2	0	[ 6, 9, 12, 17, 44, 45, 72, 77, 80, 83 ]	[ 8256, 10368, -1, 7680, 7680, 7680, 7680, -1, 10368, 8256 ]
O4	97	LIVE	11	10	5	1	0	[ 0, 2, 48, 49, 95 ]	[ -1, 9216, 9216, 9216, 9216 ]
O4	101	LIVE	13	12	9	1	0	[ 0, 4, 20, 43, 50, 51, 58, 81, 97 ]	[ -1, 11136, 11520, 9216, 11520, 11520, 9216, 11520, 11136 ]
O4	103	LIVE	12	12	8	0	0	[ 1, 13, 40, 51, 52, 63, 90, 102 ]	[ 11520, 9216, 10752, 11520, 11520, 10752, 9216, 11520 ]
O4	107	LIVE	18	16	11	2	1	[ 1, 8, 37, 39, 42, 65, 68, 70, 99, 106, -1 ]	[ 12864, 11904, 13440, -1, 10752, 10752, -1, 13440, 11904, 12864, -2 ]
O4	109	LIVE	14	14	9	0	1	[ 16, 23, 40, 54, 55, 69, 86, 93, -1 ]	[ 11904, 13440, 12288, 11520, 11520, 12288, 13440, 11904, -2 ]
O4	113	LIVE	14	12	13	2	1	[ 1, 2, 9, 38, 41, 56, 57, 72, 75, 104, 111, 112, -1 ]	[ 11520, 12288, 13824, 12288, -1, 11904, 11904, -1, 12288, 13824, 12288, 11520, -2 ]
O4	127	LIVE	20	20	10	0	0	[ 3, 9, 19, 55, 63, 64, 72, 108, 118, 124 ]	[ 15744, 16704, 18432, 17280, 15552, 15552, 17280, 18432, 16704, 15744 ]
O4	131	LIVE	14	12	10	2	0	[ 11, 26, 46, 61, 65, 66, 70, 85, 105, 120 ]	[ 16128, 16128, -1, 20736, 16128, 16128, 20736, -1, 16128, 16128 ]
O4	137	LIVE	14	14	7	0	1	[ 24, 26, 33, 104, 111, 113, -1 ]	[ 18816, 17664, 16320, 16320, 17664, 18816, -2 ]
O4	139	LIVE	21	20	8	1	1	[ 0, 28, 33, 69, 70, 106, 111, -1 ]	[ -1, 18240, 20736, 19200, 19200, 20736, 18240, -2 ]
O4	149	LIVE	17	16	1	1	0	[ 0 ]	[ -1 ]
O4	151	LIVE	22	20	13	2	1	[ 1, 3, 9, 28, 31, 39, 112, 120, 123, 142, 148, 150, -1 ]	[ 22656, -1, 20736, 20736, 25344, 22656, 22656, 25344, 20736, 20736, -1, 22656, -2 ]
O4	157	LIVE	22	20	4	2	0	[ 62, 76, 81, 95 ]	[ 19584, -1, -1, 19584 ]
O4	163	LIVE	21	18	15	3	0	[ 0, 1, 19, 20, 28, 56, 66, 81, 82, 97, 107, 135, 143, 144, 162 ]	[ -1, 29376, 25536, 28032, -1, 23616, 26880, 26688, 26688, 26880, 23616, -1, 28032, 25536, 29376 ]
O4	167	LIVE	27	26	12	1	1	[ 0, 10, 35, 46, 48, 60, 107, 119, 121, 132, 157, -1 ]	[ -1, 29376, 26496, 30720, 25344, 27648, 27648, 25344, 30720, 26496, 29376, -2 ]
O4	173	LIVE	25	24	16	1	1	[ 0, 33, 34, 42, 48, 70, 76, 86, 87, 97, 103, 125, 131, 139, 140, -1 ]	[ -1, 30528, 26112, 26112, 26112, 29184, 28800, 29184, 29184, 28800, 29184, 26112, 26112, 26112, 30528, -2 ]
O4	179	LIVE	20	20	8	0	0	[ 1, 3, 80, 86, 93, 99, 176, 178 ]	[ 31872, 35904, 30720, 30912, 30912, 30720, 35904, 31872 ]
O4	181	LIVE	22	22	7	0	1	[ 5, 17, 22, 159, 164, 176, -1 ]	[ 33024, 33024, 31488, 31488, 33024, 33024, -2 ]
O4	191	LIVE	25	22	19	3	0	[ 0, 1, 20, 30, 37, 38, 39, 49, 54, 64, 127, 137, 142, 152, 153, 154, 161, 171, 190 ]	[ -1, 36864, 32256, 38016, 39936, 38784, 34944, 36864, 41472, -1, -1, 41472, 36864, 34944, 38784, 39936, 38016, 32256, 36864 ]
O4	193	LIVE	27	26	11	1	0	[ 0, 1, 29, 41, 64, 80, 113, 129, 152, 164, 192 ]	[ -1, 39936, 33600, 34944, 37248, 38208, 38208, 37248, 34944, 33600, 39936 ]
O4	197	LIVE	25	22	18	3	1	[ 0, 17, 39, 51, 67, 74, 78, 79, 85, 112, 118, 119, 123, 130, 146, 158, 180, -1 ]	[ -1, 40704, 40512, 43008, 43008, 43008, 38400, 38784, -1, -1, 38784, 38400, 43008, 43008, 43008, 40512, 40704, -2 ]
O4	199	LIVE	24	22	9	2	1	[ 39, 42, 54, 98, 101, 145, 157, 160, -1 ]	[ 38400, 39744, 38208, -1, -1, 38208, 39744, 38400, -2 ]
O9	47	LIVE	6	6	2	0	0	[ 1, 46 ]	[ 2688, 2688 ]
O9	53	LIVE	8	8	5	0	1	[ 18, 21, 32, 35, -1 ]	[ 3264, 2880, 2880, 3264, -2 ]
O9	59	LIVE	10	10	2	0	0	[ 1, 58 ]	[ 2304, 2304 ]
O9	61	LIVE	8	8	3	0	1	[ 1, 60, -1 ]	[ 3072, 3072, -2 ]
O9	67	LIVE	8	6	6	2	0	[ 1, 2, 27, 40, 65, 66 ]	[ 5760, -1, 5376, 5376, -1, 5760 ]
O9	71	LIVE	12	8	6	4	0	[ 1, 7, 16, 55, 64, 70 ]	[ 5760, -1, -1, -1, -1, 5760 ]
O9	73	LIVE	10	10	3	0	1	[ 30, 43, -1 ]	[ 4992, 4992, -2 ]
O9	79	LIVE	12	10	6	2	0	[ 11, 20, 39, 40, 59, 68 ]	[ 6144, 5760, -1, -1, 5760, 6144 ]
O9	83	LIVE	14	12	11	2	1	[ 1, 7, 31, 32, 38, 45, 51, 52, 76, 82, -1 ]	[ 8448, 6528, -1, 5952, 6336, 6336, 5952, -1, 6528, 8448, -2 ]
O9	89	LIVE	16	14	4	2	0	[ 16, 30, 59, 73 ]	[ 9216, -1, -1, 9216 ]
O9	97	LIVE	18	16	15	2	1	[ 1, 2, 5, 14, 15, 16, 38, 59, 81, 82, 83, 92, 95, 96, -1 ]	[ 8448, 10752, 9408, -1, 8640, 10368, 10752, 10752, 10368, 8640, -1, 9408, 10752, 8448, -2 ]
O9	101	LIVE	14	14	9	0	1	[ 1, 15, 18, 22, 79, 83, 86, 100, -1 ]	[ 10752, 11136, 10752, 10752, 10752, 10752, 11136, 10752, -2 ]
O9	103	LIVE	12	10	10	2	0	[ 1, 15, 22, 27, 36, 67, 76, 81, 88, 102 ]	[ 13440, 10176, 9216, 10560, -1, -1, 10560, 9216, 10176, 13440 ]
O9	107	LIVE	17	14	13	3	0	[ 0, 1, 10, 15, 22, 27, 32, 75, 80, 85, 92, 97, 106 ]	[ -1, 9216, -1, 11520, 13824, 11520, 12288, 12288, 11520, 13824, 11520, -1, 9216 ]
O9	109	LIVE	18	18	6	0	0	[ 1, 15, 20, 89, 94, 108 ]	[ 9216, 11520, 11520, 11520, 11520, 9216 ]
O9	113	LIVE	17	14	7	3	0	[ 0, 1, 15, 41, 72, 98, 112 ]	[ -1, 10752, 10752, -1, -1, 10752, 10752 ]
O9	127	LIVE	18	14	11	4	1	[ 1, 5, 15, 37, 58, 69, 90, 112, 122, 126, -1 ]	[ 18432, -1, 17280, -1, 16704, 16704, -1, 17280, -1, 18432, -2 ]
O9	131	LIVE	18	18	6	0	0	[ 3, 21, 38, 93, 110, 128 ]	[ 18816, 19392, 16128, 16128, 19392, 18816 ]
O9	137	LIVE	19	16	9	3	0	[ 0, 28, 38, 57, 58, 79, 80, 99, 109 ]	[ -1, -1, 18432, 18240, 18816, 18816, 18240, 18432, -1 ]
O9	139	LIVE	22	22	8	0	0	[ 1, 5, 26, 49, 90, 113, 134, 138 ]	[ 20736, 19200, 23040, 20736, 20736, 23040, 19200, 20736 ]
O9	149	LIVE	26	24	12	2	0	[ 1, 7, 15, 37, 39, 61, 88, 110, 112, 134, 142, 148 ]	[ 23040, 23424, 20736, -1, 19968, 21504, 21504, 19968, -1, 20736, 23424, 23040 ]
O9	151	LIVE	16	14	8	2	0	[ 1, 15, 34, 40, 111, 117, 136, 150 ]	[ 23040, 23232, -1, 24768, 24768, -1, 23232, 23040 ]
O9	157	LIVE	15	14	7	1	0	[ 0, 14, 15, 47, 110, 142, 143 ]	[ -1, 22272, 25536, 24192, 24192, 25536, 22272 ]
O9	163	LIVE	24	22	14	2	0	[ 1, 6, 15, 17, 73, 77, 78, 85, 86, 90, 146, 148, 157, 162 ]	[ 24192, 26688, 25344, 26496, -1, 28032, 25536, 25536, 28032, -1, 26496, 25344, 26688, 24192 ]
O9	167	LIVE	23	20	9	3	0	[ 0, 12, 15, 26, 44, 123, 141, 152, 155 ]	[ -1, 29184, 29184, 32256, -1, -1, 32256, 29184, 29184 ]
O9	173	LIVE	24	22	12	2	0	[ 1, 6, 27, 42, 52, 55, 118, 121, 131, 146, 167, 172 ]	[ 33792, 26112, 30528, 30528, -1, 29952, 29952, -1, 30528, 30528, 26112, 33792 ]
O9	179	LIVE	22	20	7	2	1	[ 12, 15, 50, 129, 164, 167, -1 ]	[ -1, 35904, 36864, 36864, 35904, -1, -2 ]
O9	181	LIVE	23	22	8	1	1	[ 0, 39, 53, 79, 102, 128, 142, -1 ]	[ -1, 30720, 31488, 31488, 31488, 31488, 30720, -2 ]
O9	191	LIVE	24	20	14	4	0	[ 1, 44, 53, 54, 58, 61, 95, 96, 130, 133, 137, 138, 147, 190 ]	[ 34944, 36672, 34368, -1, 39936, -1, 36672, 36672, -1, 39936, -1, 34368, 36672, 34944 ]
O9	193	LIVE	22	20	14	2	0	[ 1, 16, 23, 26, 51, 72, 86, 107, 121, 142, 167, 170, 177, 192 ]	[ 39936, 41472, 40704, 42240, -1, 36864, 32256, 32256, 36864, -1, 42240, 40704, 41472, 39936 ]
O9	197	LIVE	28	26	11	2	1	[ 1, 7, 15, 48, 83, 114, 149, 182, 190, 196, -1 ]	[ 36864, 36864, 41472, -1, 43008, 43008, -1, 41472, 36864, 36864, -2 ]
O9	199	LIVE	28	26	7	2	1	[ 15, 34, 36, 163, 165, 184, -1 ]	[ 43008, -1, 42240, 42240, -1, 43008, -2 ]
R3	47	LIVE	8	8	6	0	0	[ 1, 14, 17, 30, 33, 46 ]	[ 2304, 2880, 2304, 2304, 2880, 2304 ]
R3	53	LIVE	7	6	3	1	0	[ 0, 6, 47 ]	[ -1, 2304, 2304 ]
R3	59	LIVE	12	8	8	4	0	[ 5, 15, 19, 28, 31, 40, 44, 54 ]	[ 2880, 3072, -1, -1, -1, -1, 3072, 2880 ]
R3	61	LIVE	8	6	4	2	0	[ 1, 15, 46, 60 ]	[ -1, 3264, 3264, -1 ]
R3	67	LIVE	18	0	18	18	0	[ 1, 9, 13, 16, 20, 21, 22, 23, 32, 35, 44, 45, 46, 47, 51, 54, 58, 66 ]	[ -1, -1, -1, -1, -1, -1, -1, -1, -1, -1, -1, -1, -1, -1, -1, -1, -1, -1 ]
R3	71	LIVE	8	8	2	0	0	[ 1, 70 ]	[ 6336, 6336 ]
R3	73	LIVE	9	6	3	3	0	[ 0, 24, 49 ]	[ -1, -1, -1 ]
R3	79	LIVE	16	12	8	4	0	[ 15, 23, 31, 37, 42, 48, 56, 64 ]	[ -1, 6336, 6336, -1, -1, 6336, 6336, -1 ]
R3	83	LIVE	14	10	6	4	0	[ 23, 37, 41, 42, 46, 60 ]	[ -1, 5952, -1, -1, 5952, -1 ]
R3	89	LIVE	16	10	12	6	0	[ 6, 8, 33, 37, 41, 44, 45, 48, 52, 56, 81, 83 ]	[ 9216, -1, -1, 6912, 9216, -1, -1, 9216, 6912, -1, -1, 9216 ]
R3	97	LIVE	12	12	1	0	1	[ -1 ]	[ -2 ]
R3	101	LIVE	18	16	12	2	0	[ 1, 9, 19, 27, 33, 48, 53, 68, 74, 82, 92, 100 ]	[ 9792, 9408, 9792, 11520, 11520, -1, -1, 11520, 11520, 9792, 9408, 9792 ]
R3	103	LIVE	14	12	9	2	1	[ 12, 27, 36, 50, 53, 67, 76, 91, -1 ]	[ 11520, -1, 10752, 11520, 11520, 10752, -1, 11520, -2 ]
R3	107	LIVE	8	6	4	2	0	[ 4, 24, 83, 103 ]	[ -1, 11520, 11520, -1 ]
R3	109	LIVE	16	14	10	2	0	[ 1, 18, 21, 46, 49, 60, 63, 88, 91, 108 ]	[ 11136, 11520, -1, 12288, 11520, 11520, 12288, -1, 11520, 11136 ]
R3	113	LIVE	15	14	7	1	0	[ 0, 1, 19, 22, 91, 94, 112 ]	[ -1, 12288, 12288, 13248, 13248, 12288, 12288 ]
R3	127	LIVE	12	12	2	0	0	[ 20, 107 ]	[ 16128, 16128 ]
R3	131	LIVE	18	16	10	2	0	[ 1, 6, 32, 51, 63, 68, 80, 99, 125, 130 ]	[ 17280, 16128, -1, 17280, 17280, 17280, 17280, -1, 16128, 17280 ]
R3	137	LIVE	18	14	8	4	0	[ 1, 7, 38, 45, 92, 99, 130, 136 ]	[ 18432, -1, 18816, -1, -1, 18816, -1, 18432 ]
R3	139	LIVE	20	16	12	4	0	[ 3, 5, 28, 29, 48, 60, 79, 91, 110, 111, 134, 136 ]	[ -1, 20544, 19392, 17280, 20544, -1, -1, 20544, 17280, 19392, 20544, -1 ]
R3	149	LIVE	20	16	10	4	0	[ 4, 18, 27, 30, 67, 82, 119, 122, 131, 145 ]	[ -1, 24768, -1, 21504, 23040, 23040, 21504, -1, 24768, -1 ]
R3	151	LIVE	20	20	12	0	0	[ 14, 18, 22, 48, 51, 54, 97, 100, 103, 129, 133, 137 ]	[ 25344, 24192, 23616, 23040, 18432, 20736, 20736, 18432, 23040, 23616, 24192, 25344 ]
R3	157	LIVE	24	20	10	4	0	[ 18, 21, 40, 44, 51, 106, 113, 117, 136, 139 ]	[ 25344, -1, -1, 23040, 23808, 23808, 23040, -1, -1, 25344 ]
R3	163	LIVE	16	14	10	2	0	[ 3, 7, 21, 27, 71, 92, 136, 142, 156, 160 ]	[ 24192, 23040, 28800, -1, 26496, 26496, -1, 28800, 23040, 24192 ]
R3	167	LIVE	22	20	11	2	1	[ 1, 44, 49, 50, 74, 93, 117, 118, 123, 166, -1 ]	[ 29184, -1, 28032, 25344, 26496, 26496, 25344, 28032, -1, 29184, -2 ]
R3	173	LIVE	23	22	13	1	0	[ 0, 1, 16, 44, 48, 69, 79, 94, 104, 125, 129, 157, 172 ]	[ -1, 28032, 36864, 31488, 29952, 36864, 28032, 28032, 36864, 29952, 31488, 36864, 28032 ]
R3	179	LIVE	18	14	12	4	0	[ 3, 6, 11, 20, 51, 57, 122, 128, 159, 168, 173, 176 ]	[ 36864, 36864, -1, 28032, -1, 33024, 33024, -1, 28032, -1, 36864, 36864 ]
R3	181	LIVE	19	18	7	1	0	[ 0, 6, 18, 81, 100, 163, 175 ]	[ -1, 28800, 30720, 28800, 28800, 30720, 28800 ]
R3	191	LIVE	34	34	16	0	0	[ 55, 65, 66, 71, 75, 82, 84, 89, 102, 107, 109, 116, 120, 125, 126, 136 ]	[ 36480, 34944, 34560, 36480, 36864, 38016, 36288, 36672, 36672, 36288, 38016, 36864, 36480, 34560, 34944, 36480 ]
R3	193	LIVE	25	22	7	3	0	[ 0, 34, 85, 96, 97, 108, 159 ]	[ -1, -1, 40704, 39552, 39552, 40704, -1 ]
R3	197	LIVE	25	24	7	1	0	[ 0, 1, 18, 39, 158, 179, 196 ]	[ -1, 35904, 36864, 35136, 35136, 36864, 35904 ]
R3	199	LIVE	30	28	21	2	1	[ 4, 26, 28, 34, 46, 50, 66, 72, 74, 93, 106, 125, 127, 133, 149, 153, 165, 171, 173, 195, -1 ]	[ 42048, 44736, 41088, 38016, 39552, 43008, -1, 37440, 38400, 42048, 42048, 38400, 37440, -1, 43008, 39552, 38016, 41088, 44736, 42048, -2 ]
R7	47	SKIP_COEFFICIENT	-1	-1	-1	-1	-1	[]	[]
R7	53	LIVE	7	6	5	1	0	[ 0, 1, 7, 46, 52 ]	[ -1, 2304, 3072, 3072, 2304 ]
R7	59	LIVE	10	8	6	2	0	[ 1, 7, 20, 39, 52, 58 ]	[ 3264, -1, 2304, 2304, -1, 3264 ]
R7	61	LIVE	5	4	3	1	0	[ 0, 1, 60 ]	[ -1, 3072, 3072 ]
R7	67	LIVE	12	8	4	4	0	[ 26, 29, 38, 41 ]	[ -1, -1, -1, -1 ]
R7	71	LIVE	12	8	6	4	0	[ 1, 12, 25, 46, 59, 70 ]	[ 4992, -1, -1, -1, -1, 4992 ]
R7	73	LIVE	11	10	3	1	0	[ 0, 16, 57 ]	[ -1, 6336, 6336 ]
R7	79	LIVE	14	10	7	4	1	[ 19, 23, 26, 53, 56, 60, -1 ]	[ -1, 6912, -1, -1, 6912, -1, -2 ]
R7	83	LIVE	14	14	8	0	0	[ 1, 13, 28, 29, 54, 55, 70, 82 ]	[ 6912, 6912, 7680, 6912, 6912, 7680, 6912, 6912 ]
R7	89	LIVE	12	8	6	4	0	[ 16, 19, 23, 66, 70, 73 ]	[ 9216, -1, -1, -1, -1, 9216 ]
R7	97	LIVE	12	6	10	6	0	[ 1, 7, 8, 36, 44, 53, 61, 89, 90, 96 ]	[ -1, 10176, -1, -1, 9216, 9216, -1, -1, 10176, -1 ]
R7	101	LIVE	15	14	5	1	0	[ 0, 15, 39, 62, 86 ]	[ -1, 9984, 9216, 9216, 9984 ]
R7	103	LIVE	10	10	2	0	0	[ 18, 85 ]	[ 11136, 11136 ]
R7	107	LIVE	12	8	8	4	0	[ 1, 2, 11, 22, 85, 96, 105, 106 ]	[ 10944, -1, -1, 10944, 10944, -1, -1, 10944 ]
R7	109	LIVE	18	16	14	2	0	[ 14, 16, 17, 31, 37, 39, 43, 66, 70, 72, 78, 92, 93, 95 ]	[ 13824, 10368, 10368, 11712, -1, 9216, 12864, 12864, 9216, -1, 11712, 10368, 10368, 13824 ]
R7	113	LIVE	18	18	5	0	1	[ 21, 31, 82, 92, -1 ]	[ 11520, 14208, 14208, 11520, -2 ]
R7	127	LIVE	20	18	14	2	0	[ 1, 4, 13, 15, 18, 37, 45, 82, 90, 109, 112, 114, 123, 126 ]	[ 17088, 20736, -1, 16128, 14208, 16128, 19584, 19584, 16128, 14208, 16128, -1, 20736, 17088 ]
R7	131	LIVE	24	22	8	2	0	[ 28, 35, 47, 54, 77, 84, 96, 103 ]	[ 20736, -1, 18432, 17280, 17280, 18432, -1, 20736 ]
R7	137	LIVE	25	24	5	1	0	[ 0, 30, 61, 76, 107 ]	[ -1, 20736, 18816, 18816, 20736 ]
R7	139	LIVE	16	12	12	4	0	[ 1, 20, 22, 28, 37, 63, 76, 102, 111, 117, 119, 138 ]	[ 17280, -1, 16320, -1, 17280, 17280, 17280, 17280, -1, 16320, -1, 17280 ]
R7	149	LIVE	27	24	7	3	0	[ 0, 1, 15, 36, 113, 134, 148 ]	[ -1, 22272, 22848, -1, -1, 22848, 22272 ]
R7	151	LIVE	20	20	8	0	0	[ 6, 18, 47, 71, 80, 104, 133, 145 ]	[ 20736, 24192, 24192, 20736, 20736, 24192, 24192, 20736 ]
R7	157	LIVE	20	16	8	4	0	[ 31, 37, 63, 77, 80, 94, 120, 126 ]	[ 23616, -1, -1, 25344, 25344, -1, -1, 23616 ]
R7	163	LIVE	22	18	8	4	0	[ 15, 23, 59, 80, 83, 104, 140, 148 ]	[ -1, 28800, -1, 27264, 27264, -1, 28800, -1 ]
R7	167	LIVE	20	16	12	4	0	[ 6, 12, 29, 44, 49, 76, 91, 118, 123, 138, 155, 161 ]	[ -1, 30912, 30720, -1, 28032, 26496, 26496, 28032, -1, 30720, 30912, -1 ]
R7	173	LIVE	20	18	4	2	0	[ 41, 66, 107, 132 ]	[ 29952, -1, -1, 29952 ]
R7	179	LIVE	28	24	16	4	0	[ 6, 16, 36, 37, 47, 52, 53, 58, 121, 126, 127, 132, 142, 143, 163, 173 ]	[ -1, 30720, -1, 27456, 33600, 34368, 36864, 33792, 33792, 36864, 34368, 33600, 27456, -1, 30720, -1 ]
R7	181	LIVE	28	26	20	2	0	[ 1, 5, 9, 26, 32, 36, 37, 39, 61, 79, 102, 120, 142, 144, 145, 149, 155, 172, 176, 180 ]	[ 30912, 35904, 32832, 34176, 33408, 30720, -1, 29376, 30720, 30144, 30144, 30720, 29376, -1, 30720, 33408, 34176, 32832, 35904, 30912 ]
R7	191	LIVE	22	20	13	2	1	[ 3, 39, 40, 53, 63, 86, 105, 128, 138, 151, 152, 188, -1 ]	[ -1, 32256, 38016, 34368, 36864, 36864, 36864, 36864, 34368, 38016, 32256, -1, -2 ]
R7	193	LIVE	23	20	3	3	0	[ 0, 40, 153 ]	[ -1, -1, -1 ]
R7	197	LIVE	28	26	10	2	0	[ 12, 23, 45, 55, 70, 127, 142, 152, 174, 185 ]	[ -1, 38016, 40320, 34560, 39552, 39552, 34560, 40320, 38016, -1 ]
R7	199	LIVE	20	16	13	4	1	[ 7, 9, 29, 45, 48, 88, 111, 151, 154, 170, 190, 192, -1 ]	[ 41472, 33792, -1, 43008, 39552, -1, -1, 39552, 43008, -1, 33792, 41472, -2 ]
S1	47	LIVE	7	4	7	3	0	[ 0, 1, 4, 12, 35, 43, 46 ]	[ -1, -1, 2304, 2304, 2304, 2304, -1 ]
S1	53	LIVE	5	4	1	1	0	[ 0 ]	[ -1 ]
S1	59	LIVE	6	6	4	0	0	[ 19, 20, 39, 40 ]	[ 3072, 3264, 3264, 3072 ]
S1	61	LIVE	8	6	4	2	0	[ 1, 27, 34, 60 ]	[ -1, 3456, 3456, -1 ]
S1	67	LIVE	12	8	4	4	0	[ 23, 27, 40, 44 ]	[ -1, -1, -1, -1 ]
S1	71	DEAD	12	12	0	0	0	[]	[]
S3	47	LIVE	8	6	5	2	1	[ 1, 8, 39, 46, -1 ]	[ 2688, -1, -1, 2688, -2 ]
S3	53	LIVE	6	6	5	0	1	[ 2, 14, 39, 51, -1 ]	[ 3072, 2304, 2304, 3072, -2 ]
S3	59	LIVE	8	8	5	0	1	[ 21, 23, 36, 38, -1 ]	[ 3456, 3264, 3264, 3456, -2 ]
S3	61	LIVE	10	8	2	2	0	[ 15, 46 ]	[ -1, -1 ]
S3	67	LIVE	13	12	1	1	0	[ 0 ]	[ -1 ]
S3	71	LIVE	12	12	4	0	0	[ 18, 32, 39, 53 ]	[ 4992, 4032, 4032, 4992 ]
S3	73	LIVE	10	6	8	4	0	[ 1, 16, 18, 27, 46, 55, 57, 72 ]	[ 5376, -1, -1, 5376, 5376, -1, -1, 5376 ]
S3	79	LIVE	8	8	2	0	0	[ 28, 51 ]	[ 7680, 7680 ]
S3	83	LIVE	12	12	6	0	0	[ 18, 34, 40, 43, 49, 65 ]	[ 6912, 9216, 5760, 5760, 9216, 6912 ]
S3	89	LIVE	14	14	9	0	1	[ 1, 3, 29, 35, 54, 60, 86, 88, -1 ]	[ 8256, 8064, 7296, 7680, 7680, 7296, 8064, 8256, -2 ]
S3	97	LIVE	12	8	8	4	0	[ 6, 21, 26, 48, 49, 71, 76, 91 ]	[ 9216, -1, -1, 9984, 9984, -1, -1, 9216 ]
S3	101	LIVE	20	16	10	4	0	[ 25, 26, 43, 47, 48, 53, 54, 58, 75, 76 ]	[ 10752, -1, -1, 10368, 10752, 10752, 10368, -1, -1, 10752 ]
S3	103	LIVE	13	12	4	1	1	[ 0, 3, 100, -1 ]	[ -1, 10176, 10176, -2 ]
S3	107	LIVE	16	14	6	2	0	[ 6, 7, 48, 59, 100, 101 ]	[ 9984, -1, 10560, 10560, -1, 9984 ]
S3	109	LIVE	10	8	6	2	0	[ 1, 18, 50, 59, 91, 108 ]	[ 12864, 12288, -1, -1, 12288, 12864 ]
S3	113	LIVE	15	14	11	1	0	[ 0, 21, 32, 34, 39, 49, 64, 74, 79, 81, 92 ]	[ -1, 14208, 11904, 13824, 14208, 11136, 11136, 14208, 13824, 11904, 14208 ]
S3	127	LIVE	14	10	7	4	1	[ 1, 12, 32, 95, 115, 126, -1 ]	[ 16128, -1, -1, -1, -1, 16128, -2 ]
S3	131	LIVE	22	20	15	2	1	[ 4, 14, 15, 20, 50, 53, 63, 68, 78, 81, 111, 116, 117, 127, -1 ]	[ 16128, 18816, 18432, 16704, 14784, -1, 16128, 16128, -1, 14784, 16704, 18432, 18816, 16128, -2 ]
S3	137	LIVE	18	18	10	0	0	[ 1, 22, 37, 45, 58, 79, 92, 100, 115, 136 ]	[ 19200, 18816, 19200, 19968, 18432, 18432, 19968, 19200, 18816, 19200 ]
S3	139	LIVE	18	18	9	0	1	[ 35, 48, 51, 56, 83, 88, 91, 104, -1 ]	[ 20736, 20544, 18624, 19968, 19968, 18624, 20544, 20736, -2 ]
S3	149	LIVE	22	18	10	4	0	[ 1, 13, 29, 42, 44, 105, 107, 120, 136, 148 ]	[ -1, 23040, 23040, 22272, -1, -1, 22272, 23040, 23040, -1 ]
S3	151	LIVE	26	26	10	0	0	[ 9, 14, 46, 50, 67, 84, 101, 105, 137, 142 ]	[ 22656, 25344, 24192, 23616, 22080, 22080, 23616, 24192, 25344, 22656 ]
S3	157	LIVE	22	22	11	0	1	[ 16, 20, 22, 23, 30, 127, 134, 135, 137, 141, -1 ]	[ 28800, 24000, 27456, 28800, 25344, 25344, 28800, 27456, 24000, 28800, -2 ]
S3	163	LIVE	17	14	9	3	0	[ 0, 29, 37, 50, 71, 92, 113, 126, 134 ]	[ -1, 25920, -1, 21888, 26496, 26496, 21888, -1, 25920 ]
S3	167	LIVE	20	18	7	2	1	[ 11, 25, 60, 107, 142, 156, -1 ]	[ 26112, 30720, -1, -1, 30720, 26112, -2 ]
S3	173	LIVE	26	24	13	2	1	[ 2, 5, 12, 31, 58, 70, 103, 115, 142, 161, 168, 171, -1 ]	[ 27840, 25536, 28608, 34560, 34560, -1, -1, 34560, 34560, 28608, 25536, 27840, -2 ]
S3	179	LIVE	18	18	11	0	1	[ 1, 10, 30, 35, 73, 106, 144, 149, 169, 178, -1 ]	[ 33600, 30720, 35328, 30720, 32256, 32256, 30720, 35328, 30720, 33600, -2 ]
S3	181	LIVE	30	28	18	2	0	[ 4, 14, 27, 39, 46, 53, 65, 68, 81, 100, 113, 116, 128, 135, 142, 154, 167, 177 ]	[ -1, 30720, 30720, 29952, 29952, 30720, 30720, 30720, 30720, 30720, 30720, 30720, 30720, 29952, 29952, 30720, 30720, -1 ]
S3	191	LIVE	28	26	12	2	0	[ 8, 36, 40, 52, 70, 80, 111, 121, 139, 151, 155, 183 ]	[ 35712, 34368, 32256, 36672, -1, 36864, 36864, -1, 36672, 32256, 34368, 35712 ]
S3	193	LIVE	26	26	8	0	0	[ 18, 21, 59, 80, 113, 134, 172, 175 ]	[ 33600, 35904, 39936, 32256, 32256, 39936, 35904, 33600 ]
S3	197	LIVE	24	22	15	2	1	[ 3, 12, 49, 52, 90, 94, 96, 101, 103, 107, 145, 148, 185, 194, -1 ]	[ 43008, -1, 33792, 36480, 37248, 38976, 36864, 36864, 38976, 37248, 36480, 33792, -1, 43008, -2 ]
S3	199	LIVE	27	24	7	3	0	[ 0, 21, 48, 79, 120, 151, 178 ]	[ -1, 39936, -1, 41472, 41472, -1, 39936 ]
V1	47	LIVE	10	8	8	2	0	[ 1, 10, 18, 22, 25, 29, 37, 46 ]	[ 2304, -1, 1728, 2304, 2304, 1728, -1, 2304 ]
V1	53	LIVE	8	6	4	2	0	[ 10, 17, 36, 43 ]	[ 3072, -1, -1, 3072 ]
V1	59	LIVE	6	2	4	4	0	[ 1, 22, 37, 58 ]	[ -1, -1, -1, -1 ]
V1	61	LIVE	10	8	2	2	0	[ 27, 34 ]	[ -1, -1 ]
V1	67	LIVE	13	12	5	1	0	[ 0, 1, 12, 55, 66 ]	[ -1, 4800, 5760, 5760, 4800 ]
V1	71	LIVE	9	6	7	3	0	[ 0, 1, 12, 35, 36, 59, 70 ]	[ -1, 4992, 4032, -1, -1, 4032, 4992 ]
V1	73	DEAD	8	8	0	0	0	[]	[]
W2	47	SKIP_COEFFICIENT	-1	-1	-1	-1	-1	[]	[]
W2	53	LIVE	6	6	5	0	1	[ 3, 11, 42, 50, -1 ]	[ 2304, 2880, 2880, 2304, -2 ]
W2	59	LIVE	8	4	8	4	0	[ 1, 6, 10, 18, 41, 49, 53, 58 ]	[ -1, 3456, 3072, -1, -1, 3072, 3456, -1 ]
W2	61	LIVE	6	4	4	2	0	[ 5, 14, 47, 56 ]	[ -1, 2880, 2880, -1 ]
W2	67	LIVE	8	4	4	4	0	[ 2, 28, 39, 65 ]	[ -1, -1, -1, -1 ]
W2	71	LIVE	12	8	10	4	0	[ 1, 3, 16, 30, 32, 39, 41, 55, 68, 70 ]	[ 5376, -1, -1, 6336, 4800, 4800, 6336, -1, -1, 5376 ]
W2	73	LIVE	10	6	6	4	0	[ 11, 25, 30, 43, 48, 62 ]	[ 5376, -1, -1, -1, -1, 5376 ]
W2	79	LIVE	14	10	8	4	0	[ 1, 7, 27, 31, 48, 52, 72, 78 ]	[ -1, 6912, 6336, -1, -1, 6336, 6912, -1 ]
W2	83	LIVE	14	10	8	4	0	[ 3, 11, 25, 37, 46, 58, 72, 80 ]	[ 6912, -1, 8064, -1, -1, 8064, -1, 6912 ]
W2	89	LIVE	15	6	10	9	1	[ 0, 1, 3, 28, 34, 55, 61, 86, 88, -1 ]	[ -1, -1, -1, -1, -1, -1, -1, -1, -1, -2 ]
W2	97	LIVE	18	12	8	6	0	[ 7, 19, 24, 27, 70, 73, 78, 90 ]	[ -1, -1, -1, 10368, 10368, -1, -1, -1 ]
W2	101	LIVE	14	14	5	0	1	[ 1, 6, 95, 100, -1 ]	[ 9216, 10752, 10752, 9216, -2 ]
W2	103	LIVE	15	10	9	5	0	[ 0, 14, 20, 23, 48, 55, 80, 83, 89 ]	[ -1, -1, 9792, -1, 10752, 10752, -1, 9792, -1 ]
W2	107	LIVE	16	12	12	4	0	[ 1, 2, 8, 11, 19, 23, 84, 88, 96, 99, 105, 106 ]	[ 10368, 9216, -1, -1, 12864, 11520, 11520, 12864, -1, -1, 9216, 10368 ]
W2	109	LIVE	12	10	4	2	0	[ 25, 36, 73, 84 ]	[ 11904, -1, -1, 11904 ]
W2	113	LIVE	18	14	8	4	0	[ 5, 18, 25, 53, 60, 88, 95, 108 ]	[ 11136, 12480, -1, -1, -1, -1, 12480, 11136 ]
W2	127	LIVE	17	12	9	5	0	[ 0, 7, 10, 43, 54, 73, 84, 117, 120 ]	[ -1, -1, 17856, -1, 15360, 15360, -1, 17856, -1 ]
W2	131	LIVE	18	14	14	4	0	[ 1, 8, 17, 22, 35, 43, 63, 68, 88, 96, 109, 114, 123, 130 ]	[ 14784, 17664, 18240, -1, 17856, 17280, -1, -1, 17280, 17856, -1, 18240, 17664, 14784 ]
W2	137	LIVE	21	12	20	9	1	[ 0, 1, 8, 14, 18, 19, 39, 56, 61, 65, 72, 76, 81, 98, 118, 119, 123, 129, 136, -1 ]	[ -1, 19968, 17280, -1, -1, -1, -1, 17280, 18432, 18432, 18432, 18432, 17280, -1, -1, -1, -1, 17280, 19968, -2 ]
W2	139	LIVE	20	16	8	4	0	[ 10, 43, 50, 61, 78, 89, 96, 129 ]	[ -1, 17280, 20736, -1, -1, 20736, 17280, -1 ]
W2	149	LIVE	18	18	5	0	1	[ 22, 51, 98, 127, -1 ]	[ 20544, 24192, 24192, 20544, -2 ]
W2	151	LIVE	21	16	11	5	0	[ 0, 17, 26, 55, 69, 75, 76, 82, 96, 125, 134 ]	[ -1, 21696, 24192, -1, 24192, -1, -1, 24192, -1, 24192, 21696 ]
W2	157	LIVE	20	20	9	0	1	[ 18, 27, 33, 46, 111, 124, 130, 139, -1 ]	[ 23040, 25344, 23040, 25344, 25344, 23040, 25344, 23040, -2 ]
W2	163	LIVE	18	14	10	4	0	[ 26, 39, 41, 64, 67, 96, 99, 122, 124, 137 ]	[ 30912, 29376, -1, 25344, -1, -1, 25344, -1, 29376, 30912 ]
W2	167	LIVE	24	22	12	2	0	[ 2, 16, 25, 72, 77, 82, 85, 90, 95, 142, 151, 165 ]	[ 26688, 28416, -1, 27648, 29184, 26496, 26496, 29184, 27648, -1, 28416, 26688 ]
W2	173	LIVE	24	22	10	2	0	[ 39, 51, 53, 59, 60, 113, 114, 120, 122, 134 ]	[ 32256, 30720, 32256, 32256, -1, -1, 32256, 32256, 30720, 32256 ]
W2	179	LIVE	24	20	10	4	0	[ 14, 25, 46, 68, 80, 99, 111, 133, 154, 165 ]	[ -1, 30720, 36864, 30720, -1, -1, 30720, 36864, 30720, -1 ]
W2	181	LIVE	26	24	12	2	0	[ 1, 10, 13, 22, 36, 85, 96, 145, 159, 168, 171, 180 ]	[ 32640, 30720, 33792, -1, 33408, 34368, 34368, 33408, -1, 33792, 30720, 32640 ]
W2	191	LIVE	25	20	15	5	0	[ 0, 17, 33, 35, 58, 59, 81, 92, 99, 110, 132, 133, 156, 158, 174 ]	[ -1, 36288, 41472, 37248, -1, 38016, 39744, -1, -1, 39744, 38016, -1, 37248, 41472, 36288 ]
W2	193	LIVE	22	18	12	4	0	[ 1, 5, 13, 31, 76, 80, 113, 117, 162, 180, 188, 192 ]	[ 36480, 33792, 36480, -1, -1, 34944, 34944, -1, -1, 36480, 33792, 36480 ]
W2	197	LIVE	24	22	8	2	0	[ 42, 45, 72, 86, 111, 125, 152, 155 ]	[ 45696, -1, 38976, 43200, 43200, 38976, -1, 45696 ]
W2	199	LIVE	28	26	8	2	0	[ 34, 42, 47, 62, 137, 152, 157, 165 ]	[ 44736, -1, 39744, 48384, 48384, 39744, -1, 44736 ]
