p	u	t	w	a	b	c	d	flags	r0	r1	r2	r3
43	0	0	0	0	0	0	21	t0+qrep+qgcd+root0+rootrep+rad0	0	0	0	0
43	0	0	0	0	0	0	22	t0+qrep+qgcd+root0+rootrep+rad0	0	0	0	0
43	0	0	34	0	23	38	27	t0+qrep+qgcd+root0+rad0	0	0	4	10
43	0	0	34	0	23	5	27	t0+qrep+qgcd+root0+rad0	0	0	11	40
43	0	0	34	0	20	38	16	t0+qrep+qgcd+root0+rad0	0	0	11	40
43	0	0	34	0	20	5	16	t0+qrep+qgcd+root0+rad0	0	0	4	10
43	1	0	1	0	1	1	1	t0+qgcd+root0+rootrep+rad0	0	0	4	4
43	1	0	1	0	1	1	42	t0+qgcd+root0+rootrep+rad0	0	0	0	0
43	1	0	1	0	1	42	1	t0+qgcd+root0+rootrep+rad0	0	0	0	0
43	1	0	1	0	1	42	42	t0+qgcd+root0+rootrep+rad0	0	0	0	0
43	1	0	1	0	42	1	1	t0+qgcd+root0+rootrep+rad0	0	0	0	0
43	1	0	1	0	42	1	42	t0+qgcd+root0+rootrep+rad0	0	0	0	0
43	1	0	1	0	42	42	1	t0+qgcd+root0+rootrep+rad0	0	0	0	0
43	1	0	1	0	42	42	42	t0+qgcd+root0+rootrep+rad0	0	0	4	4
43	1	3	30	41	15	15	15	rootrep	1	35	17	17
43	1	3	30	41	15	28	28	rootrep+rad0	1	11	0	0
43	1	3	30	41	28	15	28	rootrep+rad0	1	11	0	0
43	1	3	30	41	28	28	15	rootrep+rad0	1	11	0	0
43	1	3	30	2	15	15	28	rootrep+rad0	1	11	0	0
43	1	3	30	2	15	28	15	rootrep+rad0	1	11	0	0
43	1	3	30	2	28	15	15	rootrep+rad0	1	11	0	0
43	1	3	30	2	28	28	28	rootrep	1	35	17	17
43	1	21	0	41	21	4	25	qrep	14	15	40	38
43	1	21	0	41	21	39	18	qrep	14	36	1	36
43	1	21	0	2	22	4	25	qrep	14	36	1	36
43	1	21	0	2	22	39	18	qrep	14	15	40	38
43	1	21	30	40	10	25	38	qrep	9	41	38	21
43	1	21	30	40	10	18	5	qrep	9	15	31	31
43	1	21	30	3	33	25	38	qrep	9	15	31	31
43	1	21	30	3	33	18	5	qrep	9	41	38	21
43	1	25	2	25	38	38	11	rootrep	38	4	23	23
43	1	25	2	25	38	5	32	rootrep+rad0	38	31	0	0
43	1	25	2	25	5	38	32	rootrep+rad0	38	31	0	0
43	1	25	2	25	5	5	11	rootrep	38	9	6	6
43	1	25	2	18	38	38	32	rootrep	38	9	6	6
43	1	25	2	18	38	5	11	rootrep+rad0	38	31	0	0
43	1	25	2	18	5	38	11	rootrep+rad0	38	31	0	0
43	1	25	2	18	5	5	32	rootrep	38	4	23	23
43	1	39	34	23	23	31	25	qgcd+rootrep	13	11	11	1
43	1	39	34	20	20	12	18	qgcd+rootrep	13	11	11	1
43	2	0	17	0	21	21	25	t0+qgcd+root0+rootrep+rad0	0	0	10	10
43	2	0	17	0	21	21	18	t0+qgcd+root0+rootrep+rad0	0	0	1	1
43	2	0	17	0	21	22	25	t0+qgcd+root0+rootrep+rad0	0	0	0	0
43	2	0	17	0	21	22	18	t0+qgcd+root0+rootrep+rad0	0	0	0	0
43	2	0	17	0	22	21	25	t0+qgcd+root0+rootrep+rad0	0	0	0	0
43	2	0	17	0	22	21	18	t0+qgcd+root0+rootrep+rad0	0	0	0	0
43	2	0	17	0	22	22	25	t0+qgcd+root0+rootrep+rad0	0	0	1	1
43	2	0	17	0	22	22	18	t0+qgcd+root0+rootrep+rad0	0	0	10	10
43	2	1	25	1	42	38	26	qrep+qgcd+rootrep+rad0	1	0	0	17
43	2	1	25	1	42	5	17	qrep+qgcd+rootrep+rad0	1	0	0	17
43	2	1	25	42	1	38	26	qrep+qgcd+rootrep+rad0	1	0	0	17
43	2	1	25	42	1	5	17	qrep+qgcd+rootrep+rad0	1	0	0	17
43	2	2	1	10	10	18	37	qgcd+rootrep	36	40	40	10
43	2	2	1	33	33	25	6	qgcd+rootrep	36	40	40	10
43	2	12	36	0	31	5	16	root0+rad0	0	0	10	23
43	2	12	36	0	12	38	27	root0+rad0	0	0	10	23
43	2	13	18	4	4	26	37	rootrep	41	15	15	31
43	2	13	18	4	39	17	37	rootrep+rad0	41	0	0	10
43	2	13	18	4	39	26	6	rootrep+rad0	41	0	0	10
43	2	13	18	39	4	17	37	rootrep+rad0	41	0	0	10
43	2	13	18	39	4	26	6	rootrep+rad0	41	0	0	10
43	2	13	18	39	39	17	6	rootrep	41	15	15	31
43	2	18	24	36	37	37	16	qgcd+rootrep	10	17	14	14
43	2	18	24	7	6	6	27	qgcd+rootrep	10	17	14	14
43	2	29	16	1	40	3	34	rootrep+rad0	38	21	0	0
43	2	29	16	1	3	40	34	rootrep+rad0	38	21	0	0
43	2	29	16	1	3	3	9	rootrep	38	31	4	4
43	2	29	16	42	40	40	34	rootrep	38	31	4	4
43	2	29	16	42	40	3	9	rootrep+rad0	38	21	0	0
43	2	29	16	42	3	40	9	rootrep+rad0	38	21	0	0
43	2	40	18	41	24	19	5	rootrep+rad0	41	35	0	0
43	2	40	18	41	19	24	5	rootrep+rad0	41	35	0	0
43	2	40	18	2	24	19	38	rootrep+rad0	41	35	0	0
43	2	40	18	2	19	24	38	rootrep+rad0	41	35	0	0
43	3	0	4	0	40	39	14	t0+qgcd+root0+rad0	0	0	38	41
43	3	0	4	0	3	4	29	t0+qgcd+root0+rad0	0	0	38	41
43	3	0	18	0	9	16	27	t0+qgcd+root0+rootrep+rad0	0	0	15	0
43	3	0	18	0	9	27	16	t0+qgcd+root0+rootrep+rad0	0	0	15	0
43	3	0	18	0	9	27	27	t0+qgcd+root0+rootrep+rad0	0	0	13	25
43	3	0	18	0	34	16	16	t0+qgcd+root0+rootrep+rad0	0	0	13	25
43	3	0	18	0	34	16	27	t0+qgcd+root0+rootrep+rad0	0	0	15	0
43	3	0	18	0	34	27	16	t0+qgcd+root0+rootrep+rad0	0	0	15	0
43	3	2	7	40	40	40	4	rootrep	21	21	21	21
43	3	2	7	40	40	3	39	rootrep+rad0	21	0	0	0
43	3	2	7	40	3	40	39	rootrep+rad0	21	0	0	0
43	3	2	7	40	3	3	4	rootrep+rad0	21	0	0	0
43	3	2	7	3	40	40	39	rootrep+rad0	21	0	0	0
43	3	2	7	3	40	3	4	rootrep+rad0	21	0	0	0
43	3	2	7	3	3	40	4	rootrep+rad0	21	0	0	0
43	3	2	7	3	3	3	39	rootrep	21	21	21	21
43	3	16	29	0	11	11	11	qgcd+root0+rootrep+rad0	0	0	41	41
43	3	16	29	0	11	11	32	qgcd+root0+rootrep+rad0	0	0	0	0
43	3	16	29	0	11	32	11	qgcd+root0+rootrep+rad0	0	0	0	0
43	3	16	29	0	11	32	32	qgcd+root0+rootrep+rad0	0	0	0	0
43	3	16	29	0	32	11	11	qgcd+root0+rootrep+rad0	0	0	0	0
43	3	16	29	0	32	11	32	qgcd+root0+rootrep+rad0	0	0	0	0
43	3	16	29	0	32	32	11	qgcd+root0+rootrep+rad0	0	0	0	0
43	3	16	29	0	32	32	32	qgcd+root0+rootrep+rad0	0	0	41	41
43	3	23	29	1	23	18	18	qrep+qgcd+rootrep	13	21	15	15
43	3	23	29	1	20	25	18	qrep+qgcd+rootrep+rad0	13	11	14	0
43	3	23	29	1	20	18	25	qrep+qgcd+rootrep+rad0	13	11	14	0
43	3	23	29	42	23	25	18	qrep+qgcd+rootrep+rad0	13	11	14	0
43	3	23	29	42	23	18	25	qrep+qgcd+rootrep+rad0	13	11	14	0
43	3	23	29	42	20	25	25	qrep+qgcd+rootrep	13	21	15	15
43	4	0	10	0	41	41	24	t0+qgcd+root0+rootrep+rad0	0	0	35	35
43	4	0	10	0	41	2	24	t0+qgcd+root0+rootrep+rad0	0	0	0	0
43	4	0	10	0	41	2	19	t0+qgcd+root0+rootrep+rad0	0	0	0	0
43	4	0	10	0	2	41	24	t0+qgcd+root0+rootrep+rad0	0	0	0	0
43	4	0	10	0	2	41	19	t0+qgcd+root0+rootrep+rad0	0	0	0	0
43	4	0	10	0	2	2	19	t0+qgcd+root0+rootrep+rad0	0	0	35	35
43	4	15	4	0	6	6	13	root0+rootrep+rad0	0	0	38	38
43	4	15	4	0	6	37	13	root0+rootrep+rad0	0	0	0	0
43	4	15	4	0	6	37	30	root0+rootrep+rad0	0	0	0	0
43	4	15	4	0	37	6	13	root0+rootrep+rad0	0	0	0	0
43	4	15	4	0	37	6	30	root0+rootrep+rad0	0	0	0	0
43	4	15	4	0	37	37	30	root0+rootrep+rad0	0	0	38	38
43	4	18	23	23	17	26	37	qgcd+rootrep+rad0	21	14	0	0
43	4	18	23	23	26	17	37	qgcd+rootrep+rad0	21	14	0	0
43	4	18	23	20	17	26	6	qgcd+rootrep+rad0	21	14	0	0
43	4	18	23	20	26	17	6	qgcd+rootrep+rad0	21	14	0	0
43	4	25	6	36	3	17	26	qgcd+rootrep+rad0	6	31	6	0
43	4	25	6	36	3	26	17	qgcd+rootrep+rad0	6	31	6	0
43	4	25	6	7	40	17	26	qgcd+rootrep+rad0	6	31	6	0
43	4	25	6	7	40	26	17	qgcd+rootrep+rad0	6	31	6	0
43	4	41	20	1	4	18	37	qrep	41	41	23	31
43	4	41	20	1	39	18	6	qrep	41	31	35	16
43	4	41	20	42	4	25	37	qrep	41	31	35	16
43	4	41	20	42	39	25	6	qrep	41	41	23	31
43	5	7	13	4	6	37	34	rootrep+rad0	6	13	0	0
43	5	7	13	4	37	6	34	rootrep+rad0	6	13	0	0
43	5	7	13	4	37	37	9	rootrep	6	36	41	41
43	5	7	13	39	6	6	34	rootrep	6	36	41	41
43	5	7	13	39	6	37	9	rootrep+rad0	6	13	0	0
43	5	7	13	39	37	6	9	rootrep+rad0	6	13	0	0
43	5	24	20	36	28	14	29	qrep+qgcd+rootrep+rad0	17	23	24	0
43	5	24	20	36	28	29	14	qrep+qgcd+rootrep+rad0	17	23	24	0
43	5	24	20	7	15	14	29	qrep+qgcd+rootrep+rad0	17	23	24	0
43	5	24	20	7	15	29	14	qrep+qgcd+rootrep+rad0	17	23	24	0
43	5	37	4	21	19	9	34	qgcd+rootrep+rad0	17	24	36	0
43	5	37	4	21	19	34	9	qgcd+rootrep+rad0	17	24	36	0
43	5	37	4	22	24	9	34	qgcd+rootrep+rad0	17	24	36	0
43	5	37	4	22	24	34	9	qgcd+rootrep+rad0	17	24	36	0
43	5	38	18	41	7	23	20	qgcd+rootrep+rad0	10	4	13	0
43	5	38	18	41	7	20	23	qgcd+rootrep+rad0	10	4	13	0
43	5	38	18	2	36	23	20	qgcd+rootrep+rad0	10	4	13	0
43	5	38	18	2	36	20	23	qgcd+rootrep+rad0	10	4	13	0
43	5	39	28	10	25	25	25	qgcd+rootrep	31	40	4	4
43	5	39	28	10	25	18	18	qgcd+rootrep+rad0	31	17	0	0
43	5	39	28	10	18	25	18	qgcd+rootrep+rad0	31	17	0	0
43	5	39	28	10	18	18	25	qgcd+rootrep+rad0	31	17	0	0
43	5	39	28	33	25	25	18	qgcd+rootrep+rad0	31	17	0	0
43	5	39	28	33	25	18	25	qgcd+rootrep+rad0	31	17	0	0
43	5	39	28	33	18	25	25	qgcd+rootrep+rad0	31	17	0	0
43	5	39	28	33	18	18	18	qgcd+rootrep	31	40	4	4
43	6	0	21	0	36	36	25	t0+qgcd+root0+rootrep+rad0	0	0	36	36
43	6	0	21	0	36	7	25	t0+qgcd+root0+rootrep+rad0	0	0	0	0
43	6	0	21	0	36	7	18	t0+qgcd+root0+rootrep+rad0	0	0	0	0
43	6	0	21	0	7	36	25	t0+qgcd+root0+rootrep+rad0	0	0	0	0
43	6	0	21	0	7	36	18	t0+qgcd+root0+rootrep+rad0	0	0	0	0
43	6	0	21	0	7	7	18	t0+qgcd+root0+rootrep+rad0	0	0	36	36
43	6	13	31	0	17	9	9	root0+rootrep+rad0	0	0	15	25
43	6	13	31	0	17	9	34	root0+rootrep+rad0	0	0	41	0
43	6	13	31	0	17	34	9	root0+rootrep+rad0	0	0	41	0
43	6	13	31	0	26	9	34	root0+rootrep+rad0	0	0	41	0
43	6	13	31	0	26	34	9	root0+rootrep+rad0	0	0	41	0
43	6	13	31	0	26	34	34	root0+rootrep+rad0	0	0	15	25
43	6	16	9	10	14	29	27	qgcd+rootrep+rad0	13	41	0	0
43	6	16	9	10	29	14	27	qgcd+rootrep+rad0	13	41	0	0
43	6	16	9	33	14	29	16	qgcd+rootrep+rad0	13	41	0	0
43	6	16	9	33	29	14	16	qgcd+rootrep+rad0	13	41	0	0
43	6	32	36	36	36	23	35	rootrep	14	1	1	41
43	6	32	36	7	7	20	8	rootrep	14	1	1	41
43	6	40	24	10	25	38	9	qrep	16	11	9	21
43	6	40	24	10	18	38	34	qrep	16	24	15	35
43	6	40	24	33	25	5	9	qrep	16	24	15	35
43	6	40	24	33	18	5	34	qrep	16	11	9	21
43	7	0	36	0	41	41	9	t0+qgcd+root0+rootrep+rad0	0	0	17	17
43	7	0	36	0	41	41	34	t0+qgcd+root0+rootrep+rad0	0	0	4	4
43	7	0	36	0	41	2	9	t0+qgcd+root0+rootrep+rad0	0	0	0	0
43	7	0	36	0	41	2	34	t0+qgcd+root0+rootrep+rad0	0	0	0	0
43	7	0	36	0	2	41	9	t0+qgcd+root0+rootrep+rad0	0	0	0	0
43	7	0	36	0	2	41	34	t0+qgcd+root0+rootrep+rad0	0	0	0	0
43	7	0	36	0	2	2	9	t0+qgcd+root0+rootrep+rad0	0	0	4	4
43	7	0	36	0	2	2	34	t0+qgcd+root0+rootrep+rad0	0	0	17	17
43	7	7	9	0	1	1	31	qgcd+root0+rootrep+rad0	0	0	21	21
43	7	7	9	0	1	42	31	qgcd+root0+rootrep+rad0	0	0	0	0
43	7	7	9	0	1	42	12	qgcd+root0+rootrep+rad0	0	0	0	0
43	7	7	9	0	42	1	31	qgcd+root0+rootrep+rad0	0	0	0	0
43	7	7	9	0	42	1	12	qgcd+root0+rootrep+rad0	0	0	0	0
43	7	7	9	0	42	42	12	qgcd+root0+rootrep+rad0	0	0	21	21
43	7	17	11	36	33	33	16	qgcd+rootrep	23	25	25	25
43	7	17	11	7	10	10	27	qgcd+rootrep	23	25	25	25
43	7	17	17	1	14	17	17	rootrep	4	1	11	24
43	7	17	17	1	14	26	26	rootrep	4	13	41	9
43	7	17	17	42	29	17	17	rootrep	4	13	41	9
43	7	17	17	42	29	26	26	rootrep	4	1	11	24
43	7	25	2	10	10	31	9	qrep+rootrep	36	11	11	15
43	7	25	2	10	10	12	34	qrep+rootrep	36	14	14	9
43	7	25	2	33	33	31	9	qrep+rootrep	36	14	14	9
43	7	25	2	33	33	12	34	qrep+rootrep	36	11	11	15
43	7	25	13	24	14	26	26	qrep+rootrep	10	11	15	31
43	7	25	13	19	29	17	17	qrep+rootrep	10	11	15	31
43	7	25	17	35	38	5	30	qrep+qgcd+rootrep+rad0	23	16	0	0
43	7	25	17	35	5	38	30	qrep+qgcd+rootrep+rad0	23	16	0	0
43	7	25	17	8	38	5	13	qrep+qgcd+rootrep+rad0	23	16	0	0
43	7	25	17	8	5	38	13	qrep+qgcd+rootrep+rad0	23	16	0	0
43	7	31	37	31	31	29	32	rootrep	31	9	9	14
43	7	31	37	12	12	14	11	rootrep	31	9	9	14
43	8	0	32	0	1	10	14	t0+qgcd+root0+rad0	0	0	36	41
43	8	0	32	0	1	33	29	t0+qgcd+root0+rad0	0	0	31	14
43	8	0	32	0	42	10	14	t0+qgcd+root0+rad0	0	0	31	14
43	8	0	32	0	42	33	29	t0+qgcd+root0+rad0	0	0	36	41
43	8	4	38	1	1	35	25	qrep+rootrep	15	23	23	1
43	8	4	38	1	1	8	18	qrep+rootrep	15	41	41	35
43	8	4	38	42	42	35	25	qrep+rootrep	15	41	41	35
43	8	4	38	42	42	8	18	qrep+rootrep	15	23	23	1
43	8	4	42	17	11	6	9	qrep	36	31	15	16
43	8	4	42	26	32	37	34	qrep	36	31	15	16
43	8	11	3	0	21	13	13	root0+rootrep+rad0	0	0	31	14
43	8	11	3	0	21	13	30	root0+rootrep+rad0	0	0	25	0
43	8	11	3	0	21	30	13	root0+rootrep+rad0	0	0	25	0
43	8	11	3	0	22	13	30	root0+rootrep+rad0	0	0	25	0
43	8	11	3	0	22	30	13	root0+rootrep+rad0	0	0	25	0
43	8	11	3	0	22	30	30	root0+rootrep+rad0	0	0	31	14
43	8	16	40	21	35	6	6	rootrep	15	13	14	25
43	8	16	40	21	35	37	37	rootrep	15	21	41	16
43	8	16	40	22	8	6	6	rootrep	15	21	41	16
43	8	16	40	22	8	37	37	rootrep	15	13	14	25
43	8	18	22	24	25	27	27	qgcd+rootrep	4	14	24	13
43	8	18	22	24	18	16	27	qgcd+rootrep+rad0	4	17	23	0
43	8	18	22	24	18	27	16	qgcd+rootrep+rad0	4	17	23	0
43	8	18	22	19	25	16	27	qgcd+rootrep+rad0	4	17	23	0
43	8	18	22	19	25	27	16	qgcd+rootrep+rad0	4	17	23	0
43	8	18	22	19	18	16	16	qgcd+rootrep	4	14	24	13
43	8	18	39	1	7	7	10	rootrep	17	16	41	41
43	8	18	39	42	36	36	33	rootrep	17	16	41	41
43	8	29	19	1	37	37	13	qgcd+rootrep	38	6	17	17
43	8	29	19	42	6	6	30	qgcd+rootrep	38	6	17	17
43	9	0	1	0	41	20	14	t0+qgcd+root0+rad0	0	0	4	1
43	9	0	1	0	2	23	29	t0+qgcd+root0+rad0	0	0	4	1
43	9	0	2	0	40	40	5	t0+qgcd+root0+rootrep+rad0	0	0	21	21
43	9	0	2	0	40	3	38	t0+qgcd+root0+rootrep+rad0	0	0	0	0
43	9	0	2	0	40	3	5	t0+qgcd+root0+rootrep+rad0	0	0	0	0
43	9	0	2	0	3	40	38	t0+qgcd+root0+rootrep+rad0	0	0	0	0
43	9	0	2	0	3	40	5	t0+qgcd+root0+rootrep+rad0	0	0	0	0
43	9	0	2	0	3	3	38	t0+qgcd+root0+rootrep+rad0	0	0	21	21
43	9	6	2	40	31	12	5	rootrep+rad0	10	36	0	0
43	9	6	2	40	12	31	5	rootrep+rad0	10	36	0	0
43	9	6	2	40	12	12	38	rootrep	10	9	41	41
43	9	6	2	3	31	31	5	rootrep	10	9	41	41
43	9	6	2	3	31	12	38	rootrep+rad0	10	36	0	0
43	9	6	2	3	12	31	38	rootrep+rad0	10	36	0	0
43	9	10	6	0	23	16	16	root0+rootrep+rad0	0	0	36	41
43	9	10	6	0	23	16	27	root0+rootrep+rad0	0	0	23	0
43	9	10	6	0	23	27	16	root0+rootrep+rad0	0	0	23	0
43	9	10	6	0	20	16	27	root0+rootrep+rad0	0	0	23	0
43	9	10	6	0	20	27	16	root0+rootrep+rad0	0	0	23	0
43	9	10	6	0	20	27	27	root0+rootrep+rad0	0	0	36	41
43	9	38	2	40	5	5	9	rootrep	13	14	24	24
43	9	38	2	3	38	38	34	rootrep	13	14	24	24
43	10	0	12	0	15	15	27	t0+qgcd+root0+rootrep+rad0	0	0	1	1
43	10	0	12	0	15	28	16	t0+qgcd+root0+rootrep+rad0	0	0	0	0
43	10	0	12	0	15	28	27	t0+qgcd+root0+rootrep+rad0	0	0	0	0
43	10	0	12	0	28	15	16	t0+qgcd+root0+rootrep+rad0	0	0	0	0
43	10	0	12	0	28	15	27	t0+qgcd+root0+rootrep+rad0	0	0	0	0
43	10	0	12	0	28	28	16	t0+qgcd+root0+rootrep+rad0	0	0	1	1
43	10	0	28	0	25	11	32	t0+qgcd+root0+rootrep+rad0	0	0	25	0
43	10	0	28	0	25	32	11	t0+qgcd+root0+rootrep+rad0	0	0	25	0
43	10	0	28	0	25	32	32	t0+qgcd+root0+rootrep+rad0	0	0	36	13
43	10	0	28	0	18	11	11	t0+qgcd+root0+rootrep+rad0	0	0	36	13
43	10	0	28	0	18	11	32	t0+qgcd+root0+rootrep+rad0	0	0	25	0
43	10	0	28	0	18	32	11	t0+qgcd+root0+rootrep+rad0	0	0	25	0
43	10	0	36	0	35	8	14	t0+qgcd+root0+rootrep+rad0	0	0	0	0
43	10	0	36	0	35	8	29	t0+qgcd+root0+rootrep+rad0	0	0	0	0
43	10	0	36	0	8	35	14	t0+qgcd+root0+rootrep+rad0	0	0	0	0
43	10	0	36	0	8	35	29	t0+qgcd+root0+rootrep+rad0	0	0	0	0
43	10	17	40	0	15	8	6	root0+rad0	0	0	14	11
43	10	17	40	0	28	35	37	root0+rad0	0	0	14	11
43	10	21	40	10	24	19	37	rootrep+rad0	31	9	0	0
43	10	21	40	10	19	24	37	rootrep+rad0	31	9	0	0
43	10	21	40	10	19	19	6	rootrep	31	13	11	11
43	10	21	40	33	24	24	37	rootrep	31	13	11	11
43	10	21	40	33	24	19	6	rootrep+rad0	31	9	0	0
43	10	21	40	33	19	24	6	rootrep+rad0	31	9	0	0
43	10	29	5	0	41	41	28	qgcd+root0+rootrep+rad0	0	0	14	14
43	10	29	5	0	41	2	15	qgcd+root0+rootrep+rad0	0	0	0	0
43	10	29	5	0	41	2	28	qgcd+root0+rootrep+rad0	0	0	0	0
43	10	29	5	0	2	41	15	qgcd+root0+rootrep+rad0	0	0	0	0
43	10	29	5	0	2	41	28	qgcd+root0+rootrep+rad0	0	0	0	0
43	10	29	5	0	2	2	15	qgcd+root0+rootrep+rad0	0	0	14	14
43	10	38	5	21	20	20	35	qrep+rootrep	9	17	21	21
43	10	38	5	22	23	23	8	qrep+rootrep	9	17	21	21
43	10	38	30	15	12	4	29	qrep	25	41	38	9
43	10	38	30	15	12	39	14	qrep	25	23	11	6
43	10	38	30	28	31	4	29	qrep	25	23	11	6
43	10	38	30	28	31	39	14	qrep	25	41	38	9
43	11	0	19	0	40	24	14	t0+qgcd+root0+rad0	0	0	15	21
43	11	0	19	0	3	19	29	t0+qgcd+root0+rad0	0	0	15	21
43	11	0	23	0	21	21	6	t0+qgcd+root0+rootrep+rad0	0	0	4	4
43	11	0	23	0	21	22	6	t0+qgcd+root0+rootrep+rad0	0	0	0	0
43	11	0	23	0	21	22	37	t0+qgcd+root0+rootrep+rad0	0	0	0	0
43	11	0	23	0	22	21	6	t0+qgcd+root0+rootrep+rad0	0	0	0	0
43	11	0	23	0	22	21	37	t0+qgcd+root0+rootrep+rad0	0	0	0	0
43	11	0	23	0	22	22	37	t0+qgcd+root0+rootrep+rad0	0	0	4	4
43	11	8	3	0	0	0	16	root0+rootrep+rad0	0	0	0	0
43	11	8	3	0	0	0	27	root0+rootrep+rad0	0	0	0	0
43	11	15	37	1	42	23	27	qgcd+rootrep+rad0	24	0	0	40
43	11	15	37	1	42	20	16	qgcd+rootrep+rad0	24	0	0	40
43	11	15	37	42	1	23	27	qgcd+rootrep+rad0	24	0	0	40
43	11	15	37	42	1	20	16	qgcd+rootrep+rad0	24	0	0	40
43	11	16	25	21	35	34	27	qrep	17	40	9	24
43	11	16	25	22	8	9	16	qrep	17	40	9	24
43	11	16	38	1	42	40	30	qrep+rootrep+rad0	4	0	0	40
43	11	16	38	1	42	3	13	qrep+rootrep+rad0	4	0	0	40
43	11	16	38	42	1	40	30	qrep+rootrep+rad0	4	0	0	40
43	11	16	38	42	1	3	13	qrep+rootrep+rad0	4	0	0	40
43	12	0	11	0	41	41	35	t0+qgcd+root0+rootrep+rad0	0	0	31	31
43	12	0	11	0	41	2	35	t0+qgcd+root0+rootrep+rad0	0	0	0	0
43	12	0	11	0	41	2	8	t0+qgcd+root0+rootrep+rad0	0	0	0	0
43	12	0	11	0	2	41	35	t0+qgcd+root0+rootrep+rad0	0	0	0	0
43	12	0	11	0	2	41	8	t0+qgcd+root0+rootrep+rad0	0	0	0	0
43	12	0	11	0	2	2	8	t0+qgcd+root0+rootrep+rad0	0	0	31	31
43	12	6	25	36	36	5	27	qrep+qgcd+rootrep	36	36	36	38
43	12	6	25	36	7	38	27	qrep+qgcd+rootrep+rad0	36	0	0	17
43	12	6	25	36	7	5	16	qrep+qgcd+rootrep+rad0	36	0	0	17
43	12	6	25	7	36	38	27	qrep+qgcd+rootrep+rad0	36	0	0	17
43	12	6	25	7	36	5	16	qrep+qgcd+rootrep+rad0	36	0	0	17
43	12	6	25	7	7	38	16	qrep+qgcd+rootrep	36	36	36	38
43	12	7	40	0	1	1	29	root0+rootrep+rad0	0	0	17	17
43	12	7	40	0	1	42	14	root0+rootrep+rad0	0	0	0	0
43	12	7	40	0	1	42	29	root0+rootrep+rad0	0	0	0	0
43	12	7	40	0	42	1	14	root0+rootrep+rad0	0	0	0	0
43	12	7	40	0	42	1	29	root0+rootrep+rad0	0	0	0	0
43	12	7	40	0	42	42	14	root0+rootrep+rad0	0	0	17	17
43	12	12	12	1	9	9	9	rootrep	41	11	6	6
43	12	12	12	1	9	34	34	rootrep+rad0	41	38	0	0
43	12	12	12	1	34	9	34	rootrep+rad0	41	38	0	0
43	12	12	12	1	34	34	9	rootrep+rad0	41	38	0	0
43	12	12	12	42	9	9	34	rootrep+rad0	41	38	0	0
43	12	12	12	42	9	34	9	rootrep+rad0	41	38	0	0
43	12	12	12	42	34	9	9	rootrep+rad0	41	38	0	0
43	12	12	12	42	34	34	34	rootrep	41	11	6	6
43	12	28	41	41	17	26	37	rootrep+rad0	15	41	0	0
43	12	28	41	41	26	17	37	rootrep+rad0	15	41	0	0
43	12	28	41	41	26	26	6	rootrep	15	36	15	15
43	12	28	41	2	17	17	37	rootrep	15	36	15	15
43	12	28	41	2	17	26	6	rootrep+rad0	15	41	0	0
43	12	28	41	2	26	17	6	rootrep+rad0	15	41	0	0
43	12	36	42	1	41	2	8	rootrep+rad0	11	16	0	0
43	12	36	42	1	2	41	8	rootrep+rad0	11	16	0	0
43	12	36	42	42	41	2	35	rootrep+rad0	11	16	0	0
43	12	36	42	42	2	41	35	rootrep+rad0	11	16	0	0
43	13	0	5	0	36	23	20	t0+qgcd+root0+rootrep+rad0	0	0	1	0
43	13	0	5	0	36	20	23	t0+qgcd+root0+rootrep+rad0	0	0	1	0
43	13	0	5	0	36	20	20	t0+qgcd+root0+rootrep+rad0	0	0	25	9
43	13	0	5	0	7	23	23	t0+qgcd+root0+rootrep+rad0	0	0	25	9
43	13	0	5	0	7	23	20	t0+qgcd+root0+rootrep+rad0	0	0	1	0
43	13	0	5	0	7	20	23	t0+qgcd+root0+rootrep+rad0	0	0	1	0
43	13	0	8	0	1	33	18	t0+qgcd+root0+rad0	0	0	1	24
43	13	0	8	0	42	10	25	t0+qgcd+root0+rad0	0	0	1	24
43	13	15	42	24	26	11	37	qrep	10	17	4	17
43	13	15	42	19	17	32	6	qrep	10	17	4	17
43	13	23	0	11	34	16	27	qgcd+rootrep+rad0	17	40	11	0
43	13	23	0	11	34	27	16	qgcd+rootrep+rad0	17	40	11	0
43	13	23	0	32	9	16	27	qgcd+rootrep+rad0	17	40	11	0
43	13	23	0	32	9	27	16	qgcd+rootrep+rad0	17	40	11	0
43	13	37	10	1	41	2	22	qgcd+rootrep+rad0	41	17	0	0
43	13	37	10	1	2	41	22	qgcd+rootrep+rad0	41	17	0	0
43	13	37	10	42	41	2	21	qgcd+rootrep+rad0	41	17	0	0
43	13	37	10	42	2	41	21	qgcd+rootrep+rad0	41	17	0	0
43	13	42	16	35	25	5	5	qgcd+rootrep	31	23	15	15
43	13	42	16	8	18	38	38	qgcd+rootrep	31	23	15	15
43	14	0	19	0	10	10	29	t0+qgcd+root0+rootrep+rad0	0	0	41	41
43	14	0	19	0	10	33	14	t0+qgcd+root0+rootrep+rad0	0	0	0	0
43	14	0	19	0	10	33	29	t0+qgcd+root0+rootrep+rad0	0	0	0	0
43	14	0	19	0	33	10	14	t0+qgcd+root0+rootrep+rad0	0	0	0	0
43	14	0	19	0	33	10	29	t0+qgcd+root0+rootrep+rad0	0	0	0	0
43	14	0	19	0	33	33	14	t0+qgcd+root0+rootrep+rad0	0	0	41	41
43	14	12	19	36	7	10	29	rootrep+rad0	23	0	0	24
43	14	12	19	36	7	33	14	rootrep+rad0	23	0	0	24
43	14	12	19	7	36	10	29	rootrep+rad0	23	0	0	24
43	14	12	19	7	36	33	14	rootrep+rad0	23	0	0	24
43	14	21	31	36	16	16	16	qgcd+rootrep	9	14	9	9
43	14	21	31	36	16	27	27	qgcd+rootrep+rad0	9	41	0	0
43	14	21	31	36	27	16	27	qgcd+rootrep+rad0	9	41	0	0
43	14	21	31	36	27	27	16	qgcd+rootrep+rad0	9	41	0	0
43	14	21	31	7	16	16	27	qgcd+rootrep+rad0	9	41	0	0
43	14	21	31	7	16	27	16	qgcd+rootrep+rad0	9	41	0	0
43	14	21	31	7	27	16	16	qgcd+rootrep+rad0	9	41	0	0
43	14	21	31	7	27	27	27	qgcd+rootrep	9	14	9	9
43	14	23	40	1	1	1	40	qgcd+rootrep	40	35	35	35
43	14	23	40	1	1	42	3	qgcd+rootrep+rad0	40	0	0	0
43	14	23	40	1	42	1	3	qgcd+rootrep+rad0	40	0	0	0
43	14	23	40	1	42	42	40	qgcd+rootrep+rad0	40	0	0	0
43	14	23	40	42	1	1	3	qgcd+rootrep+rad0	40	0	0	0
43	14	23	40	42	1	42	40	qgcd+rootrep+rad0	40	0	0	0
43	14	23	40	42	42	1	40	qgcd+rootrep+rad0	40	0	0	0
43	14	23	40	42	42	42	3	qgcd+rootrep	40	35	35	35
43	14	32	19	10	5	13	30	qgcd+rootrep+rad0	21	13	36	0
43	14	32	19	10	5	30	13	qgcd+rootrep+rad0	21	13	36	0
43	14	32	19	33	38	13	30	qgcd+rootrep+rad0	21	13	36	0
43	14	32	19	33	38	30	13	qgcd+rootrep+rad0	21	13	36	0
43	14	36	19	10	31	24	17	qrep	17	1	21	24
43	14	36	19	10	12	24	26	qrep	17	14	38	6
43	14	36	19	33	31	19	17	qrep	17	14	38	6
43	14	36	19	33	12	19	26	qrep	17	1	21	24
43	14	38	18	40	18	6	37	qgcd+rootrep+rad0	9	11	16	0
43	14	38	18	40	18	37	6	qgcd+rootrep+rad0	9	11	16	0
43	14	38	18	3	25	6	37	qgcd+rootrep+rad0	9	11	16	0
43	14	38	18	3	25	37	6	qgcd+rootrep+rad0	9	11	16	0
43	14	38	24	0	35	35	26	qgcd+root0+rootrep+rad0	0	0	15	15
43	14	38	24	0	35	8	17	qgcd+root0+rootrep+rad0	0	0	0	0
43	14	38	24	0	35	8	26	qgcd+root0+rootrep+rad0	0	0	0	0
43	14	38	24	0	8	35	17	qgcd+root0+rootrep+rad0	0	0	0	0
43	14	38	24	0	8	35	26	qgcd+root0+rootrep+rad0	0	0	0	0
43	14	38	24	0	8	8	17	qgcd+root0+rootrep+rad0	0	0	15	15
43	15	0	34	0	31	31	8	t0+qgcd+root0+rootrep+rad0	0	0	21	21
43	15	0	34	0	31	12	35	t0+qgcd+root0+rootrep+rad0	0	0	0	0
43	15	0	34	0	31	12	8	t0+qgcd+root0+rootrep+rad0	0	0	0	0
43	15	0	34	0	12	31	35	t0+qgcd+root0+rootrep+rad0	0	0	0	0
43	15	0	34	0	12	31	8	t0+qgcd+root0+rootrep+rad0	0	0	0	0
43	15	0	34	0	12	12	35	t0+qgcd+root0+rootrep+rad0	0	0	21	21
43	15	1	1	0	41	41	24	qgcd+root0+rootrep+rad0	0	0	35	35
43	15	1	1	0	41	2	24	qgcd+root0+rootrep+rad0	0	0	0	0
43	15	1	1	0	41	2	19	qgcd+root0+rootrep+rad0	0	0	0	0
43	15	1	1	0	2	41	24	qgcd+root0+rootrep+rad0	0	0	0	0
43	15	1	1	0	2	41	19	qgcd+root0+rootrep+rad0	0	0	0	0
43	15	1	1	0	2	2	19	qgcd+root0+rootrep+rad0	0	0	35	35
43	15	4	4	0	41	41	35	root0+rootrep+rad0	0	0	31	31
43	15	4	4	0	41	2	35	root0+rootrep+rad0	0	0	0	0
43	15	4	4	0	41	2	8	root0+rootrep+rad0	0	0	0	0
43	15	4	4	0	2	41	35	root0+rootrep+rad0	0	0	0	0
43	15	4	4	0	2	41	8	root0+rootrep+rad0	0	0	0	0
43	15	4	4	0	2	2	8	root0+rootrep+rad0	0	0	31	31
43	15	14	10	31	24	17	13	qrep	35	11	16	17
43	15	14	10	31	24	26	30	qrep	35	4	31	14
43	15	14	10	12	19	17	13	qrep	35	4	31	14
43	15	14	10	12	19	26	30	qrep	35	11	16	17
43	15	14	36	1	21	4	16	qrep	11	21	16	24
43	15	14	36	1	22	4	27	qrep	11	38	31	38
43	15	14	36	42	21	39	16	qrep	11	38	31	38
43	15	14	36	42	22	39	27	qrep	11	21	16	24
43	15	22	0	40	3	25	34	qgcd+rootrep+rad0	4	0	0	10
43	15	22	0	40	3	18	9	qgcd+rootrep+rad0	4	0	0	10
43	15	22	0	3	40	25	34	qgcd+rootrep+rad0	4	0	0	10
43	15	22	0	3	40	18	9	qgcd+rootrep+rad0	4	0	0	10
43	15	26	6	4	17	11	11	qgcd+rootrep	15	23	1	31
43	15	26	6	39	26	32	32	qgcd+rootrep	15	23	1	31
43	15	26	7	10	4	25	25	qgcd+rootrep	17	16	11	35
43	15	26	7	33	39	18	18	qgcd+rootrep	17	16	11	35
43	15	42	22	41	41	8	34	qgcd+rootrep	13	31	31	13
43	15	42	22	2	2	35	9	qgcd+rootrep	13	31	31	13
43	16	0	7	0	4	4	30	t0+qgcd+root0+rootrep+rad0	0	0	9	9
43	16	0	7	0	4	39	13	t0+qgcd+root0+rootrep+rad0	0	0	0	0
43	16	0	7	0	4	39	30	t0+qgcd+root0+rootrep+rad0	0	0	0	0
43	16	0	7	0	39	4	13	t0+qgcd+root0+rootrep+rad0	0	0	0	0
43	16	0	7	0	39	4	30	t0+qgcd+root0+rootrep+rad0	0	0	0	0
43	16	0	7	0	39	39	13	t0+qgcd+root0+rootrep+rad0	0	0	9	9
43	16	0	11	0	16	16	16	t0+qgcd+root0+rootrep+rad0	0	0	16	16
43	16	0	11	0	16	16	27	t0+qgcd+root0+rootrep+rad0	0	0	0	0
43	16	0	11	0	16	27	16	t0+qgcd+root0+rootrep+rad0	0	0	0	0
43	16	0	11	0	16	27	27	t0+qgcd+root0+rootrep+rad0	0	0	0	0
43	16	0	11	0	27	16	16	t0+qgcd+root0+rootrep+rad0	0	0	0	0
43	16	0	11	0	27	16	27	t0+qgcd+root0+rootrep+rad0	0	0	0	0
43	16	0	11	0	27	27	16	t0+qgcd+root0+rootrep+rad0	0	0	0	0
43	16	0	11	0	27	27	27	t0+qgcd+root0+rootrep+rad0	0	0	16	16
43	16	0	42	0	21	10	26	t0+qgcd+root0+rad0	0	0	31	15
43	16	0	42	0	21	33	26	t0+qgcd+root0+rad0	0	0	11	13
43	16	0	42	0	22	10	17	t0+qgcd+root0+rad0	0	0	11	13
43	16	0	42	0	22	33	17	t0+qgcd+root0+rad0	0	0	31	15
43	16	7	27	23	38	5	26	rootrep+rad0	14	21	0	0
43	16	7	27	23	5	38	26	rootrep+rad0	14	21	0	0
43	16	7	27	20	38	5	17	rootrep+rad0	14	21	0	0
43	16	7	27	20	5	38	17	rootrep+rad0	14	21	0	0
43	16	9	8	31	31	29	32	rootrep	31	9	9	14
43	16	9	8	12	12	14	11	rootrep	31	9	9	14
43	16	12	4	40	31	12	5	qgcd+rootrep+rad0	10	36	0	0
43	16	12	4	40	12	31	5	qgcd+rootrep+rad0	10	36	0	0
43	16	12	4	40	12	12	38	qgcd+rootrep	10	9	41	41
43	16	12	4	3	31	31	5	qgcd+rootrep	10	9	41	41
43	16	12	4	3	31	12	38	qgcd+rootrep+rad0	10	36	0	0
43	16	12	4	3	12	31	38	qgcd+rootrep+rad0	10	36	0	0
43	16	13	29	23	23	4	13	rootrep	31	31	31	36
43	16	13	29	23	23	39	30	rootrep	31	38	38	38
43	16	13	29	23	20	4	30	rootrep+rad0	31	0	0	21
43	16	13	29	23	20	39	13	rootrep+rad0	31	0	0	21
43	16	13	29	20	23	4	30	rootrep+rad0	31	0	0	21
43	16	13	29	20	23	39	13	rootrep+rad0	31	0	0	21
43	16	13	29	20	20	4	13	rootrep	31	38	38	38
43	16	13	29	20	20	39	30	rootrep	31	31	31	36
43	16	24	7	36	36	4	6	qgcd+rootrep	15	36	36	16
43	16	24	7	36	7	4	37	qgcd+rootrep+rad0	15	0	0	6
43	16	24	7	36	7	39	6	qgcd+rootrep+rad0	15	0	0	6
43	16	24	7	7	36	4	37	qgcd+rootrep+rad0	15	0	0	6
43	16	24	7	7	36	39	6	qgcd+rootrep+rad0	15	0	0	6
43	16	24	7	7	7	39	37	qgcd+rootrep	15	36	36	16
43	16	28	7	36	36	10	4	rootrep	25	21	21	13
43	16	28	7	7	7	33	39	rootrep	25	21	21	13
43	16	35	7	1	28	4	5	qrep	1	10	9	41
43	16	35	7	1	28	39	38	qrep	1	4	35	31
43	16	35	7	42	15	4	5	qrep	1	4	35	31
43	16	35	7	42	15	39	38	qrep	1	10	9	41
43	16	35	23	0	40	32	30	qrep+root0+rad0	0	0	38	21
43	16	35	23	0	3	11	13	qrep+root0+rad0	0	0	38	21
43	16	42	28	40	17	17	13	rootrep	38	11	25	25
43	16	42	28	40	26	26	13	rootrep	38	40	15	15
43	16	42	28	3	17	17	30	rootrep	38	40	15	15
43	16	42	28	3	26	26	30	rootrep	38	11	25	25
43	17	0	24	0	24	24	9	t0+qgcd+root0+rootrep+rad0	0	0	10	10
43	17	0	24	0	24	19	9	t0+qgcd+root0+rootrep+rad0	0	0	0	0
43	17	0	24	0	24	19	34	t0+qgcd+root0+rootrep+rad0	0	0	0	0
43	17	0	24	0	19	24	9	t0+qgcd+root0+rootrep+rad0	0	0	0	0
43	17	0	24	0	19	24	34	t0+qgcd+root0+rootrep+rad0	0	0	0	0
43	17	0	24	0	19	19	34	t0+qgcd+root0+rootrep+rad0	0	0	10	10
43	17	2	8	0	36	36	39	root0+rootrep+rad0	0	0	21	21
43	17	2	8	0	36	7	4	root0+rootrep+rad0	0	0	0	0
43	17	2	8	0	36	7	39	root0+rootrep+rad0	0	0	0	0
43	17	2	8	0	7	36	4	root0+rootrep+rad0	0	0	0	0
43	17	2	8	0	7	36	39	root0+rootrep+rad0	0	0	0	0
43	17	2	8	0	7	7	4	root0+rootrep+rad0	0	0	21	21
43	17	12	15	41	5	5	16	qgcd+rootrep	17	6	11	11
43	17	12	15	2	38	38	27	qgcd+rootrep	17	6	11	11
43	17	13	37	1	3	10	30	qrep	40	31	31	10
43	17	13	37	42	40	33	13	qrep	40	31	31	10
43	17	24	4	1	8	8	14	rootrep	36	11	17	17
43	17	24	4	42	35	35	29	rootrep	36	11	17	17
43	17	25	14	0	41	21	21	qgcd+root0+rootrep+rad0	0	0	25	6
43	17	25	14	0	41	21	22	qgcd+root0+rootrep+rad0	0	0	15	0
43	17	25	14	0	41	22	21	qgcd+root0+rootrep+rad0	0	0	15	0
43	17	25	14	0	2	21	22	qgcd+root0+rootrep+rad0	0	0	15	0
43	17	25	14	0	2	22	21	qgcd+root0+rootrep+rad0	0	0	15	0
43	17	25	14	0	2	22	22	qgcd+root0+rootrep+rad0	0	0	25	6
43	17	27	22	0	0	31	4	root0+rootrep+rad0	0	0	0	21
43	17	27	22	0	0	12	39	root0+rootrep+rad0	0	0	0	21
43	17	39	27	0	4	4	16	qgcd+root0+rootrep+rad0	0	0	23	23
43	17	39	27	0	4	39	16	qgcd+root0+rootrep+rad0	0	0	0	0
43	17	39	27	0	4	39	27	qgcd+root0+rootrep+rad0	0	0	0	0
43	17	39	27	0	39	4	16	qgcd+root0+rootrep+rad0	0	0	0	0
43	17	39	27	0	39	4	27	qgcd+root0+rootrep+rad0	0	0	0	0
43	17	39	27	0	39	39	27	qgcd+root0+rootrep+rad0	0	0	23	23
43	17	41	22	41	25	37	37	qgcd+rootrep	6	23	14	21
43	17	41	22	41	18	6	37	qgcd+rootrep+rad0	6	35	40	0
43	17	41	22	41	18	37	6	qgcd+rootrep+rad0	6	35	40	0
43	17	41	22	2	25	6	37	qgcd+rootrep+rad0	6	35	40	0
43	17	41	22	2	25	37	6	qgcd+rootrep+rad0	6	35	40	0
43	17	41	22	2	18	6	6	qgcd+rootrep	6	23	14	21
43	18	0	9	0	36	21	22	t0+qgcd+root0+rootrep+rad0	0	0	13	0
43	18	0	9	0	36	22	21	t0+qgcd+root0+rootrep+rad0	0	0	13	0
43	18	0	9	0	36	22	22	t0+qgcd+root0+rootrep+rad0	0	0	17	36
43	18	0	9	0	7	21	21	t0+qgcd+root0+rootrep+rad0	0	0	17	36
43	18	0	9	0	7	21	22	t0+qgcd+root0+rootrep+rad0	0	0	13	0
43	18	0	9	0	7	22	21	t0+qgcd+root0+rootrep+rad0	0	0	13	0
43	18	0	33	0	15	17	11	t0+qgcd+root0+rad0	0	0	21	41
43	18	0	33	0	15	26	32	t0+qgcd+root0+rad0	0	0	6	16
43	18	0	33	0	28	17	11	t0+qgcd+root0+rad0	0	0	6	16
43	18	0	33	0	28	26	32	t0+qgcd+root0+rad0	0	0	21	41
43	18	9	11	40	40	33	12	qrep+qgcd+rootrep	38	1	1	17
43	18	9	11	40	3	10	12	qrep+qgcd+rootrep+rad0	38	0	0	25
43	18	9	11	40	3	33	31	qrep+qgcd+rootrep+rad0	38	0	0	25
43	18	9	11	3	40	10	12	qrep+qgcd+rootrep+rad0	38	0	0	25
43	18	9	11	3	40	33	31	qrep+qgcd+rootrep+rad0	38	0	0	25
43	18	9	11	3	3	10	31	qrep+qgcd+rootrep	38	1	1	17
43	18	10	32	41	25	25	38	qgcd+rootrep	15	10	4	4
43	18	10	32	2	18	18	5	qgcd+rootrep	15	10	4	4
43	18	13	36	1	5	5	13	qgcd+rootrep	24	31	25	25
43	18	13	36	42	38	38	30	qgcd+rootrep	24	31	25	25
43	18	15	23	41	41	5	37	rootrep	9	23	23	41
43	18	15	23	2	2	38	6	rootrep	9	23	23	41
43	18	22	32	10	12	12	13	rootrep	15	36	31	31
43	18	22	32	33	31	31	30	rootrep	15	36	31	31
43	18	33	3	4	25	18	27	qgcd+rootrep+rad0	10	35	0	0
43	18	33	3	4	18	25	27	qgcd+rootrep+rad0	10	35	0	0
43	18	33	3	39	25	18	16	qgcd+rootrep+rad0	10	35	0	0
43	18	33	3	39	18	25	16	qgcd+rootrep+rad0	10	35	0	0
43	19	0	9	0	4	5	6	t0+qgcd+root0+rad0	0	0	21	24
43	19	0	9	0	39	38	37	t0+qgcd+root0+rad0	0	0	21	24
43	19	0	32	0	1	1	11	t0+qgcd+root0+rootrep+rad0	0	0	24	24
43	19	0	32	0	1	1	32	t0+qgcd+root0+rootrep+rad0	0	0	23	23
43	19	0	32	0	1	42	11	t0+qgcd+root0+rootrep+rad0	0	0	0	0
43	19	0	32	0	1	42	32	t0+qgcd+root0+rootrep+rad0	0	0	0	0
43	19	0	32	0	42	1	11	t0+qgcd+root0+rootrep+rad0	0	0	0	0
43	19	0	32	0	42	1	32	t0+qgcd+root0+rootrep+rad0	0	0	0	0
43	19	0	32	0	42	42	11	t0+qgcd+root0+rootrep+rad0	0	0	23	23
43	19	0	32	0	42	42	32	t0+qgcd+root0+rootrep+rad0	0	0	24	24
43	19	3	31	41	33	9	34	qgcd+rootrep+rad0	14	1	1	0
43	19	3	31	41	33	34	9	qgcd+rootrep+rad0	14	1	1	0
43	19	3	31	2	10	9	34	qgcd+rootrep+rad0	14	1	1	0
43	19	3	31	2	10	34	9	qgcd+rootrep+rad0	14	1	1	0
43	19	24	39	0	35	38	13	root0+rad0	0	0	11	23
43	19	24	39	0	8	5	30	root0+rad0	0	0	11	23
43	19	31	39	36	29	17	26	qrep+qgcd+rootrep+rad0	15	23	6	0
43	19	31	39	36	29	26	17	qrep+qgcd+rootrep+rad0	15	23	6	0
43	19	31	39	7	14	17	26	qrep+qgcd+rootrep+rad0	15	23	6	0
43	19	31	39	7	14	26	17	qrep+qgcd+rootrep+rad0	15	23	6	0
43	19	35	13	41	12	12	17	rootrep	6	10	14	14
43	19	35	13	2	31	31	26	rootrep	6	10	14	14
43	19	40	16	31	4	34	34	qgcd+rootrep	25	24	17	25
43	19	40	16	31	39	9	34	qgcd+rootrep+rad0	25	13	11	0
43	19	40	16	31	39	34	9	qgcd+rootrep+rad0	25	13	11	0
43	19	40	16	12	4	9	34	qgcd+rootrep+rad0	25	13	11	0
43	19	40	16	12	4	34	9	qgcd+rootrep+rad0	25	13	11	0
43	19	40	16	12	39	9	9	qgcd+rootrep	25	24	17	25
43	20	0	0	0	0	1	16	t0+qgcd+root0+rootrep+rad0	0	0	0	17
43	20	0	0	0	0	42	27	t0+qgcd+root0+rootrep+rad0	0	0	0	17
43	20	2	41	36	36	8	37	rootrep	13	16	16	16
43	20	2	41	7	7	35	6	rootrep	13	16	16	16
43	20	24	11	40	40	24	35	rootrep	35	13	13	10
43	20	24	11	40	40	19	8	rootrep	35	21	21	6
43	20	24	11	40	3	24	8	rootrep+rad0	35	0	0	38
43	20	24	11	40	3	19	35	rootrep+rad0	35	0	0	38
43	20	24	11	3	40	24	8	rootrep+rad0	35	0	0	38
43	20	24	11	3	40	19	35	rootrep+rad0	35	0	0	38
43	20	24	11	3	3	24	35	rootrep	35	21	21	6
43	20	24	11	3	3	19	8	rootrep	35	13	13	10
43	20	34	26	41	41	18	32	rootrep	25	13	13	6
43	20	34	26	2	2	25	11	rootrep	25	13	13	6
43	20	42	13	0	41	40	3	root0+rootrep+rad0	0	0	23	0
43	20	42	13	0	41	3	40	root0+rootrep+rad0	0	0	23	0
43	20	42	13	0	41	3	3	root0+rootrep+rad0	0	0	4	11
43	20	42	13	0	2	40	40	root0+rootrep+rad0	0	0	4	11
43	20	42	13	0	2	40	3	root0+rootrep+rad0	0	0	23	0
43	20	42	13	0	2	3	40	root0+rootrep+rad0	0	0	23	0
43	20	42	24	4	9	9	9	rootrep	35	16	25	25
43	20	42	24	4	9	34	34	rootrep+rad0	35	10	0	0
43	20	42	24	4	34	9	34	rootrep+rad0	35	10	0	0
43	20	42	24	4	34	34	9	rootrep+rad0	35	10	0	0
43	20	42	24	39	9	9	34	rootrep+rad0	35	10	0	0
43	20	42	24	39	9	34	9	rootrep+rad0	35	10	0	0
43	20	42	24	39	34	9	9	rootrep+rad0	35	10	0	0
43	20	42	24	39	34	34	34	rootrep	35	16	25	25
43	21	0	4	0	1	10	34	t0+qgcd+root0+rad0	0	0	41	25
43	21	0	4	0	42	33	9	t0+qgcd+root0+rad0	0	0	41	25
43	21	0	6	0	4	4	38	t0+qgcd+root0+rootrep+rad0	0	0	1	1
43	21	0	6	0	4	39	38	t0+qgcd+root0+rootrep+rad0	0	0	0	0
43	21	0	6	0	4	39	5	t0+qgcd+root0+rootrep+rad0	0	0	0	0
43	21	0	6	0	39	4	38	t0+qgcd+root0+rootrep+rad0	0	0	0	0
43	21	0	6	0	39	4	5	t0+qgcd+root0+rootrep+rad0	0	0	0	0
43	21	0	6	0	39	39	5	t0+qgcd+root0+rootrep+rad0	0	0	1	1
43	21	0	16	0	35	35	11	t0+qgcd+root0+rootrep+rad0	0	0	24	24
43	21	0	16	0	35	8	11	t0+qgcd+root0+rootrep+rad0	0	0	0	0
43	21	0	16	0	35	8	32	t0+qgcd+root0+rootrep+rad0	0	0	0	0
43	21	0	16	0	8	35	11	t0+qgcd+root0+rootrep+rad0	0	0	0	0
43	21	0	16	0	8	35	32	t0+qgcd+root0+rootrep+rad0	0	0	0	0
43	21	0	16	0	8	8	32	t0+qgcd+root0+rootrep+rad0	0	0	24	24
43	21	0	33	0	4	39	6	t0+qgcd+root0+rootrep+rad0	0	0	0	0
43	21	0	33	0	4	39	37	t0+qgcd+root0+rootrep+rad0	0	0	0	0
43	21	0	33	0	39	4	6	t0+qgcd+root0+rootrep+rad0	0	0	0	0
43	21	0	33	0	39	4	37	t0+qgcd+root0+rootrep+rad0	0	0	0	0
43	21	3	30	0	10	14	30	root0+rad0	0	0	24	17
43	21	3	30	0	33	29	13	root0+rad0	0	0	24	17
43	21	41	23	0	15	15	4	root0+rootrep+rad0	0	0	24	24
43	21	41	23	0	15	28	4	root0+rootrep+rad0	0	0	0	0
43	21	41	23	0	15	28	39	root0+rootrep+rad0	0	0	0	0
43	21	41	23	0	28	15	4	root0+rootrep+rad0	0	0	0	0
43	21	41	23	0	28	15	39	root0+rootrep+rad0	0	0	0	0
43	21	41	23	0	28	28	39	root0+rootrep+rad0	0	0	24	24
43	22	0	27	0	15	26	9	t0+qgcd+root0+rad0	0	0	36	23
43	22	0	27	0	15	26	34	t0+qgcd+root0+rad0	0	0	9	21
43	22	0	27	0	28	17	9	t0+qgcd+root0+rad0	0	0	9	21
43	22	0	27	0	28	17	34	t0+qgcd+root0+rad0	0	0	36	23
43	22	2	21	15	5	5	9	rootrep	21	36	25	25
43	22	2	21	28	38	38	34	rootrep	21	36	25	25
43	22	18	5	36	31	12	39	rootrep+rad0	10	38	0	0
43	22	18	5	36	12	31	39	rootrep+rad0	10	38	0	0
43	22	18	5	36	12	12	4	rootrep	10	9	35	35
43	22	18	5	7	31	31	39	rootrep	10	9	35	35
43	22	18	5	7	31	12	4	rootrep+rad0	10	38	0	0
43	22	18	5	7	12	31	4	rootrep+rad0	10	38	0	0
43	22	18	35	0	0	40	24	root0+rootrep+rad0	0	0	0	35
43	22	18	35	0	0	40	19	root0+rootrep+rad0	0	0	0	41
43	22	18	35	0	0	3	24	root0+rootrep+rad0	0	0	0	41
43	22	18	35	0	0	3	19	root0+rootrep+rad0	0	0	0	35
43	22	26	21	1	3	3	16	qgcd+rootrep	15	14	35	35
43	22	26	21	42	40	40	27	qgcd+rootrep	15	14	35	35
43	22	40	15	23	23	35	14	rootrep	6	25	25	36
43	22	40	15	20	20	8	29	rootrep	6	25	25	36
43	22	40	30	0	21	21	6	root0+rootrep+rad0	0	0	4	4
43	22	40	30	0	21	22	6	root0+rootrep+rad0	0	0	0	0
43	22	40	30	0	21	22	37	root0+rootrep+rad0	0	0	0	0
43	22	40	30	0	22	21	6	root0+rootrep+rad0	0	0	0	0
43	22	40	30	0	22	21	37	root0+rootrep+rad0	0	0	0	0
43	22	40	30	0	22	22	37	root0+rootrep+rad0	0	0	4	4
43	23	0	18	0	31	25	18	t0+qgcd+root0+rootrep+rad0	0	0	9	0
43	23	0	18	0	31	18	25	t0+qgcd+root0+rootrep+rad0	0	0	9	0
43	23	0	18	0	31	18	18	t0+qgcd+root0+rootrep+rad0	0	0	24	23
43	23	0	18	0	12	25	25	t0+qgcd+root0+rootrep+rad0	0	0	24	23
43	23	0	18	0	12	25	18	t0+qgcd+root0+rootrep+rad0	0	0	9	0
43	23	0	18	0	12	18	25	t0+qgcd+root0+rootrep+rad0	0	0	9	0
43	23	0	22	0	41	21	21	t0+qgcd+root0+rootrep+rad0	0	0	25	6
43	23	0	22	0	41	21	22	t0+qgcd+root0+rootrep+rad0	0	0	15	0
43	23	0	22	0	41	22	21	t0+qgcd+root0+rootrep+rad0	0	0	15	0
43	23	0	22	0	2	21	22	t0+qgcd+root0+rootrep+rad0	0	0	15	0
43	23	0	22	0	2	22	21	t0+qgcd+root0+rootrep+rad0	0	0	15	0
43	23	0	22	0	2	22	22	t0+qgcd+root0+rootrep+rad0	0	0	25	6
43	23	0	30	0	1	42	13	t0+qgcd+root0+rootrep+rad0	0	0	0	0
43	23	0	30	0	1	42	30	t0+qgcd+root0+rootrep+rad0	0	0	0	0
43	23	0	30	0	42	1	13	t0+qgcd+root0+rootrep+rad0	0	0	0	0
43	23	0	30	0	42	1	30	t0+qgcd+root0+rootrep+rad0	0	0	0	0
43	23	4	29	23	19	19	17	qgcd+rootrep	25	17	23	23
43	23	4	29	20	24	24	26	qgcd+rootrep	25	17	23	23
43	23	12	41	1	1	41	23	rootrep	40	38	38	1
43	23	12	41	1	1	2	20	rootrep	40	40	40	9
43	23	12	41	1	42	41	20	rootrep+rad0	40	0	0	21
43	23	12	41	1	42	2	23	rootrep+rad0	40	0	0	21
43	23	12	41	42	1	41	20	rootrep+rad0	40	0	0	21
43	23	12	41	42	1	2	23	rootrep+rad0	40	0	0	21
43	23	12	41	42	42	41	23	rootrep	40	40	40	9
43	23	12	41	42	42	2	20	rootrep	40	38	38	1
43	24	0	17	0	13	16	16	t0+qgcd+root0+rootrep+rad0	0	0	14	36
43	24	0	17	0	13	27	27	t0+qgcd+root0+rootrep+rad0	0	0	16	23
43	24	0	17	0	30	16	16	t0+qgcd+root0+rootrep+rad0	0	0	16	23
43	24	0	17	0	30	27	27	t0+qgcd+root0+rootrep+rad0	0	0	14	36
43	24	0	33	0	41	41	24	t0+qgcd+root0+rootrep+rad0	0	0	35	35
43	24	0	33	0	41	2	24	t0+qgcd+root0+rootrep+rad0	0	0	0	0
43	24	0	33	0	41	2	19	t0+qgcd+root0+rootrep+rad0	0	0	0	0
43	24	0	33	0	2	41	24	t0+qgcd+root0+rootrep+rad0	0	0	0	0
43	24	0	33	0	2	41	19	t0+qgcd+root0+rootrep+rad0	0	0	0	0
43	24	0	33	0	2	2	19	t0+qgcd+root0+rootrep+rad0	0	0	35	35
43	24	0	42	0	14	14	34	t0+qgcd+root0+rootrep+rad0	0	0	6	6
43	24	0	42	0	14	29	9	t0+qgcd+root0+rootrep+rad0	0	0	0	0
43	24	0	42	0	14	29	34	t0+qgcd+root0+rootrep+rad0	0	0	0	0
43	24	0	42	0	29	14	9	t0+qgcd+root0+rootrep+rad0	0	0	0	0
43	24	0	42	0	29	14	34	t0+qgcd+root0+rootrep+rad0	0	0	0	0
43	24	0	42	0	29	29	9	t0+qgcd+root0+rootrep+rad0	0	0	6	6
43	24	21	0	15	15	15	38	qgcd+rootrep	24	23	23	23
43	24	21	0	15	15	28	5	qgcd+rootrep+rad0	24	0	0	0
43	24	21	0	15	28	15	5	qgcd+rootrep+rad0	24	0	0	0
43	24	21	0	15	28	28	38	qgcd+rootrep+rad0	24	0	0	0
43	24	21	0	28	15	15	5	qgcd+rootrep+rad0	24	0	0	0
43	24	21	0	28	15	28	38	qgcd+rootrep+rad0	24	0	0	0
43	24	21	0	28	28	15	38	qgcd+rootrep+rad0	24	0	0	0
43	24	21	0	28	28	28	5	qgcd+rootrep	24	23	23	23
43	24	34	12	41	16	16	16	rootrep	21	16	14	14
43	24	34	12	41	16	27	27	rootrep+rad0	21	1	0	0
43	24	34	12	41	27	16	27	rootrep+rad0	21	1	0	0
43	24	34	12	41	27	27	16	rootrep+rad0	21	1	0	0
43	24	34	12	2	16	16	27	rootrep+rad0	21	1	0	0
43	24	34	12	2	16	27	16	rootrep+rad0	21	1	0	0
43	24	34	12	2	27	16	16	rootrep+rad0	21	1	0	0
43	24	34	12	2	27	27	27	rootrep	21	16	14	14
43	24	38	35	0	23	23	10	root0+rootrep+rad0	0	0	40	40
43	24	38	35	0	23	20	10	root0+rootrep+rad0	0	0	0	0
43	24	38	35	0	23	20	33	root0+rootrep+rad0	0	0	0	0
43	24	38	35	0	20	23	10	root0+rootrep+rad0	0	0	0	0
43	24	38	35	0	20	23	33	root0+rootrep+rad0	0	0	0	0
43	24	38	35	0	20	20	33	root0+rootrep+rad0	0	0	40	40
43	24	39	0	31	11	32	27	rootrep+rad0	31	31	0	0
43	24	39	0	31	32	11	27	rootrep+rad0	31	31	0	0
43	24	39	0	12	11	32	16	rootrep+rad0	31	31	0	0
43	24	39	0	12	32	11	16	rootrep+rad0	31	31	0	0
43	25	0	18	0	24	25	34	t0+qgcd+root0+rad0	0	0	25	15
43	25	0	18	0	24	18	9	t0+qgcd+root0+rad0	0	0	41	24
43	25	0	18	0	19	25	34	t0+qgcd+root0+rad0	0	0	41	24
43	25	0	18	0	19	18	9	t0+qgcd+root0+rad0	0	0	25	15
43	25	0	19	0	23	17	37	t0+qgcd+root0+rad0	0	0	25	9
43	25	0	19	0	20	26	6	t0+qgcd+root0+rad0	0	0	25	9
43	25	0	24	0	38	38	13	t0+qgcd+root0+rootrep+rad0	0	0	21	21
43	25	0	24	0	38	5	13	t0+qgcd+root0+rootrep+rad0	0	0	0	0
43	25	0	24	0	38	5	30	t0+qgcd+root0+rootrep+rad0	0	0	0	0
43	25	0	24	0	5	38	13	t0+qgcd+root0+rootrep+rad0	0	0	0	0
43	25	0	24	0	5	38	30	t0+qgcd+root0+rootrep+rad0	0	0	0	0
43	25	0	24	0	5	5	30	t0+qgcd+root0+rootrep+rad0	0	0	21	21
43	25	9	35	23	33	24	30	qrep	36	6	21	35
43	25	9	35	20	10	19	13	qrep	36	6	21	35
43	25	14	29	1	1	3	19	qgcd+rootrep	14	31	31	24
43	25	14	29	42	42	40	24	qgcd+rootrep	14	31	31	24
43	25	37	33	0	10	10	12	root0+rootrep+rad0	0	0	11	11
43	25	37	33	0	10	33	31	root0+rootrep+rad0	0	0	0	0
43	25	37	33	0	10	33	12	root0+rootrep+rad0	0	0	0	0
43	25	37	33	0	33	10	31	root0+rootrep+rad0	0	0	0	0
43	25	37	33	0	33	10	12	root0+rootrep+rad0	0	0	0	0
43	25	37	33	0	33	33	31	root0+rootrep+rad0	0	0	11	11
43	26	0	0	0	0	25	6	t0+qgcd+root0+rootrep+rad0	0	0	0	23
43	26	0	0	0	0	18	37	t0+qgcd+root0+rootrep+rad0	0	0	0	23
43	26	0	37	0	10	6	30	t0+qgcd+root0+rad0	0	0	16	10
43	26	0	37	0	10	37	30	t0+qgcd+root0+rad0	0	0	4	16
43	26	0	37	0	33	6	13	t0+qgcd+root0+rad0	0	0	4	16
43	26	0	37	0	33	37	13	t0+qgcd+root0+rad0	0	0	16	10
43	26	13	39	15	21	31	14	qrep	13	24	6	40
43	26	13	39	28	22	12	29	qrep	13	24	6	40
43	26	24	27	41	38	9	9	qgcd+rootrep	36	41	1	21
43	26	24	27	2	5	34	34	qgcd+rootrep	36	41	1	21
43	26	24	36	1	24	17	17	qgcd+rootrep	13	16	35	4
43	26	24	36	42	19	26	26	qgcd+rootrep	13	16	35	4
43	26	36	28	0	31	31	14	root0+rootrep+rad0	0	0	11	11
43	26	36	28	0	31	12	14	root0+rootrep+rad0	0	0	0	0
43	26	36	28	0	31	12	29	root0+rootrep+rad0	0	0	0	0
43	26	36	28	0	12	31	14	root0+rootrep+rad0	0	0	0	0
43	26	36	28	0	12	31	29	root0+rootrep+rad0	0	0	0	0
43	26	36	28	0	12	12	29	root0+rootrep+rad0	0	0	11	11
43	26	40	14	21	21	33	29	rootrep	35	17	17	15
43	26	40	14	21	22	10	29	rootrep+rad0	35	0	0	9
43	26	40	14	21	22	33	14	rootrep+rad0	35	0	0	9
43	26	40	14	22	21	10	29	rootrep+rad0	35	0	0	9
43	26	40	14	22	21	33	14	rootrep+rad0	35	0	0	9
43	26	40	14	22	22	10	14	rootrep	35	17	17	15
43	27	0	0	0	0	31	9	t0+qgcd+root0+rootrep+rad0	0	0	0	24
43	27	0	0	0	0	12	34	t0+qgcd+root0+rootrep+rad0	0	0	0	24
43	27	0	18	0	1	3	37	t0+qgcd+root0+rad0	0	0	23	21
43	27	0	18	0	42	40	6	t0+qgcd+root0+rad0	0	0	23	21
43	27	1	9	41	11	37	37	rootrep	25	9	24	1
43	27	1	9	2	32	6	6	rootrep	25	9	24	1
43	27	35	20	0	4	4	16	qrep+root0+rootrep+rad0	0	0	23	23
43	27	35	20	0	4	39	16	qrep+root0+rootrep+rad0	0	0	0	0
43	27	35	20	0	4	39	27	qrep+root0+rootrep+rad0	0	0	0	0
43	27	35	20	0	39	4	16	qrep+root0+rootrep+rad0	0	0	0	0
43	27	35	20	0	39	4	27	qrep+root0+rootrep+rad0	0	0	0	0
43	27	35	20	0	39	39	27	qrep+root0+rootrep+rad0	0	0	23	23
43	27	36	42	40	8	25	18	qgcd+rootrep+rad0	36	38	6	0
43	27	36	42	40	8	18	25	qgcd+rootrep+rad0	36	38	6	0
43	27	36	42	3	35	25	18	qgcd+rootrep+rad0	36	38	6	0
43	27	36	42	3	35	18	25	qgcd+rootrep+rad0	36	38	6	0
43	28	0	8	0	35	35	16	t0+qgcd+root0+rootrep+rad0	0	0	21	21
43	28	0	8	0	35	35	27	t0+qgcd+root0+rootrep+rad0	0	0	23	23
43	28	0	8	0	35	8	16	t0+qgcd+root0+rootrep+rad0	0	0	0	0
43	28	0	8	0	35	8	27	t0+qgcd+root0+rootrep+rad0	0	0	0	0
43	28	0	8	0	8	35	16	t0+qgcd+root0+rootrep+rad0	0	0	0	0
43	28	0	8	0	8	35	27	t0+qgcd+root0+rootrep+rad0	0	0	0	0
43	28	0	8	0	8	8	16	t0+qgcd+root0+rootrep+rad0	0	0	23	23
43	28	0	8	0	8	8	27	t0+qgcd+root0+rootrep+rad0	0	0	21	21
43	28	4	22	40	40	35	14	rootrep	24	15	15	40
43	28	4	22	3	3	8	29	rootrep	24	15	15	40
43	28	12	13	21	21	21	31	qgcd+rootrep	23	17	17	17
43	28	12	13	21	21	22	12	qgcd+rootrep+rad0	23	0	0	0
43	28	12	13	21	22	21	12	qgcd+rootrep+rad0	23	0	0	0
43	28	12	13	21	22	22	31	qgcd+rootrep+rad0	23	0	0	0
43	28	12	13	22	21	21	12	qgcd+rootrep+rad0	23	0	0	0
43	28	12	13	22	21	22	31	qgcd+rootrep+rad0	23	0	0	0
43	28	12	13	22	22	21	31	qgcd+rootrep+rad0	23	0	0	0
43	28	12	13	22	22	22	12	qgcd+rootrep	23	17	17	17
43	28	14	14	21	23	8	8	qrep+rootrep	38	31	1	4
43	28	14	14	22	20	35	35	qrep+rootrep	38	31	1	4
43	28	14	36	10	33	4	18	qrep+qgcd+rootrep+rad0	24	0	0	4
43	28	14	36	10	33	39	25	qrep+qgcd+rootrep+rad0	24	0	0	4
43	28	14	36	33	10	4	18	qrep+qgcd+rootrep+rad0	24	0	0	4
43	28	14	36	33	10	39	25	qrep+qgcd+rootrep+rad0	24	0	0	4
43	28	20	15	36	38	32	32	qgcd+rootrep	21	40	9	36
43	28	20	15	36	5	11	32	qgcd+rootrep+rad0	21	24	14	0
43	28	20	15	36	5	32	11	qgcd+rootrep+rad0	21	24	14	0
43	28	20	15	7	38	11	32	qgcd+rootrep+rad0	21	24	14	0
43	28	20	15	7	38	32	11	qgcd+rootrep+rad0	21	24	14	0
43	28	20	15	7	5	11	11	qgcd+rootrep	21	40	9	36
43	28	34	9	0	24	24	18	root0+rootrep+rad0	0	0	1	1
43	28	34	9	0	24	19	25	root0+rootrep+rad0	0	0	0	0
43	28	34	9	0	24	19	18	root0+rootrep+rad0	0	0	0	0
43	28	34	9	0	19	24	25	root0+rootrep+rad0	0	0	0	0
43	28	34	9	0	19	24	18	root0+rootrep+rad0	0	0	0	0
43	28	34	9	0	19	19	25	root0+rootrep+rad0	0	0	1	1
43	29	0	35	0	1	24	14	t0+qgcd+root0+rad0	0	0	31	25
43	29	0	35	0	1	19	29	t0+qgcd+root0+rad0	0	0	41	23
43	29	0	35	0	42	24	14	t0+qgcd+root0+rad0	0	0	41	23
43	29	0	35	0	42	19	29	t0+qgcd+root0+rad0	0	0	31	25
43	29	15	32	10	35	35	6	rootrep	13	38	4	4
43	29	15	32	10	35	8	37	rootrep+rad0	13	21	0	0
43	29	15	32	10	8	35	37	rootrep+rad0	13	21	0	0
43	29	15	32	10	8	8	6	rootrep	13	25	6	6
43	29	15	32	33	35	35	37	rootrep	13	25	6	6
43	29	15	32	33	35	8	6	rootrep+rad0	13	21	0	0
43	29	15	32	33	8	35	6	rootrep+rad0	13	21	0	0
43	29	15	32	33	8	8	37	rootrep	13	38	4	4
43	30	0	36	0	41	15	16	t0+qgcd+root0+rad0	0	0	40	31
43	30	0	36	0	2	28	27	t0+qgcd+root0+rad0	0	0	40	31
43	30	30	33	10	10	10	4	rootrep	1	14	14	14
43	30	30	33	10	10	33	39	rootrep+rad0	1	0	0	0
43	30	30	33	10	33	10	39	rootrep+rad0	1	0	0	0
43	30	30	33	10	33	33	4	rootrep+rad0	1	0	0	0
43	30	30	33	33	10	10	39	rootrep+rad0	1	0	0	0
43	30	30	33	33	10	33	4	rootrep+rad0	1	0	0	0
43	30	30	33	33	33	10	4	rootrep+rad0	1	0	0	0
43	30	30	33	33	33	33	39	rootrep	1	14	14	14
43	31	0	1	0	1	41	21	t0+qgcd+root0+rad0	0	0	21	10
43	31	0	1	0	42	2	22	t0+qgcd+root0+rad0	0	0	21	10
43	31	0	23	0	17	17	16	t0+qgcd+root0+rootrep+rad0	0	0	38	38
43	31	0	23	0	17	26	16	t0+qgcd+root0+rootrep+rad0	0	0	0	0
43	31	0	23	0	17	26	27	t0+qgcd+root0+rootrep+rad0	0	0	0	0
43	31	0	23	0	26	17	16	t0+qgcd+root0+rootrep+rad0	0	0	0	0
43	31	0	23	0	26	17	27	t0+qgcd+root0+rootrep+rad0	0	0	0	0
43	31	0	23	0	26	26	27	t0+qgcd+root0+rootrep+rad0	0	0	38	38
43	31	0	29	0	40	25	30	t0+qgcd+root0+rad0	0	0	14	9
43	31	0	29	0	40	18	13	t0+qgcd+root0+rad0	0	0	17	31
43	31	0	29	0	3	25	30	t0+qgcd+root0+rad0	0	0	17	31
43	31	0	29	0	3	18	13	t0+qgcd+root0+rad0	0	0	14	9
43	31	25	0	24	24	24	25	qgcd+rootrep	9	31	31	31
43	31	25	0	24	24	19	18	qgcd+rootrep+rad0	9	0	0	0
43	31	25	0	24	19	24	18	qgcd+rootrep+rad0	9	0	0	0
43	31	25	0	24	19	19	25	qgcd+rootrep+rad0	9	0	0	0
43	31	25	0	19	24	24	18	qgcd+rootrep+rad0	9	0	0	0
43	31	25	0	19	24	19	25	qgcd+rootrep+rad0	9	0	0	0
43	31	25	0	19	19	24	25	qgcd+rootrep+rad0	9	0	0	0
43	31	25	0	19	19	19	18	qgcd+rootrep	9	31	31	31
43	31	32	26	0	0	36	16	root0+rootrep+rad0	0	0	0	9
43	31	32	26	0	0	7	27	root0+rootrep+rad0	0	0	0	9
43	32	0	22	0	41	7	20	t0+qgcd+root0+rad0	0	0	16	36
43	32	0	22	0	2	36	23	t0+qgcd+root0+rad0	0	0	16	36
43	32	30	21	0	35	35	26	root0+rootrep+rad0	0	0	15	15
43	32	30	21	0	35	8	17	root0+rootrep+rad0	0	0	0	0
43	32	30	21	0	35	8	26	root0+rootrep+rad0	0	0	0	0
43	32	30	21	0	8	35	17	root0+rootrep+rad0	0	0	0	0
43	32	30	21	0	8	35	26	root0+rootrep+rad0	0	0	0	0
43	32	30	21	0	8	8	17	root0+rootrep+rad0	0	0	15	15
43	32	42	6	40	24	29	29	rootrep	35	25	4	10
43	32	42	6	3	19	14	14	rootrep	35	25	4	10
43	33	1	31	41	33	14	29	qgcd+rootrep+rad0	36	36	4	0
43	33	1	31	41	33	29	14	qgcd+rootrep+rad0	36	36	4	0
43	33	1	31	2	10	14	29	qgcd+rootrep+rad0	36	36	4	0
43	33	1	31	2	10	29	14	qgcd+rootrep+rad0	36	36	4	0
43	33	6	1	40	40	31	13	rootrep	15	9	9	9
43	33	6	1	40	40	12	30	rootrep	15	31	31	17
43	33	6	1	3	3	31	13	rootrep	15	31	31	17
43	33	6	1	3	3	12	30	rootrep	15	9	9	9
43	33	38	7	36	28	25	37	qrep	31	41	16	16
43	33	38	7	7	15	18	6	qrep	31	41	16	16
43	33	39	14	40	38	27	27	qgcd+rootrep	13	21	10	38
43	33	39	14	3	5	16	16	qgcd+rootrep	13	21	10	38
43	33	39	17	0	40	11	11	qgcd+root0+rootrep+rad0	0	0	17	11
43	33	39	17	0	40	11	32	qgcd+root0+rootrep+rad0	0	0	24	0
43	33	39	17	0	40	32	11	qgcd+root0+rootrep+rad0	0	0	24	0
43	33	39	17	0	3	11	32	qgcd+root0+rootrep+rad0	0	0	24	0
43	33	39	17	0	3	32	11	qgcd+root0+rootrep+rad0	0	0	24	0
43	33	39	17	0	3	32	32	qgcd+root0+rootrep+rad0	0	0	17	11
43	34	0	0	0	0	31	13	t0+qgcd+root0+rootrep+rad0	0	0	0	35
43	34	0	0	0	0	12	30	t0+qgcd+root0+rootrep+rad0	0	0	0	35
43	34	0	8	0	1	11	11	t0+qgcd+root0+rootrep+rad0	0	0	15	38
43	34	0	8	0	1	11	32	t0+qgcd+root0+rootrep+rad0	0	0	9	0
43	34	0	8	0	1	32	11	t0+qgcd+root0+rootrep+rad0	0	0	9	0
43	34	0	8	0	42	11	32	t0+qgcd+root0+rootrep+rad0	0	0	9	0
43	34	0	8	0	42	32	11	t0+qgcd+root0+rootrep+rad0	0	0	9	0
43	34	0	8	0	42	32	32	t0+qgcd+root0+rootrep+rad0	0	0	15	38
43	34	17	37	24	24	8	29	qrep+qgcd+rootrep	31	1	1	40
43	34	17	37	24	19	35	29	qrep+qgcd+rootrep+rad0	31	0	0	16
43	34	17	37	24	19	8	14	qrep+qgcd+rootrep+rad0	31	0	0	16
43	34	17	37	19	24	35	29	qrep+qgcd+rootrep+rad0	31	0	0	16
43	34	17	37	19	24	8	14	qrep+qgcd+rootrep+rad0	31	0	0	16
43	34	17	37	19	19	35	14	qrep+qgcd+rootrep	31	1	1	40
43	34	22	28	36	36	5	27	rootrep	36	36	36	38
43	34	22	28	36	7	38	27	rootrep+rad0	36	0	0	17
43	34	22	28	36	7	5	16	rootrep+rad0	36	0	0	17
43	34	22	28	7	36	38	27	rootrep+rad0	36	0	0	17
43	34	22	28	7	36	5	16	rootrep+rad0	36	0	0	17
43	34	22	28	7	7	38	16	rootrep	36	36	36	38
43	34	28	9	0	25	25	30	root0+rootrep+rad0	0	0	40	40
43	34	28	9	0	25	18	13	root0+rootrep+rad0	0	0	0	0
43	34	28	9	0	25	18	30	root0+rootrep+rad0	0	0	0	0
43	34	28	9	0	18	25	13	root0+rootrep+rad0	0	0	0	0
43	34	28	9	0	18	25	30	root0+rootrep+rad0	0	0	0	0
43	34	28	9	0	18	18	13	root0+rootrep+rad0	0	0	40	40
43	34	34	2	21	21	8	26	qgcd+rootrep	9	15	15	35
43	34	34	2	22	22	35	17	qgcd+rootrep	9	15	15	35
43	34	38	8	23	35	14	14	qgcd+rootrep	13	36	23	35
43	34	38	8	20	8	29	29	qgcd+rootrep	13	36	23	35
43	35	0	28	0	25	11	32	t0+qgcd+root0+rootrep+rad0	0	0	25	0
43	35	0	28	0	25	32	11	t0+qgcd+root0+rootrep+rad0	0	0	25	0
43	35	0	28	0	25	32	32	t0+qgcd+root0+rootrep+rad0	0	0	36	13
43	35	0	28	0	18	11	11	t0+qgcd+root0+rootrep+rad0	0	0	36	13
43	35	0	28	0	18	11	32	t0+qgcd+root0+rootrep+rad0	0	0	25	0
43	35	0	28	0	18	32	11	t0+qgcd+root0+rootrep+rad0	0	0	25	0
43	35	3	28	41	11	11	11	rootrep	4	4	14	14
43	35	3	28	41	11	32	32	rootrep+rad0	4	11	0	0
43	35	3	28	41	32	11	32	rootrep+rad0	4	11	0	0
43	35	3	28	41	32	32	11	rootrep+rad0	4	11	0	0
43	35	3	28	2	11	11	32	rootrep+rad0	4	11	0	0
43	35	3	28	2	11	32	11	rootrep+rad0	4	11	0	0
43	35	3	28	2	32	11	11	rootrep+rad0	4	11	0	0
43	35	3	28	2	32	32	32	rootrep	4	4	14	14
43	35	4	17	35	8	17	37	qrep+rootrep+rad0	35	0	0	21
43	35	4	17	35	8	26	6	qrep+rootrep+rad0	35	0	0	21
43	35	4	17	8	35	17	37	qrep+rootrep+rad0	35	0	0	21
43	35	4	17	8	35	26	6	qrep+rootrep+rad0	35	0	0	21
43	35	4	28	21	24	5	32	qrep	15	41	36	41
43	35	4	28	21	19	5	11	qrep	15	1	25	40
43	35	4	28	22	24	38	32	qrep	15	1	25	40
43	35	4	28	22	19	38	11	qrep	15	41	36	41
43	35	4	40	36	15	24	6	qrep	16	6	25	17
43	35	4	40	36	28	19	6	qrep	16	1	31	10
43	35	4	40	7	15	24	37	qrep	16	1	31	10
43	35	4	40	7	28	19	37	qrep	16	6	25	17
43	35	6	36	24	17	16	16	rootrep	1	41	40	9
43	35	6	36	24	17	27	27	rootrep	1	24	9	11
43	35	6	36	19	26	16	16	rootrep	1	24	9	11
43	35	6	36	19	26	27	27	rootrep	1	41	40	9
43	35	7	42	14	14	14	17	qgcd+rootrep	36	40	40	40
43	35	7	42	14	14	29	26	qgcd+rootrep+rad0	36	0	0	0
43	35	7	42	14	29	14	26	qgcd+rootrep+rad0	36	0	0	0
43	35	7	42	14	29	29	17	qgcd+rootrep+rad0	36	0	0	0
43	35	7	42	29	14	14	26	qgcd+rootrep+rad0	36	0	0	0
43	35	7	42	29	14	29	17	qgcd+rootrep+rad0	36	0	0	0
43	35	7	42	29	29	14	17	qgcd+rootrep+rad0	36	0	0	0
43	35	7	42	29	29	29	26	qgcd+rootrep	36	40	40	40
43	35	27	20	0	14	14	32	root0+rootrep+rad0	0	0	38	38
43	35	27	20	0	14	29	11	root0+rootrep+rad0	0	0	0	0
43	35	27	20	0	14	29	32	root0+rootrep+rad0	0	0	0	0
43	35	27	20	0	29	14	11	root0+rootrep+rad0	0	0	0	0
43	35	27	20	0	29	14	32	root0+rootrep+rad0	0	0	0	0
43	35	27	20	0	29	29	11	root0+rootrep+rad0	0	0	38	38
43	35	32	26	40	15	15	16	qgcd+rootrep	36	17	1	1
43	35	32	26	3	28	28	27	qgcd+rootrep	36	17	1	1
43	35	36	17	23	14	29	32	qgcd+rootrep+rad0	9	17	0	0
43	35	36	17	23	29	14	32	qgcd+rootrep+rad0	9	17	0	0
43	35	36	17	20	14	29	11	qgcd+rootrep+rad0	9	17	0	0
43	35	36	17	20	29	14	11	qgcd+rootrep+rad0	9	17	0	0
43	35	37	29	0	35	35	26	qgcd+root0+rootrep+rad0	0	0	15	15
43	35	37	29	0	35	8	17	qgcd+root0+rootrep+rad0	0	0	0	0
43	35	37	29	0	35	8	26	qgcd+root0+rootrep+rad0	0	0	0	0
43	35	37	29	0	8	35	17	qgcd+root0+rootrep+rad0	0	0	0	0
43	35	37	29	0	8	35	26	qgcd+root0+rootrep+rad0	0	0	0	0
43	35	37	29	0	8	8	17	qgcd+root0+rootrep+rad0	0	0	15	15
43	36	0	19	0	41	36	14	t0+qgcd+root0+rad0	0	0	41	9
43	36	0	19	0	41	36	29	t0+qgcd+root0+rad0	0	0	17	16
43	36	0	19	0	2	7	14	t0+qgcd+root0+rad0	0	0	17	16
43	36	0	19	0	2	7	29	t0+qgcd+root0+rad0	0	0	41	9
43	36	0	21	0	40	6	6	t0+qgcd+root0+rootrep+rad0	0	0	38	6
43	36	0	21	0	40	6	37	t0+qgcd+root0+rootrep+rad0	0	0	15	0
43	36	0	21	0	40	37	6	t0+qgcd+root0+rootrep+rad0	0	0	15	0
43	36	0	21	0	3	6	37	t0+qgcd+root0+rootrep+rad0	0	0	15	0
43	36	0	21	0	3	37	6	t0+qgcd+root0+rootrep+rad0	0	0	15	0
43	36	0	21	0	3	37	37	t0+qgcd+root0+rootrep+rad0	0	0	38	6
43	36	5	36	36	9	34	30	rootrep+rad0	25	35	0	0
43	36	5	36	36	34	9	30	rootrep+rad0	25	35	0	0
43	36	5	36	36	34	34	13	rootrep	25	41	38	38
43	36	5	36	7	9	9	30	rootrep	25	41	38	38
43	36	5	36	7	9	34	13	rootrep+rad0	25	35	0	0
43	36	5	36	7	34	9	13	rootrep+rad0	25	35	0	0
43	36	25	36	41	40	20	39	qrep	36	38	21	9
43	36	25	36	41	3	20	4	qrep	36	14	10	17
43	36	25	36	2	40	23	39	qrep	36	14	10	17
43	36	25	36	2	3	23	4	qrep	36	38	21	9
43	36	25	37	1	36	4	35	qrep	9	38	41	25
43	36	25	37	1	7	4	8	qrep	9	16	38	17
43	36	25	37	42	36	39	35	qrep	9	16	38	17
43	36	25	37	42	7	39	8	qrep	9	38	41	25
43	36	26	28	0	38	38	34	root0+rootrep+rad0	0	0	17	17
43	36	26	28	0	38	5	9	root0+rootrep+rad0	0	0	0	0
43	36	26	28	0	38	5	34	root0+rootrep+rad0	0	0	0	0
43	36	26	28	0	5	38	9	root0+rootrep+rad0	0	0	0	0
43	36	26	28	0	5	38	34	root0+rootrep+rad0	0	0	0	0
43	36	26	28	0	5	5	9	root0+rootrep+rad0	0	0	17	17
43	36	27	21	23	23	5	37	qgcd+rootrep	40	35	35	36
43	36	27	21	23	20	38	37	qgcd+rootrep+rad0	40	0	0	15
43	36	27	21	23	20	5	6	qgcd+rootrep+rad0	40	0	0	15
43	36	27	21	20	23	38	37	qgcd+rootrep+rad0	40	0	0	15
43	36	27	21	20	23	5	6	qgcd+rootrep+rad0	40	0	0	15
43	36	27	21	20	20	38	6	qgcd+rootrep	40	35	35	36
43	36	33	16	23	24	8	8	qgcd+rootrep	25	4	6	40
43	36	33	16	20	19	35	35	qgcd+rootrep	25	4	6	40
43	36	33	17	36	31	12	34	qgcd+rootrep+rad0	1	24	0	0
43	36	33	17	36	12	31	34	qgcd+rootrep+rad0	1	24	0	0
43	36	33	17	7	31	12	9	qgcd+rootrep+rad0	1	24	0	0
43	36	33	17	7	12	31	9	qgcd+rootrep+rad0	1	24	0	0
43	36	34	28	15	24	24	25	rootrep	11	11	1	1
43	36	34	28	15	19	19	25	rootrep	11	10	38	38
43	36	34	28	28	24	24	18	rootrep	11	10	38	38
43	36	34	28	28	19	19	18	rootrep	11	11	1	1
43	37	1	24	21	31	13	13	rootrep	25	1	21	11
43	37	1	24	22	12	30	30	rootrep	25	1	21	11
43	37	10	8	36	36	5	27	qgcd+rootrep	36	36	36	38
43	37	10	8	36	7	38	27	qgcd+rootrep+rad0	36	0	0	17
43	37	10	8	36	7	5	16	qgcd+rootrep+rad0	36	0	0	17
43	37	10	8	7	36	38	27	qgcd+rootrep+rad0	36	0	0	17
43	37	10	8	7	36	5	16	qgcd+rootrep+rad0	36	0	0	17
43	37	10	8	7	7	38	16	qgcd+rootrep	36	36	36	38
43	37	21	31	36	20	20	31	qgcd+rootrep	17	31	38	38
43	37	21	31	7	23	23	12	qgcd+rootrep	17	31	38	38
43	37	32	22	4	39	25	26	qgcd+rootrep+rad0	6	0	0	24
43	37	32	22	4	39	18	17	qgcd+rootrep+rad0	6	0	0	24
43	37	32	22	39	4	25	26	qgcd+rootrep+rad0	6	0	0	24
43	37	32	22	39	4	18	17	qgcd+rootrep+rad0	6	0	0	24
43	37	37	11	0	1	1	4	qgcd+root0+rootrep+rad0	0	0	10	10
43	37	37	11	0	1	42	4	qgcd+root0+rootrep+rad0	0	0	0	0
43	37	37	11	0	1	42	39	qgcd+root0+rootrep+rad0	0	0	0	0
43	37	37	11	0	42	1	4	qgcd+root0+rootrep+rad0	0	0	0	0
43	37	37	11	0	42	1	39	qgcd+root0+rootrep+rad0	0	0	0	0
43	37	37	11	0	42	42	39	qgcd+root0+rootrep+rad0	0	0	10	10
43	37	38	22	15	21	21	16	rootrep	17	38	21	21
43	37	38	22	15	21	22	27	rootrep+rad0	17	15	0	0
43	37	38	22	15	22	21	27	rootrep+rad0	17	15	0	0
43	37	38	22	15	22	22	16	rootrep	17	13	15	15
43	37	38	22	28	21	21	27	rootrep	17	13	15	15
43	37	38	22	28	21	22	16	rootrep+rad0	17	15	0	0
43	37	38	22	28	22	21	16	rootrep+rad0	17	15	0	0
43	37	38	22	28	22	22	27	rootrep	17	38	21	21
43	37	40	14	15	10	24	35	qrep	10	35	15	21
43	37	40	14	15	33	24	8	qrep	10	23	24	35
43	37	40	14	28	10	19	35	qrep	10	23	24	35
43	37	40	14	28	33	19	8	qrep	10	35	15	21
43	38	0	10	0	41	9	9	t0+qgcd+root0+rootrep+rad0	0	0	24	15
43	38	0	10	0	41	9	34	t0+qgcd+root0+rootrep+rad0	0	0	36	0
43	38	0	10	0	41	34	9	t0+qgcd+root0+rootrep+rad0	0	0	36	0
43	38	0	10	0	2	9	34	t0+qgcd+root0+rootrep+rad0	0	0	36	0
43	38	0	10	0	2	34	9	t0+qgcd+root0+rootrep+rad0	0	0	36	0
43	38	0	10	0	2	34	34	t0+qgcd+root0+rootrep+rad0	0	0	24	15
43	38	0	34	0	1	7	11	t0+qgcd+root0+rad0	0	0	10	4
43	38	0	34	0	1	7	32	t0+qgcd+root0+rad0	0	0	6	23
43	38	0	34	0	42	36	11	t0+qgcd+root0+rad0	0	0	6	23
43	38	0	34	0	42	36	32	t0+qgcd+root0+rad0	0	0	10	4
43	38	0	36	0	1	28	11	t0+qgcd+root0+rad0	0	0	4	1
43	38	0	36	0	42	15	32	t0+qgcd+root0+rad0	0	0	4	1
43	38	12	31	10	31	14	14	rootrep	1	4	10	25
43	38	12	31	10	31	29	29	rootrep	1	24	13	4
43	38	12	31	33	12	14	14	rootrep	1	24	13	4
43	38	12	31	33	12	29	29	rootrep	1	4	10	25
43	38	20	10	41	35	8	34	qgcd+rootrep+rad0	9	13	0	0
43	38	20	10	41	8	35	34	qgcd+rootrep+rad0	9	13	0	0
43	38	20	10	2	35	8	9	qgcd+rootrep+rad0	9	13	0	0
43	38	20	10	2	8	35	9	qgcd+rootrep+rad0	9	13	0	0
43	38	24	31	41	21	35	11	qrep	41	23	4	24
43	38	24	31	41	21	8	32	qrep	41	40	40	38
43	38	24	31	2	22	35	11	qrep	41	40	40	38
43	38	24	31	2	22	8	32	qrep	41	23	4	24
43	38	28	21	24	24	24	35	rootrep	4	11	11	11
43	38	28	21	24	24	19	8	rootrep+rad0	4	0	0	0
43	38	28	21	24	19	24	8	rootrep+rad0	4	0	0	0
43	38	28	21	24	19	19	35	rootrep+rad0	4	0	0	0
43	38	28	21	19	24	24	8	rootrep+rad0	4	0	0	0
43	38	28	21	19	24	19	35	rootrep+rad0	4	0	0	0
43	38	28	21	19	19	24	35	rootrep+rad0	4	0	0	0
43	38	28	21	19	19	19	8	rootrep	4	11	11	11
43	38	29	7	31	25	5	5	qgcd+rootrep	25	10	14	35
43	38	29	7	12	18	38	38	qgcd+rootrep	25	10	14	35
43	38	35	17	0	21	5	34	root0+rad0	0	0	35	23
43	38	35	17	0	22	38	9	root0+rad0	0	0	35	23
43	38	36	10	35	35	38	9	rootrep	1	13	13	17
43	38	36	10	35	35	5	34	rootrep	1	35	35	35
43	38	36	10	8	8	38	9	rootrep	1	35	35	35
43	38	36	10	8	8	5	34	rootrep	1	13	13	17
43	38	39	30	0	0	41	38	root0+rootrep+rad0	0	0	0	13
43	38	39	30	0	0	2	5	root0+rootrep+rad0	0	0	0	13
43	38	42	26	25	25	25	13	qgcd+rootrep	36	24	24	24
43	38	42	26	25	25	18	30	qgcd+rootrep+rad0	36	0	0	0
43	38	42	26	25	18	25	30	qgcd+rootrep+rad0	36	0	0	0
43	38	42	26	25	18	18	13	qgcd+rootrep+rad0	36	0	0	0
43	38	42	26	18	25	25	30	qgcd+rootrep+rad0	36	0	0	0
43	38	42	26	18	25	18	13	qgcd+rootrep+rad0	36	0	0	0
43	38	42	26	18	18	25	13	qgcd+rootrep+rad0	36	0	0	0
43	38	42	26	18	18	18	30	qgcd+rootrep	36	24	24	24
43	39	0	16	0	21	24	13	t0+qgcd+root0+rad0	0	0	17	11
43	39	0	16	0	22	19	30	t0+qgcd+root0+rad0	0	0	17	11
43	39	0	35	0	36	35	37	t0+qgcd+root0+rad0	0	0	9	24
43	39	0	35	0	7	8	6	t0+qgcd+root0+rad0	0	0	9	24
43	39	0	42	0	36	17	30	t0+qgcd+root0+rad0	0	0	4	36
43	39	0	42	0	7	26	13	t0+qgcd+root0+rad0	0	0	4	36
43	39	14	21	36	21	39	39	qgcd+rootrep	13	10	41	36
43	39	14	21	7	22	4	4	qgcd+rootrep	13	10	41	36
43	39	15	1	1	24	9	9	rootrep	9	6	15	11
43	39	15	1	42	19	34	34	rootrep	9	6	15	11
43	39	41	40	23	38	17	11	qrep	38	41	13	21
43	39	41	40	23	5	26	11	qrep	38	11	38	9
43	39	41	40	20	38	17	32	qrep	38	11	38	9
43	39	41	40	20	5	26	32	qrep	38	41	13	21
43	40	0	3	0	1	13	30	t0+qgcd+root0+rootrep+rad0	0	0	4	0
43	40	0	3	0	1	30	13	t0+qgcd+root0+rootrep+rad0	0	0	4	0
43	40	0	3	0	1	30	30	t0+qgcd+root0+rootrep+rad0	0	0	15	10
43	40	0	3	0	42	13	13	t0+qgcd+root0+rootrep+rad0	0	0	15	10
43	40	0	3	0	42	13	30	t0+qgcd+root0+rootrep+rad0	0	0	4	0
43	40	0	3	0	42	30	13	t0+qgcd+root0+rootrep+rad0	0	0	4	0
43	40	12	27	24	6	37	34	qgcd+rootrep+rad0	36	40	0	0
43	40	12	27	24	37	6	34	qgcd+rootrep+rad0	36	40	0	0
43	40	12	27	19	6	37	9	qgcd+rootrep+rad0	36	40	0	0
43	40	12	27	19	37	6	9	qgcd+rootrep+rad0	36	40	0	0
43	40	23	7	21	21	20	12	qrep+rootrep	17	10	10	23
43	40	23	7	22	22	23	31	qrep+rootrep	17	10	10	23
43	41	0	1	0	21	16	16	t0+qgcd+root0+rootrep+rad0	0	0	9	40
43	41	0	1	0	21	16	27	t0+qgcd+root0+rootrep+rad0	0	0	14	0
43	41	0	1	0	21	27	16	t0+qgcd+root0+rootrep+rad0	0	0	14	0
43	41	0	1	0	22	16	27	t0+qgcd+root0+rootrep+rad0	0	0	14	0
43	41	0	1	0	22	27	16	t0+qgcd+root0+rootrep+rad0	0	0	14	0
43	41	0	1	0	22	27	27	t0+qgcd+root0+rootrep+rad0	0	0	9	40
43	41	0	2	0	35	6	9	t0+qgcd+root0+rad0	0	0	1	38
43	41	0	2	0	35	37	34	t0+qgcd+root0+rad0	0	0	10	35
43	41	0	2	0	8	6	9	t0+qgcd+root0+rad0	0	0	10	35
43	41	0	2	0	8	37	34	t0+qgcd+root0+rad0	0	0	1	38
43	41	0	23	0	23	31	18	t0+qgcd+root0+rad0	0	0	15	1
43	41	0	23	0	20	12	25	t0+qgcd+root0+rad0	0	0	15	1
43	41	7	4	35	17	37	37	rootrep	6	35	23	6
43	41	7	4	35	26	6	37	rootrep+rad0	6	10	25	0
43	41	7	4	35	26	37	6	rootrep+rad0	6	10	25	0
43	41	7	4	8	17	6	37	rootrep+rad0	6	10	25	0
43	41	7	4	8	17	37	6	rootrep+rad0	6	10	25	0
43	41	7	4	8	26	6	6	rootrep	6	35	23	6
43	41	9	10	4	32	32	13	qgcd+rootrep	14	21	9	9
43	41	9	10	39	11	11	30	qgcd+rootrep	14	21	9	9
43	41	15	32	40	40	28	22	rootrep	40	36	36	36
43	41	15	32	3	3	15	21	rootrep	40	36	36	36
43	41	15	41	0	1	39	13	root0+rad0	0	0	1	41
43	41	15	41	0	42	4	30	root0+rad0	0	0	1	41
43	41	20	41	1	5	5	13	qgcd+rootrep	24	31	25	25
43	41	20	41	42	38	38	30	qgcd+rootrep	24	31	25	25
43	41	23	3	15	38	5	27	qgcd+rootrep+rad0	23	10	0	0
43	41	23	3	15	5	38	27	qgcd+rootrep+rad0	23	10	0	0
43	41	23	3	15	5	5	16	qgcd+rootrep	23	25	16	16
43	41	23	3	28	38	38	27	qgcd+rootrep	23	25	16	16
43	41	23	3	28	38	5	16	qgcd+rootrep+rad0	23	10	0	0
43	41	23	3	28	5	38	16	qgcd+rootrep+rad0	23	10	0	0
43	41	32	6	36	21	22	20	rootrep+rad0	35	25	0	0
43	41	32	6	36	22	21	20	rootrep+rad0	35	25	0	0
43	41	32	6	36	22	22	23	rootrep	35	41	15	15
43	41	32	6	7	21	21	20	rootrep	35	41	15	15
43	41	32	6	7	21	22	23	rootrep+rad0	35	25	0	0
43	41	32	6	7	22	21	23	rootrep+rad0	35	25	0	0
43	41	34	31	1	22	11	32	qgcd+rootrep+rad0	4	35	25	0
43	41	34	31	1	22	32	11	qgcd+rootrep+rad0	4	35	25	0
43	41	34	31	42	21	11	32	qgcd+rootrep+rad0	4	35	25	0
43	41	34	31	42	21	32	11	qgcd+rootrep+rad0	4	35	25	0
43	41	35	14	1	19	19	35	qgcd+rootrep	36	38	41	41
43	41	35	14	42	24	24	8	qgcd+rootrep	36	38	41	41
43	41	40	28	24	17	17	16	qgcd+rootrep	36	13	36	36
43	41	40	28	24	17	26	27	qgcd+rootrep+rad0	36	21	0	0
43	41	40	28	24	26	17	27	qgcd+rootrep+rad0	36	21	0	0
43	41	40	28	19	17	26	16	qgcd+rootrep+rad0	36	21	0	0
43	41	40	28	19	26	17	16	qgcd+rootrep+rad0	36	21	0	0
43	41	40	28	19	26	26	27	qgcd+rootrep	36	13	36	36
43	42	0	19	0	40	11	11	t0+qgcd+root0+rootrep+rad0	0	0	17	11
43	42	0	19	0	40	11	32	t0+qgcd+root0+rootrep+rad0	0	0	24	0
43	42	0	19	0	40	32	11	t0+qgcd+root0+rootrep+rad0	0	0	24	0
43	42	0	19	0	3	11	32	t0+qgcd+root0+rootrep+rad0	0	0	24	0
43	42	0	19	0	3	32	11	t0+qgcd+root0+rootrep+rad0	0	0	24	0
43	42	0	19	0	3	32	32	t0+qgcd+root0+rootrep+rad0	0	0	17	11
43	42	1	7	17	32	6	37	qgcd+rootrep+rad0	24	6	23	0
43	42	1	7	17	32	37	6	qgcd+rootrep+rad0	24	6	23	0
43	42	1	7	26	11	6	37	qgcd+rootrep+rad0	24	6	23	0
43	42	1	7	26	11	37	6	qgcd+rootrep+rad0	24	6	23	0
43	42	20	13	0	40	17	26	root0+rootrep+rad0	0	0	17	0
43	42	20	13	0	40	26	17	root0+rootrep+rad0	0	0	17	0
43	42	20	13	0	40	26	26	root0+rootrep+rad0	0	0	31	10
43	42	20	13	0	3	17	17	root0+rootrep+rad0	0	0	31	10
43	42	20	13	0	3	17	26	root0+rootrep+rad0	0	0	17	0
43	42	20	13	0	3	26	17	root0+rootrep+rad0	0	0	17	0
43	42	21	19	41	22	12	4	qrep	38	17	25	6
43	42	21	19	2	21	31	39	qrep	38	17	25	6
43	42	21	22	31	35	8	34	qrep+qgcd+rootrep+rad0	11	36	0	0
43	42	21	22	31	8	35	34	qrep+qgcd+rootrep+rad0	11	36	0	0
43	42	21	22	31	8	8	9	qrep+qgcd+rootrep	11	17	25	25
43	42	21	22	12	35	35	34	qrep+qgcd+rootrep	11	17	25	25
43	42	21	22	12	35	8	9	qrep+qgcd+rootrep+rad0	11	36	0	0
43	42	21	22	12	8	35	9	qrep+qgcd+rootrep+rad0	11	36	0	0
