m	n	torsion_coset
-99237600	0	1
-98036400	0	1
-88099200	0	1
-86024400	0	1
-84495600	0	1
-82420800	0	1
-79690800	0	1
-78489600	0	1
-77616000	0	1
-77288400	0	1
-76414800	0	1
-75213600	0	1
-65276400	0	1
-63201600	0	1
-61672800	0	1
-59598000	0	1
-56868000	0	1
-55666800	0	1
-54793200	0	1
-54465600	0	1
-53592000	0	1
-52390800	0	1
-42453600	0	1
-40378800	0	1
-38850000	0	1
-36775200	0	1
-34045200	0	1
-32844000	0	1
-31970400	0	1
-31642800	0	1
-30769200	0	1
-29568000	0	1
-19630800	0	1
-17556000	0	1
-16027200	0	1
-13952400	0	1
-11222400	0	1
-10021200	0	1
-9147600	0	1
-8820000	0	1
-7946400	0	1
-6745200	0	1
3192000	0	1
5266800	0	1
6795600	0	1
8870400	0	1
11600400	0	1
12801600	0	1
13675200	0	1
14002800	0	1
14876400	0	1
16077600	0	1
26014800	0	1
28089600	0	1
29618400	0	1
31693200	0	1
34423200	0	1
35624400	0	1
36498000	0	1
36825600	0	1
37699200	0	1
38900400	0	1
48837600	0	1
50912400	0	1
52441200	0	1
54516000	0	1
57246000	0	1
58447200	0	1
59320800	0	1
59648400	0	1
60522000	0	1
61723200	0	1
71660400	0	1
73735200	0	1
75264000	0	1
77338800	0	1
80068800	0	1
81270000	0	1
82143600	0	1
82471200	0	1
83344800	0	1
84546000	0	1
94483200	0	1
96558000	0	1
98086800	0	1
-98221200	0	1
-95491200	0	1
-94290000	0	1
-93416400	0	1
-93088800	0	1
-92215200	0	1
-91014000	0	1
-81076800	0	1
-79002000	0	1
-77473200	0	1
-75398400	0	1
-72668400	0	1
-71467200	0	1
-70593600	0	1
-70266000	0	1
-69392400	0	1
-68191200	0	1
-58254000	0	1
-56179200	0	1
-54650400	0	1
-52575600	0	1
-49845600	0	1
-48644400	0	1
-47770800	0	1
-47443200	0	1
-46569600	0	1
-45368400	0	1
-35431200	0	1
-33356400	0	1
-31827600	0	1
-29752800	0	1
-27022800	0	1
-25821600	0	1
-24948000	0	1
-24620400	0	1
-23746800	0	1
-22545600	0	1
-12608400	0	1
-10533600	0	1
-9004800	0	1
-6930000	0	1
-4200000	0	1
-2998800	0	1
-2125200	0	1
-1797600	0	1
-924000	0	1
277200	0	1
10214400	0	1
12289200	0	1
13818000	0	1
15892800	0	1
18622800	0	1
19824000	0	1
20697600	0	1
21025200	0	1
21898800	0	1
23100000	0	1
33037200	0	1
35112000	0	1
36640800	0	1
38715600	0	1
41445600	0	1
42646800	0	1
43520400	0	1
43848000	0	1
44721600	0	1
45922800	0	1
55860000	0	1
57934800	0	1
59463600	0	1
61538400	0	1
64268400	0	1
65469600	0	1
66343200	0	1
66670800	0	1
67544400	0	1
68745600	0	1
78682800	0	1
80757600	0	1
82286400	0	1
84361200	0	1
87091200	0	1
88292400	0	1
89166000	0	1
89493600	0	1
90367200	0	1
91568400	0	1
-93366000	0	1
-91291200	0	1
-89762400	0	1
-87687600	0	1
-84957600	0	1
-83756400	0	1
-82882800	0	1
-82555200	0	1
-81681600	0	1
-80480400	0	1
-70543200	0	1
-68468400	0	1
-66939600	0	1
-64864800	0	1
-62134800	0	1
-60933600	0	1
-60060000	0	1
-59732400	0	1
-58858800	0	1
-57657600	0	1
-47720400	0	1
-45645600	0	1
-44116800	0	1
-42042000	0	1
-39312000	0	1
-38110800	0	1
-37237200	0	1
-36909600	0	1
-36036000	0	1
-34834800	0	1
-24897600	0	1
-22822800	0	1
-21294000	0	1
-19219200	0	1
-16489200	0	1
-15288000	0	1
-14414400	0	1
-14086800	0	1
-13213200	0	1
-12012000	0	1
-2074800	0	1
0	0	1
1528800	0	1
3603600	0	1
6333600	0	1
7534800	0	1
8408400	0	1
8736000	0	1
9609600	0	1
10810800	0	1
20748000	0	1
22822800	0	1
24351600	0	1
26426400	0	1
29156400	0	1
30357600	0	1
31231200	0	1
31558800	0	1
32432400	0	1
33633600	0	1
43570800	0	1
45645600	0	1
47174400	0	1
49249200	0	1
51979200	0	1
53180400	0	1
54054000	0	1
54381600	0	1
55255200	0	1
56456400	0	1
66393600	0	1
68468400	0	1
69997200	0	1
72072000	0	1
74802000	0	1
76003200	0	1
76876800	0	1
77204400	0	1
78078000	0	1
79279200	0	1
89216400	0	1
91291200	0	1
92820000	0	1
94894800	0	1
97624800	0	1
98826000	0	1
99699600	0	1
-99981417	0	2
-99741177	0	2
-99681117	0	2
-99326217	0	2
-99206097	0	2
-98605497	0	2
-98539977	0	2
-98479917	0	2
-98125017	0	2
-97458897	0	2
-97338777	0	2
-97284177	0	2
-96923817	0	2
-96738177	0	2
-96557997	0	2
-96323217	0	2
-96257697	0	2
-95902797	0	2
-95182077	0	2
-95176617	0	2
-95056497	0	2
-95001897	0	2
-94701597	0	2
-94455897	0	2
-93975417	0	2
-93500397	0	2
-93134577	0	2
-92774217	0	2
-92719617	0	2
-92479377	0	2
-92173617	0	2
-91753197	0	2
-91578477	0	2
-91278177	0	2
-91032477	0	2
-90852297	0	2
-90617517	0	2
-90551997	0	2
-90197097	0	2
-90076977	0	2
-89476377	0	2
-89350797	0	2
-88995897	0	2
-88570017	0	2
-88329777	0	2
-87914817	0	2
-87794697	0	2
-87428877	0	2
-87194097	0	2
-87128577	0	2
-87013917	0	2
-86773677	0	2
-86713617	0	2
-86467917	0	2
-86047497	0	2
-85927377	0	2
-85872777	0	2
-85572477	0	2
-85512417	0	2
-85326777	0	2
-84911817	0	2
-84846297	0	2
-84371277	0	2
-83765217	0	2
-83645097	0	2
-83590497	0	2
-83044497	0	2
-82864317	0	2
-82624077	0	2
-82564017	0	2
-82209117	0	2
-81723177	0	2
-81488397	0	2
-81422877	0	2
-81362817	0	2
-81308217	0	2
-81067977	0	2
-81007917	0	2
-80762217	0	2
-80221677	0	2
-79866777	0	2
-79806717	0	2
-79440897	0	2
-78785697	0	2
-78665577	0	2
-78064977	0	2
-78059517	0	2
-77884797	0	2
-77584497	0	2
-77338797	0	2
-77158617	0	2
-76918377	0	2
-76858317	0	2
-76503417	0	2
-76383297	0	2
-75782697	0	2
-75717177	0	2
-75657117	0	2
-75302217	0	2
-74636097	0	2
-74515977	0	2
-74461377	0	2
-74101017	0	2
-73915377	0	2
-73735197	0	2
-73500417	0	2
-73434897	0	2
-73079997	0	2
-72359277	0	2
-72353817	0	2
-72233697	0	2
-72179097	0	2
-71878797	0	2
-71633097	0	2
-71152617	0	2
-70677597	0	2
-70311777	0	2
-69951417	0	2
-69896817	0	2
-69656577	0	2
-69350817	0	2
-68930397	0	2
-68755677	0	2
-68455377	0	2
-68209677	0	2
-68029497	0	2
-67794717	0	2
-67729197	0	2
-67374297	0	2
-67254177	0	2
-66653577	0	2
-66527997	0	2
-66173097	0	2
-65747217	0	2
-65506977	0	2
-65092017	0	2
-64971897	0	2
-64606077	0	2
-64371297	0	2
-64305777	0	2
-64191117	0	2
-63950877	0	2
-63890817	0	2
-63645117	0	2
-63224697	0	2
-63104577	0	2
-63049977	0	2
-62749677	0	2
-62689617	0	2
-62503977	0	2
-62089017	0	2
-62023497	0	2
-61548477	0	2
-60942417	0	2
-60822297	0	2
-60767697	0	2
-60221697	0	2
-60041517	0	2
-59801277	0	2
-59741217	0	2
-59386317	0	2
-58900377	0	2
-58665597	0	2
-58600077	0	2
-58540017	0	2
-58485417	0	2
-58245177	0	2
-58185117	0	2
-57939417	0	2
-57398877	0	2
-57043977	0	2
-56983917	0	2
-56618097	0	2
-55962897	0	2
-55842777	0	2
-55242177	0	2
-55236717	0	2
-55061997	0	2
-54761697	0	2
-54515997	0	2
-54335817	0	2
-54095577	0	2
-54035517	0	2
-53680617	0	2
-53560497	0	2
-52959897	0	2
-52894377	0	2
-52834317	0	2
-52479417	0	2
-51813297	0	2
-51693177	0	2
-51638577	0	2
-51278217	0	2
-51092577	0	2
-50912397	0	2
-50677617	0	2
-50612097	0	2
-50257197	0	2
-49536477	0	2
-49531017	0	2
-49410897	0	2
-49356297	0	2
-49055997	0	2
-48810297	0	2
-48329817	0	2
-47854797	0	2
-47488977	0	2
-47128617	0	2
-47074017	0	2
-46833777	0	2
-46528017	0	2
-46107597	0	2
-45932877	0	2
-45632577	0	2
-45386877	0	2
-45206697	0	2
-44971917	0	2
-44906397	0	2
-44551497	0	2
-44431377	0	2
-43830777	0	2
-43705197	0	2
-43350297	0	2
-42924417	0	2
-42684177	0	2
-42269217	0	2
-42149097	0	2
-41783277	0	2
-41548497	0	2
-41482977	0	2
-41368317	0	2
-41128077	0	2
-41068017	0	2
-40822317	0	2
-40401897	0	2
-40281777	0	2
-40227177	0	2
-39926877	0	2
-39866817	0	2
-39681177	0	2
-39266217	0	2
-39200697	0	2
-38725677	0	2
-38119617	0	2
-37999497	0	2
-37944897	0	2
-37398897	0	2
-37218717	0	2
-36978477	0	2
-36918417	0	2
-36563517	0	2
-36077577	0	2
-35842797	0	2
-35777277	0	2
-35717217	0	2
-35662617	0	2
-35422377	0	2
-35362317	0	2
-35116617	0	2
-34576077	0	2
-34221177	0	2
-34161117	0	2
-33795297	0	2
-33140097	0	2
-33019977	0	2
-32419377	0	2
-32413917	0	2
-32239197	0	2
-31938897	0	2
-31693197	0	2
-31513017	0	2
-31272777	0	2
-31212717	0	2
-30857817	0	2
-30737697	0	2
-30137097	0	2
-30071577	0	2
-30011517	0	2
-29656617	0	2
-28990497	0	2
-28870377	0	2
-28815777	0	2
-28455417	0	2
-28269777	0	2
-28089597	0	2
-27854817	0	2
-27789297	0	2
-27434397	0	2
-26713677	0	2
-26708217	0	2
-26588097	0	2
-26533497	0	2
-26233197	0	2
-25987497	0	2
-25507017	0	2
-25031997	0	2
-24666177	0	2
-24305817	0	2
-24251217	0	2
-24010977	0	2
-23705217	0	2
-23284797	0	2
-23110077	0	2
-22809777	0	2
-22564077	0	2
-22383897	0	2
-22149117	0	2
-22083597	0	2
-21728697	0	2
-21608577	0	2
-21007977	0	2
-20882397	0	2
-20527497	0	2
-20101617	0	2
-19861377	0	2
-19446417	0	2
-19326297	0	2
-18960477	0	2
-18725697	0	2
-18660177	0	2
-18545517	0	2
-18305277	0	2
-18245217	0	2
-17999517	0	2
-17579097	0	2
-17458977	0	2
-17404377	0	2
-17104077	0	2
-17044017	0	2
-16858377	0	2
-16443417	0	2
-16377897	0	2
-15902877	0	2
-15296817	0	2
-15176697	0	2
-15122097	0	2
-14576097	0	2
-14395917	0	2
-14155677	0	2
-14095617	0	2
-13740717	0	2
-13254777	0	2
-13019997	0	2
-12954477	0	2
-12894417	0	2
-12839817	0	2
-12599577	0	2
-12539517	0	2
-12293817	0	2
-11753277	0	2
-11398377	0	2
-11338317	0	2
-10972497	0	2
-10317297	0	2
-10197177	0	2
-9596577	0	2
-9591117	0	2
-9416397	0	2
-9116097	0	2
-8870397	0	2
-8690217	0	2
-8449977	0	2
-8389917	0	2
-8035017	0	2
-7914897	0	2
-7314297	0	2
-7248777	0	2
-7188717	0	2
-6833817	0	2
-6167697	0	2
-6047577	0	2
-5992977	0	2
-5632617	0	2
-5446977	0	2
-5266797	0	2
-5032017	0	2
-4966497	0	2
-4611597	0	2
-3890877	0	2
-3885417	0	2
-3765297	0	2
-3710697	0	2
-3410397	0	2
-3164697	0	2
-2684217	0	2
-2209197	0	2
-1843377	0	2
-1483017	0	2
-1428417	0	2
-1188177	0	2
-882417	0	2
-461997	0	2
-287277	0	2
13023	0	2
258723	0	2
438903	0	2
673683	0	2
739203	0	2
1094103	0	2
1214223	0	2
1814823	0	2
1940403	0	2
2295303	0	2
2721183	0	2
2961423	0	2
3376383	0	2
3496503	0	2
3862323	0	2
4097103	0	2
4162623	0	2
4277283	0	2
4517523	0	2
4577583	0	2
4823283	0	2
5243703	0	2
5363823	0	2
5418423	0	2
5718723	0	2
5778783	0	2
5964423	0	2
6379383	0	2
6444903	0	2
6919923	0	2
7525983	0	2
7646103	0	2
7700703	0	2
8246703	0	2
8426883	0	2
8667123	0	2
8727183	0	2
9082083	0	2
9568023	0	2
9802803	0	2
9868323	0	2
9928383	0	2
9982983	0	2
10223223	0	2
10283283	0	2
10528983	0	2
11069523	0	2
11424423	0	2
11484483	0	2
11850303	0	2
12505503	0	2
12625623	0	2
13226223	0	2
13231683	0	2
13406403	0	2
13706703	0	2
13952403	0	2
14132583	0	2
14372823	0	2
14432883	0	2
14787783	0	2
14907903	0	2
15508503	0	2
15574023	0	2
15634083	0	2
15988983	0	2
16655103	0	2
16775223	0	2
16829823	0	2
17190183	0	2
17375823	0	2
17556003	0	2
17790783	0	2
17856303	0	2
18211203	0	2
18931923	0	2
18937383	0	2
19057503	0	2
19112103	0	2
19412403	0	2
19658103	0	2
20138583	0	2
20613603	0	2
20979423	0	2
21339783	0	2
21394383	0	2
21634623	0	2
21940383	0	2
22360803	0	2
22535523	0	2
22835823	0	2
23081523	0	2
23261703	0	2
23496483	0	2
23562003	0	2
23916903	0	2
24037023	0	2
24637623	0	2
24763203	0	2
25118103	0	2
25543983	0	2
25784223	0	2
26199183	0	2
26319303	0	2
26685123	0	2
26919903	0	2
26985423	0	2
27100083	0	2
27340323	0	2
27400383	0	2
27646083	0	2
28066503	0	2
28186623	0	2
28241223	0	2
28541523	0	2
28601583	0	2
28787223	0	2
29202183	0	2
29267703	0	2
29742723	0	2
30348783	0	2
30468903	0	2
30523503	0	2
31069503	0	2
31249683	0	2
31489923	0	2
31549983	0	2
31904883	0	2
32390823	0	2
32625603	0	2
32691123	0	2
32751183	0	2
32805783	0	2
33046023	0	2
33106083	0	2
33351783	0	2
33892323	0	2
34247223	0	2
34307283	0	2
34673103	0	2
35328303	0	2
35448423	0	2
36049023	0	2
36054483	0	2
36229203	0	2
36529503	0	2
36775203	0	2
36955383	0	2
37195623	0	2
37255683	0	2
37610583	0	2
37730703	0	2
38331303	0	2
38396823	0	2
38456883	0	2
38811783	0	2
39477903	0	2
39598023	0	2
39652623	0	2
40012983	0	2
40198623	0	2
40378803	0	2
40613583	0	2
40679103	0	2
41034003	0	2
41754723	0	2
41760183	0	2
41880303	0	2
41934903	0	2
42235203	0	2
42480903	0	2
42961383	0	2
43436403	0	2
43802223	0	2
44162583	0	2
44217183	0	2
44457423	0	2
44763183	0	2
45183603	0	2
45358323	0	2
45658623	0	2
45904323	0	2
46084503	0	2
46319283	0	2
46384803	0	2
46739703	0	2
46859823	0	2
47460423	0	2
47586003	0	2
47940903	0	2
48366783	0	2
48607023	0	2
49021983	0	2
49142103	0	2
49507923	0	2
49742703	0	2
49808223	0	2
49922883	0	2
50163123	0	2
50223183	0	2
50468883	0	2
50889303	0	2
51009423	0	2
51064023	0	2
51364323	0	2
51424383	0	2
51610023	0	2
52024983	0	2
52090503	0	2
52565523	0	2
53171583	0	2
53291703	0	2
53346303	0	2
53892303	0	2
54072483	0	2
54312723	0	2
54372783	0	2
54727683	0	2
55213623	0	2
55448403	0	2
55513923	0	2
55573983	0	2
55628583	0	2
55868823	0	2
55928883	0	2
56174583	0	2
56715123	0	2
57070023	0	2
57130083	0	2
57495903	0	2
58151103	0	2
58271223	0	2
58871823	0	2
58877283	0	2
59052003	0	2
59352303	0	2
59598003	0	2
59778183	0	2
60018423	0	2
60078483	0	2
60433383	0	2
60553503	0	2
61154103	0	2
61219623	0	2
61279683	0	2
61634583	0	2
62300703	0	2
62420823	0	2
62475423	0	2
62835783	0	2
63021423	0	2
63201603	0	2
63436383	0	2
63501903	0	2
63856803	0	2
64577523	0	2
64582983	0	2
64703103	0	2
64757703	0	2
65058003	0	2
65303703	0	2
65784183	0	2
66259203	0	2
66625023	0	2
66985383	0	2
67039983	0	2
67280223	0	2
67585983	0	2
68006403	0	2
68181123	0	2
68481423	0	2
68727123	0	2
68907303	0	2
69142083	0	2
69207603	0	2
69562503	0	2
69682623	0	2
70283223	0	2
70408803	0	2
70763703	0	2
71189583	0	2
71429823	0	2
71844783	0	2
71964903	0	2
72330723	0	2
72565503	0	2
72631023	0	2
72745683	0	2
72985923	0	2
73045983	0	2
73291683	0	2
73712103	0	2
73832223	0	2
73886823	0	2
74187123	0	2
74247183	0	2
74432823	0	2
74847783	0	2
74913303	0	2
75388323	0	2
75994383	0	2
76114503	0	2
76169103	0	2
76715103	0	2
76895283	0	2
77135523	0	2
77195583	0	2
77550483	0	2
78036423	0	2
78271203	0	2
78336723	0	2
78396783	0	2
78451383	0	2
78691623	0	2
78751683	0	2
78997383	0	2
79537923	0	2
79892823	0	2
79952883	0	2
80318703	0	2
80973903	0	2
81094023	0	2
81694623	0	2
81700083	0	2
81874803	0	2
82175103	0	2
82420803	0	2
82600983	0	2
82841223	0	2
82901283	0	2
83256183	0	2
83376303	0	2
83976903	0	2
84042423	0	2
84102483	0	2
84457383	0	2
85123503	0	2
85243623	0	2
85298223	0	2
85658583	0	2
85844223	0	2
86024403	0	2
86259183	0	2
86324703	0	2
86679603	0	2
87400323	0	2
87405783	0	2
87525903	0	2
87580503	0	2
87880803	0	2
88126503	0	2
88606983	0	2
89082003	0	2
89447823	0	2
89808183	0	2
89862783	0	2
90103023	0	2
90408783	0	2
90829203	0	2
91003923	0	2
91304223	0	2
91549923	0	2
91730103	0	2
91964883	0	2
92030403	0	2
92385303	0	2
92505423	0	2
93106023	0	2
93231603	0	2
93586503	0	2
94012383	0	2
94252623	0	2
94667583	0	2
94787703	0	2
95153523	0	2
95388303	0	2
95453823	0	2
95568483	0	2
95808723	0	2
95868783	0	2
96114483	0	2
96534903	0	2
96655023	0	2
96709623	0	2
97009923	0	2
97069983	0	2
97255623	0	2
97670583	0	2
97736103	0	2
98211123	0	2
98817183	0	2
98937303	0	2
98991903	0	2
99537903	0	2
99718083	0	2
99958323	0	2
-99765117	0	2
-99279177	0	2
-99044397	0	2
-98978877	0	2
-98918817	0	2
-98864217	0	2
-98623977	0	2
-98563917	0	2
-98318217	0	2
-97777677	0	2
-97422777	0	2
-97362717	0	2
-96996897	0	2
-96341697	0	2
-96221577	0	2
-95620977	0	2
-95615517	0	2
-95440797	0	2
-95140497	0	2
-94894797	0	2
-94714617	0	2
-94474377	0	2
-94414317	0	2
-94059417	0	2
-93939297	0	2
-93338697	0	2
-93273177	0	2
-93213117	0	2
-92858217	0	2
-92192097	0	2
-92071977	0	2
-92017377	0	2
-91657017	0	2
-91471377	0	2
-91291197	0	2
-91056417	0	2
-90990897	0	2
-90635997	0	2
-89915277	0	2
-89909817	0	2
-89789697	0	2
-89735097	0	2
-89434797	0	2
-89189097	0	2
-88708617	0	2
-88233597	0	2
-87867777	0	2
-87507417	0	2
-87452817	0	2
-87212577	0	2
-86906817	0	2
-86486397	0	2
-86311677	0	2
-86011377	0	2
-85765677	0	2
-85585497	0	2
-85350717	0	2
-85285197	0	2
-84930297	0	2
-84810177	0	2
-84209577	0	2
-84083997	0	2
-83729097	0	2
-83303217	0	2
-83062977	0	2
-82648017	0	2
-82527897	0	2
-82162077	0	2
-81927297	0	2
-81861777	0	2
-81747117	0	2
-81506877	0	2
-81446817	0	2
-81201117	0	2
-80780697	0	2
-80660577	0	2
-80605977	0	2
-80305677	0	2
-80245617	0	2
-80059977	0	2
-79645017	0	2
-79579497	0	2
-79104477	0	2
-78498417	0	2
-78378297	0	2
-78323697	0	2
-77777697	0	2
-77597517	0	2
-77357277	0	2
-77297217	0	2
-76942317	0	2
-76456377	0	2
-76221597	0	2
-76156077	0	2
-76096017	0	2
-76041417	0	2
-75801177	0	2
-75741117	0	2
-75495417	0	2
-74954877	0	2
-74599977	0	2
-74539917	0	2
-74174097	0	2
-73518897	0	2
-73398777	0	2
-72798177	0	2
-72792717	0	2
-72617997	0	2
-72317697	0	2
-72071997	0	2
-71891817	0	2
-71651577	0	2
-71591517	0	2
-71236617	0	2
-71116497	0	2
-70515897	0	2
-70450377	0	2
-70390317	0	2
-70035417	0	2
-69369297	0	2
-69249177	0	2
-69194577	0	2
-68834217	0	2
-68648577	0	2
-68468397	0	2
-68233617	0	2
-68168097	0	2
-67813197	0	2
-67092477	0	2
-67087017	0	2
-66966897	0	2
-66912297	0	2
-66611997	0	2
-66366297	0	2
-65885817	0	2
-65410797	0	2
-65044977	0	2
-64684617	0	2
-64630017	0	2
-64389777	0	2
-64084017	0	2
-63663597	0	2
-63488877	0	2
-63188577	0	2
-62942877	0	2
-62762697	0	2
-62527917	0	2
-62462397	0	2
-62107497	0	2
-61987377	0	2
-61386777	0	2
-61261197	0	2
-60906297	0	2
-60480417	0	2
-60240177	0	2
-59825217	0	2
-59705097	0	2
-59339277	0	2
-59104497	0	2
-59038977	0	2
-58924317	0	2
-58684077	0	2
-58624017	0	2
-58378317	0	2
-57957897	0	2
-57837777	0	2
-57783177	0	2
-57482877	0	2
-57422817	0	2
-57237177	0	2
-56822217	0	2
-56756697	0	2
-56281677	0	2
-55675617	0	2
-55555497	0	2
-55500897	0	2
-54954897	0	2
-54774717	0	2
-54534477	0	2
-54474417	0	2
-54119517	0	2
-53633577	0	2
-53398797	0	2
-53333277	0	2
-53273217	0	2
-53218617	0	2
-52978377	0	2
-52918317	0	2
-52672617	0	2
-52132077	0	2
-51777177	0	2
-51717117	0	2
-51351297	0	2
-50696097	0	2
-50575977	0	2
-49975377	0	2
-49969917	0	2
-49795197	0	2
-49494897	0	2
-49249197	0	2
-49069017	0	2
-48828777	0	2
-48768717	0	2
-48413817	0	2
-48293697	0	2
-47693097	0	2
-47627577	0	2
-47567517	0	2
-47212617	0	2
-46546497	0	2
-46426377	0	2
-46371777	0	2
-46011417	0	2
-45825777	0	2
-45645597	0	2
-45410817	0	2
-45345297	0	2
-44990397	0	2
-44269677	0	2
-44264217	0	2
-44144097	0	2
-44089497	0	2
-43789197	0	2
-43543497	0	2
-43063017	0	2
-42587997	0	2
-42222177	0	2
-41861817	0	2
-41807217	0	2
-41566977	0	2
-41261217	0	2
-40840797	0	2
-40666077	0	2
-40365777	0	2
-40120077	0	2
-39939897	0	2
-39705117	0	2
-39639597	0	2
-39284697	0	2
-39164577	0	2
-38563977	0	2
-38438397	0	2
-38083497	0	2
-37657617	0	2
-37417377	0	2
-37002417	0	2
-36882297	0	2
-36516477	0	2
-36281697	0	2
-36216177	0	2
-36101517	0	2
-35861277	0	2
-35801217	0	2
-35555517	0	2
-35135097	0	2
-35014977	0	2
-34960377	0	2
-34660077	0	2
-34600017	0	2
-34414377	0	2
-33999417	0	2
-33933897	0	2
-33458877	0	2
-32852817	0	2
-32732697	0	2
-32678097	0	2
-32132097	0	2
-31951917	0	2
-31711677	0	2
-31651617	0	2
-31296717	0	2
-30810777	0	2
-30575997	0	2
-30510477	0	2
-30450417	0	2
-30395817	0	2
-30155577	0	2
-30095517	0	2
-29849817	0	2
-29309277	0	2
-28954377	0	2
-28894317	0	2
-28528497	0	2
-27873297	0	2
-27753177	0	2
-27152577	0	2
-27147117	0	2
-26972397	0	2
-26672097	0	2
-26426397	0	2
-26246217	0	2
-26005977	0	2
-25945917	0	2
-25591017	0	2
-25470897	0	2
-24870297	0	2
-24804777	0	2
-24744717	0	2
-24389817	0	2
-23723697	0	2
-23603577	0	2
-23548977	0	2
-23188617	0	2
-23002977	0	2
-22822797	0	2
-22588017	0	2
-22522497	0	2
-22167597	0	2
-21446877	0	2
-21441417	0	2
-21321297	0	2
-21266697	0	2
-20966397	0	2
-20720697	0	2
-20240217	0	2
-19765197	0	2
-19399377	0	2
-19039017	0	2
-18984417	0	2
-18744177	0	2
-18438417	0	2
-18017997	0	2
-17843277	0	2
-17542977	0	2
-17297277	0	2
-17117097	0	2
-16882317	0	2
-16816797	0	2
-16461897	0	2
-16341777	0	2
-15741177	0	2
-15615597	0	2
-15260697	0	2
-14834817	0	2
-14594577	0	2
-14179617	0	2
-14059497	0	2
-13693677	0	2
-13458897	0	2
-13393377	0	2
-13278717	0	2
-13038477	0	2
-12978417	0	2
-12732717	0	2
-12312297	0	2
-12192177	0	2
-12137577	0	2
-11837277	0	2
-11777217	0	2
-11591577	0	2
-11176617	0	2
-11111097	0	2
-10636077	0	2
-10030017	0	2
-9909897	0	2
-9855297	0	2
-9309297	0	2
-9129117	0	2
-8888877	0	2
-8828817	0	2
-8473917	0	2
-7987977	0	2
-7753197	0	2
-7687677	0	2
-7627617	0	2
-7573017	0	2
-7332777	0	2
-7272717	0	2
-7027017	0	2
-6486477	0	2
-6131577	0	2
-6071517	0	2
-5705697	0	2
-5050497	0	2
-4930377	0	2
-4329777	0	2
-4324317	0	2
-4149597	0	2
-3849297	0	2
-3603597	0	2
-3423417	0	2
-3183177	0	2
-3123117	0	2
-2768217	0	2
-2648097	0	2
-2047497	0	2
-1981977	0	2
-1921917	0	2
-1567017	0	2
-900897	0	2
-780777	0	2
-726177	0	2
-365817	0	2
-180177	0	2
3	0	2
234783	0	2
300303	0	2
655203	0	2
1375923	0	2
1381383	0	2
1501503	0	2
1556103	0	2
1856403	0	2
2102103	0	2
2582583	0	2
3057603	0	2
3423423	0	2
3783783	0	2
3838383	0	2
4078623	0	2
4384383	0	2
4804803	0	2
4979523	0	2
5279823	0	2
5525523	0	2
5705703	0	2
5940483	0	2
6006003	0	2
6360903	0	2
6481023	0	2
7081623	0	2
7207203	0	2
7562103	0	2
7987983	0	2
8228223	0	2
8643183	0	2
8763303	0	2
9129123	0	2
9363903	0	2
9429423	0	2
9544083	0	2
9784323	0	2
9844383	0	2
10090083	0	2
10510503	0	2
10630623	0	2
10685223	0	2
10985523	0	2
11045583	0	2
11231223	0	2
11646183	0	2
11711703	0	2
12186723	0	2
12792783	0	2
12912903	0	2
12967503	0	2
13513503	0	2
13693683	0	2
13933923	0	2
13993983	0	2
14348883	0	2
14834823	0	2
15069603	0	2
15135123	0	2
15195183	0	2
15249783	0	2
15490023	0	2
15550083	0	2
15795783	0	2
16336323	0	2
16691223	0	2
16751283	0	2
17117103	0	2
17772303	0	2
17892423	0	2
18493023	0	2
18498483	0	2
18673203	0	2
18973503	0	2
19219203	0	2
19399383	0	2
19639623	0	2
19699683	0	2
20054583	0	2
20174703	0	2
20775303	0	2
20840823	0	2
20900883	0	2
21255783	0	2
21921903	0	2
22042023	0	2
22096623	0	2
22456983	0	2
22642623	0	2
22822803	0	2
23057583	0	2
23123103	0	2
23478003	0	2
24198723	0	2
24204183	0	2
24324303	0	2
24378903	0	2
24679203	0	2
24924903	0	2
25405383	0	2
25880403	0	2
26246223	0	2
26606583	0	2
26661183	0	2
26901423	0	2
27207183	0	2
27627603	0	2
27802323	0	2
28102623	0	2
28348323	0	2
28528503	0	2
28763283	0	2
28828803	0	2
29183703	0	2
29303823	0	2
29904423	0	2
30030003	0	2
30384903	0	2
30810783	0	2
31051023	0	2
31465983	0	2
31586103	0	2
31951923	0	2
32186703	0	2
32252223	0	2
32366883	0	2
32607123	0	2
32667183	0	2
32912883	0	2
33333303	0	2
33453423	0	2
33508023	0	2
33808323	0	2
33868383	0	2
34054023	0	2
34468983	0	2
34534503	0	2
35009523	0	2
35615583	0	2
35735703	0	2
35790303	0	2
36336303	0	2
36516483	0	2
36756723	0	2
36816783	0	2
37171683	0	2
37657623	0	2
37892403	0	2
37957923	0	2
38017983	0	2
38072583	0	2
38312823	0	2
38372883	0	2
38618583	0	2
39159123	0	2
39514023	0	2
39574083	0	2
39939903	0	2
40595103	0	2
40715223	0	2
41315823	0	2
41321283	0	2
41496003	0	2
41796303	0	2
42042003	0	2
42222183	0	2
42462423	0	2
42522483	0	2
42877383	0	2
42997503	0	2
43598103	0	2
43663623	0	2
43723683	0	2
44078583	0	2
44744703	0	2
44864823	0	2
44919423	0	2
45279783	0	2
45465423	0	2
45645603	0	2
45880383	0	2
45945903	0	2
46300803	0	2
47021523	0	2
47026983	0	2
47147103	0	2
47201703	0	2
47502003	0	2
47747703	0	2
48228183	0	2
48703203	0	2
49069023	0	2
49429383	0	2
49483983	0	2
49724223	0	2
50029983	0	2
50450403	0	2
50625123	0	2
50925423	0	2
51171123	0	2
51351303	0	2
51586083	0	2
51651603	0	2
52006503	0	2
52126623	0	2
52727223	0	2
52852803	0	2
53207703	0	2
53633583	0	2
53873823	0	2
54288783	0	2
54408903	0	2
54774723	0	2
55009503	0	2
55075023	0	2
55189683	0	2
55429923	0	2
55489983	0	2
55735683	0	2
56156103	0	2
56276223	0	2
56330823	0	2
56631123	0	2
56691183	0	2
56876823	0	2
57291783	0	2
57357303	0	2
57832323	0	2
58438383	0	2
58558503	0	2
58613103	0	2
59159103	0	2
59339283	0	2
59579523	0	2
59639583	0	2
59994483	0	2
60480423	0	2
60715203	0	2
60780723	0	2
60840783	0	2
60895383	0	2
61135623	0	2
61195683	0	2
61441383	0	2
61981923	0	2
62336823	0	2
62396883	0	2
62762703	0	2
63417903	0	2
63538023	0	2
64138623	0	2
64144083	0	2
64318803	0	2
64619103	0	2
64864803	0	2
65044983	0	2
65285223	0	2
65345283	0	2
65700183	0	2
65820303	0	2
66420903	0	2
66486423	0	2
66546483	0	2
66901383	0	2
67567503	0	2
67687623	0	2
67742223	0	2
68102583	0	2
68288223	0	2
68468403	0	2
68703183	0	2
68768703	0	2
69123603	0	2
69844323	0	2
69849783	0	2
69969903	0	2
70024503	0	2
70324803	0	2
70570503	0	2
71050983	0	2
71526003	0	2
71891823	0	2
72252183	0	2
72306783	0	2
72547023	0	2
72852783	0	2
73273203	0	2
73447923	0	2
73748223	0	2
73993923	0	2
74174103	0	2
74408883	0	2
74474403	0	2
74829303	0	2
74949423	0	2
75550023	0	2
75675603	0	2
76030503	0	2
76456383	0	2
76696623	0	2
77111583	0	2
77231703	0	2
77597523	0	2
77832303	0	2
77897823	0	2
78012483	0	2
78252723	0	2
78312783	0	2
78558483	0	2
78978903	0	2
79099023	0	2
79153623	0	2
79453923	0	2
79513983	0	2
79699623	0	2
80114583	0	2
80180103	0	2
80655123	0	2
81261183	0	2
81381303	0	2
81435903	0	2
81981903	0	2
82162083	0	2
82402323	0	2
82462383	0	2
82817283	0	2
83303223	0	2
83538003	0	2
83603523	0	2
83663583	0	2
83718183	0	2
83958423	0	2
84018483	0	2
84264183	0	2
84804723	0	2
85159623	0	2
85219683	0	2
85585503	0	2
86240703	0	2
86360823	0	2
86961423	0	2
86966883	0	2
87141603	0	2
87441903	0	2
87687603	0	2
87867783	0	2
88108023	0	2
88168083	0	2
88522983	0	2
88643103	0	2
89243703	0	2
89309223	0	2
89369283	0	2
89724183	0	2
90390303	0	2
90510423	0	2
90565023	0	2
90925383	0	2
91111023	0	2
91291203	0	2
91525983	0	2
91591503	0	2
91946403	0	2
92667123	0	2
92672583	0	2
92792703	0	2
92847303	0	2
93147603	0	2
93393303	0	2
93873783	0	2
94348803	0	2
94714623	0	2
95074983	0	2
95129583	0	2
95369823	0	2
95675583	0	2
96096003	0	2
96270723	0	2
96571023	0	2
96816723	0	2
96996903	0	2
97231683	0	2
97297203	0	2
97652103	0	2
97772223	0	2
98372823	0	2
98498403	0	2
98853303	0	2
99279183	0	2
99519423	0	2
99934383	0	2
-99968397	0	2
-99722697	0	2
-99242217	0	2
-98767197	0	2
-98401377	0	2
-98041017	0	2
-97986417	0	2
-97746177	0	2
-97440417	0	2
-97019997	0	2
-96845277	0	2
-96544977	0	2
-96299277	0	2
-96119097	0	2
-95884317	0	2
-95818797	0	2
-95463897	0	2
-95343777	0	2
-94743177	0	2
-94617597	0	2
-94262697	0	2
-93836817	0	2
-93596577	0	2
-93181617	0	2
-93061497	0	2
-92695677	0	2
-92460897	0	2
-92395377	0	2
-92280717	0	2
-92040477	0	2
-91980417	0	2
-91734717	0	2
-91314297	0	2
-91194177	0	2
-91139577	0	2
-90839277	0	2
-90779217	0	2
-90593577	0	2
-90178617	0	2
-90113097	0	2
-89638077	0	2
-89032017	0	2
-88911897	0	2
-88857297	0	2
-88311297	0	2
-88131117	0	2
-87890877	0	2
-87830817	0	2
-87475917	0	2
-86989977	0	2
-86755197	0	2
-86689677	0	2
-86629617	0	2
-86575017	0	2
-86334777	0	2
-86274717	0	2
-86029017	0	2
-85488477	0	2
-85133577	0	2
-85073517	0	2
-84707697	0	2
-84052497	0	2
-83932377	0	2
-83331777	0	2
-83326317	0	2
-83151597	0	2
-82851297	0	2
-82605597	0	2
-82425417	0	2
-82185177	0	2
-82125117	0	2
-81770217	0	2
-81650097	0	2
-81049497	0	2
-80983977	0	2
-80923917	0	2
-80569017	0	2
-79902897	0	2
-79782777	0	2
-79728177	0	2
-79367817	0	2
-79182177	0	2
-79001997	0	2
-78767217	0	2
-78701697	0	2
-78346797	0	2
-77626077	0	2
-77620617	0	2
-77500497	0	2
-77445897	0	2
-77145597	0	2
-76899897	0	2
-76419417	0	2
-75944397	0	2
-75578577	0	2
-75218217	0	2
-75163617	0	2
-74923377	0	2
-74617617	0	2
-74197197	0	2
-74022477	0	2
-73722177	0	2
-73476477	0	2
-73296297	0	2
-73061517	0	2
-72995997	0	2
-72641097	0	2
-72520977	0	2
-71920377	0	2
-71794797	0	2
-71439897	0	2
-71014017	0	2
-70773777	0	2
-70358817	0	2
-70238697	0	2
-69872877	0	2
-69638097	0	2
-69572577	0	2
-69457917	0	2
-69217677	0	2
-69157617	0	2
-68911917	0	2
-68491497	0	2
-68371377	0	2
-68316777	0	2
-68016477	0	2
-67956417	0	2
-67770777	0	2
-67355817	0	2
-67290297	0	2
-66815277	0	2
-66209217	0	2
-66089097	0	2
-66034497	0	2
-65488497	0	2
-65308317	0	2
-65068077	0	2
-65008017	0	2
-64653117	0	2
-64167177	0	2
-63932397	0	2
-63866877	0	2
-63806817	0	2
-63752217	0	2
-63511977	0	2
-63451917	0	2
-63206217	0	2
-62665677	0	2
-62310777	0	2
-62250717	0	2
-61884897	0	2
-61229697	0	2
-61109577	0	2
-60508977	0	2
-60503517	0	2
-60328797	0	2
-60028497	0	2
-59782797	0	2
-59602617	0	2
-59362377	0	2
-59302317	0	2
-58947417	0	2
-58827297	0	2
-58226697	0	2
-58161177	0	2
-58101117	0	2
-57746217	0	2
-57080097	0	2
-56959977	0	2
-56905377	0	2
-56545017	0	2
-56359377	0	2
-56179197	0	2
-55944417	0	2
-55878897	0	2
-55523997	0	2
-54803277	0	2
-54797817	0	2
-54677697	0	2
-54623097	0	2
-54322797	0	2
-54077097	0	2
-53596617	0	2
-53121597	0	2
-52755777	0	2
-52395417	0	2
-52340817	0	2
-52100577	0	2
-51794817	0	2
-51374397	0	2
-51199677	0	2
-50899377	0	2
-50653677	0	2
-50473497	0	2
-50238717	0	2
-50173197	0	2
-49818297	0	2
-49698177	0	2
-49097577	0	2
-48971997	0	2
-48617097	0	2
-48191217	0	2
-47950977	0	2
-47536017	0	2
-47415897	0	2
-47050077	0	2
-46815297	0	2
-46749777	0	2
-46635117	0	2
-46394877	0	2
-46334817	0	2
-46089117	0	2
-45668697	0	2
-45548577	0	2
-45493977	0	2
-45193677	0	2
-45133617	0	2
-44947977	0	2
-44533017	0	2
-44467497	0	2
-43992477	0	2
-43386417	0	2
-43266297	0	2
-43211697	0	2
-42665697	0	2
-42485517	0	2
-42245277	0	2
-42185217	0	2
-41830317	0	2
-41344377	0	2
-41109597	0	2
-41044077	0	2
-40984017	0	2
-40929417	0	2
-40689177	0	2
-40629117	0	2
-40383417	0	2
-39842877	0	2
-39487977	0	2
-39427917	0	2
-39062097	0	2
-38406897	0	2
-38286777	0	2
-37686177	0	2
-37680717	0	2
-37505997	0	2
-37205697	0	2
-36959997	0	2
-36779817	0	2
-36539577	0	2
-36479517	0	2
-36124617	0	2
-36004497	0	2
-35403897	0	2
-35338377	0	2
-35278317	0	2
-34923417	0	2
-34257297	0	2
-34137177	0	2
-34082577	0	2
-33722217	0	2
-33536577	0	2
-33356397	0	2
-33121617	0	2
-33056097	0	2
-32701197	0	2
-31980477	0	2
-31975017	0	2
-31854897	0	2
-31800297	0	2
-31499997	0	2
-31254297	0	2
-30773817	0	2
-30298797	0	2
-29932977	0	2
-29572617	0	2
-29518017	0	2
-29277777	0	2
-28972017	0	2
-28551597	0	2
-28376877	0	2
-28076577	0	2
-27830877	0	2
-27650697	0	2
-27415917	0	2
-27350397	0	2
-26995497	0	2
-26875377	0	2
-26274777	0	2
-26149197	0	2
-25794297	0	2
-25368417	0	2
-25128177	0	2
-24713217	0	2
-24593097	0	2
-24227277	0	2
-23992497	0	2
-23926977	0	2
-23812317	0	2
-23572077	0	2
-23512017	0	2
-23266317	0	2
-22845897	0	2
-22725777	0	2
-22671177	0	2
-22370877	0	2
-22310817	0	2
-22125177	0	2
-21710217	0	2
-21644697	0	2
-21169677	0	2
-20563617	0	2
-20443497	0	2
-20388897	0	2
-19842897	0	2
-19662717	0	2
-19422477	0	2
-19362417	0	2
-19007517	0	2
-18521577	0	2
-18286797	0	2
-18221277	0	2
-18161217	0	2
-18106617	0	2
-17866377	0	2
-17806317	0	2
-17560617	0	2
-17020077	0	2
-16665177	0	2
-16605117	0	2
-16239297	0	2
-15584097	0	2
-15463977	0	2
-14863377	0	2
-14857917	0	2
-14683197	0	2
-14382897	0	2
-14137197	0	2
-13957017	0	2
-13716777	0	2
-13656717	0	2
-13301817	0	2
-13181697	0	2
-12581097	0	2
-12515577	0	2
-12455517	0	2
-12100617	0	2
-11434497	0	2
-11314377	0	2
-11259777	0	2
-10899417	0	2
-10713777	0	2
-10533597	0	2
-10298817	0	2
-10233297	0	2
-9878397	0	2
-9157677	0	2
-9152217	0	2
-9032097	0	2
-8977497	0	2
-8677197	0	2
-8431497	0	2
-7951017	0	2
-7475997	0	2
-7110177	0	2
-6749817	0	2
-6695217	0	2
-6454977	0	2
-6149217	0	2
-5728797	0	2
-5554077	0	2
-5253777	0	2
-5008077	0	2
-4827897	0	2
-4593117	0	2
-4527597	0	2
-4172697	0	2
-4052577	0	2
-3451977	0	2
-3326397	0	2
-2971497	0	2
-2545617	0	2
-2305377	0	2
-1890417	0	2
-1770297	0	2
-1404477	0	2
-1169697	0	2
-1104177	0	2
-989517	0	2
-749277	0	2
-689217	0	2
-443517	0	2
-23097	0	2
97023	0	2
151623	0	2
451923	0	2
511983	0	2
697623	0	2
1112583	0	2
1178103	0	2
1653123	0	2
2259183	0	2
2379303	0	2
2433903	0	2
2979903	0	2
3160083	0	2
3400323	0	2
3460383	0	2
3815283	0	2
4301223	0	2
4536003	0	2
4601523	0	2
4661583	0	2
4716183	0	2
4956423	0	2
5016483	0	2
5262183	0	2
5802723	0	2
6157623	0	2
6217683	0	2
6583503	0	2
7238703	0	2
7358823	0	2
7959423	0	2
7964883	0	2
8139603	0	2
8439903	0	2
8685603	0	2
8865783	0	2
9106023	0	2
9166083	0	2
9520983	0	2
9641103	0	2
10241703	0	2
10307223	0	2
10367283	0	2
10722183	0	2
11388303	0	2
11508423	0	2
11563023	0	2
11923383	0	2
12109023	0	2
12289203	0	2
12523983	0	2
12589503	0	2
12944403	0	2
13665123	0	2
13670583	0	2
13790703	0	2
13845303	0	2
14145603	0	2
14391303	0	2
14871783	0	2
15346803	0	2
15712623	0	2
16072983	0	2
16127583	0	2
16367823	0	2
16673583	0	2
17094003	0	2
17268723	0	2
17569023	0	2
17814723	0	2
17994903	0	2
18229683	0	2
18295203	0	2
18650103	0	2
18770223	0	2
19370823	0	2
19496403	0	2
19851303	0	2
20277183	0	2
20517423	0	2
20932383	0	2
21052503	0	2
21418323	0	2
21653103	0	2
21718623	0	2
21833283	0	2
22073523	0	2
22133583	0	2
22379283	0	2
22799703	0	2
22919823	0	2
22974423	0	2
23274723	0	2
23334783	0	2
23520423	0	2
23935383	0	2
24000903	0	2
24475923	0	2
25081983	0	2
25202103	0	2
25256703	0	2
25802703	0	2
25982883	0	2
26223123	0	2
26283183	0	2
26638083	0	2
27124023	0	2
27358803	0	2
27424323	0	2
27484383	0	2
27538983	0	2
27779223	0	2
27839283	0	2
28084983	0	2
28625523	0	2
28980423	0	2
29040483	0	2
29406303	0	2
30061503	0	2
30181623	0	2
30782223	0	2
30787683	0	2
30962403	0	2
31262703	0	2
31508403	0	2
31688583	0	2
31928823	0	2
31988883	0	2
32343783	0	2
32463903	0	2
33064503	0	2
33130023	0	2
33190083	0	2
33544983	0	2
34211103	0	2
34331223	0	2
34385823	0	2
34746183	0	2
34931823	0	2
35112003	0	2
35346783	0	2
35412303	0	2
35767203	0	2
36487923	0	2
36493383	0	2
36613503	0	2
36668103	0	2
36968403	0	2
37214103	0	2
37694583	0	2
38169603	0	2
38535423	0	2
38895783	0	2
38950383	0	2
39190623	0	2
39496383	0	2
39916803	0	2
40091523	0	2
40391823	0	2
40637523	0	2
40817703	0	2
41052483	0	2
41118003	0	2
41472903	0	2
41593023	0	2
42193623	0	2
42319203	0	2
42674103	0	2
43099983	0	2
43340223	0	2
43755183	0	2
43875303	0	2
44241123	0	2
44475903	0	2
44541423	0	2
44656083	0	2
44896323	0	2
44956383	0	2
45202083	0	2
45622503	0	2
45742623	0	2
45797223	0	2
46097523	0	2
46157583	0	2
46343223	0	2
46758183	0	2
46823703	0	2
47298723	0	2
47904783	0	2
48024903	0	2
48079503	0	2
48625503	0	2
48805683	0	2
49045923	0	2
49105983	0	2
49460883	0	2
49946823	0	2
50181603	0	2
50247123	0	2
50307183	0	2
50361783	0	2
50602023	0	2
50662083	0	2
50907783	0	2
51448323	0	2
51803223	0	2
51863283	0	2
52229103	0	2
52884303	0	2
53004423	0	2
53605023	0	2
53610483	0	2
53785203	0	2
54085503	0	2
54331203	0	2
54511383	0	2
54751623	0	2
54811683	0	2
55166583	0	2
55286703	0	2
55887303	0	2
55952823	0	2
56012883	0	2
56367783	0	2
57033903	0	2
57154023	0	2
57208623	0	2
57568983	0	2
57754623	0	2
57934803	0	2
58169583	0	2
58235103	0	2
58590003	0	2
59310723	0	2
59316183	0	2
59436303	0	2
59490903	0	2
59791203	0	2
60036903	0	2
60517383	0	2
60992403	0	2
61358223	0	2
61718583	0	2
61773183	0	2
62013423	0	2
62319183	0	2
62739603	0	2
62914323	0	2
63214623	0	2
63460323	0	2
63640503	0	2
63875283	0	2
63940803	0	2
64295703	0	2
64415823	0	2
65016423	0	2
65142003	0	2
65496903	0	2
65922783	0	2
66163023	0	2
66577983	0	2
66698103	0	2
67063923	0	2
67298703	0	2
67364223	0	2
67478883	0	2
67719123	0	2
67779183	0	2
68024883	0	2
68445303	0	2
68565423	0	2
68620023	0	2
68920323	0	2
68980383	0	2
69166023	0	2
69580983	0	2
69646503	0	2
70121523	0	2
70727583	0	2
70847703	0	2
70902303	0	2
71448303	0	2
71628483	0	2
71868723	0	2
71928783	0	2
72283683	0	2
72769623	0	2
73004403	0	2
73069923	0	2
73129983	0	2
73184583	0	2
73424823	0	2
73484883	0	2
73730583	0	2
74271123	0	2
74626023	0	2
74686083	0	2
75051903	0	2
75707103	0	2
75827223	0	2
76427823	0	2
76433283	0	2
76608003	0	2
76908303	0	2
77154003	0	2
77334183	0	2
77574423	0	2
77634483	0	2
77989383	0	2
78109503	0	2
78710103	0	2
78775623	0	2
78835683	0	2
79190583	0	2
79856703	0	2
79976823	0	2
80031423	0	2
80391783	0	2
80577423	0	2
80757603	0	2
80992383	0	2
81057903	0	2
81412803	0	2
82133523	0	2
82138983	0	2
82259103	0	2
82313703	0	2
82614003	0	2
82859703	0	2
83340183	0	2
83815203	0	2
84181023	0	2
84541383	0	2
84595983	0	2
84836223	0	2
85141983	0	2
85562403	0	2
85737123	0	2
86037423	0	2
86283123	0	2
86463303	0	2
86698083	0	2
86763603	0	2
87118503	0	2
87238623	0	2
87839223	0	2
87964803	0	2
88319703	0	2
88745583	0	2
88985823	0	2
89400783	0	2
89520903	0	2
89886723	0	2
90121503	0	2
90187023	0	2
90301683	0	2
90541923	0	2
90601983	0	2
90847683	0	2
91268103	0	2
91388223	0	2
91442823	0	2
91743123	0	2
91803183	0	2
91988823	0	2
92403783	0	2
92469303	0	2
92944323	0	2
93550383	0	2
93670503	0	2
93725103	0	2
94271103	0	2
94451283	0	2
94691523	0	2
94751583	0	2
95106483	0	2
95592423	0	2
95827203	0	2
95892723	0	2
95952783	0	2
96007383	0	2
96247623	0	2
96307683	0	2
96553383	0	2
97093923	0	2
97448823	0	2
97508883	0	2
97874703	0	2
98529903	0	2
98650023	0	2
99250623	0	2
99256083	0	2
99430803	0	2
99731103	0	2
99976803	0	2
-99718077	0	2
-99483297	0	2
-99417777	0	2
-99303117	0	2
-99062877	0	2
-99002817	0	2
-98757117	0	2
-98336697	0	2
-98216577	0	2
-98161977	0	2
-97861677	0	2
-97801617	0	2
-97615977	0	2
-97201017	0	2
-97135497	0	2
-96660477	0	2
-96054417	0	2
-95934297	0	2
-95879697	0	2
-95333697	0	2
-95153517	0	2
-94913277	0	2
-94853217	0	2
-94498317	0	2
-94012377	0	2
-93777597	0	2
-93712077	0	2
-93652017	0	2
-93597417	0	2
-93357177	0	2
-93297117	0	2
-93051417	0	2
-92510877	0	2
-92155977	0	2
-92095917	0	2
-91730097	0	2
-91074897	0	2
-90954777	0	2
-90354177	0	2
-90348717	0	2
-90173997	0	2
-89873697	0	2
-89627997	0	2
-89447817	0	2
-89207577	0	2
-89147517	0	2
-88792617	0	2
-88672497	0	2
-88071897	0	2
-88006377	0	2
-87946317	0	2
-87591417	0	2
-86925297	0	2
-86805177	0	2
-86750577	0	2
-86390217	0	2
-86204577	0	2
-86024397	0	2
-85789617	0	2
-85724097	0	2
-85369197	0	2
-84648477	0	2
-84643017	0	2
-84522897	0	2
-84468297	0	2
-84167997	0	2
-83922297	0	2
-83441817	0	2
-82966797	0	2
-82600977	0	2
-82240617	0	2
-82186017	0	2
-81945777	0	2
-81640017	0	2
-81219597	0	2
-81044877	0	2
-80744577	0	2
-80498877	0	2
-80318697	0	2
-80083917	0	2
-80018397	0	2
-79663497	0	2
-79543377	0	2
-78942777	0	2
-78817197	0	2
-78462297	0	2
-78036417	0	2
-77796177	0	2
-77381217	0	2
-77261097	0	2
-76895277	0	2
-76660497	0	2
-76594977	0	2
-76480317	0	2
-76240077	0	2
-76180017	0	2
-75934317	0	2
-75513897	0	2
-75393777	0	2
-75339177	0	2
-75038877	0	2
-74978817	0	2
-74793177	0	2
-74378217	0	2
-74312697	0	2
-73837677	0	2
-73231617	0	2
-73111497	0	2
-73056897	0	2
-72510897	0	2
-72330717	0	2
-72090477	0	2
-72030417	0	2
-71675517	0	2
-71189577	0	2
-70954797	0	2
-70889277	0	2
-70829217	0	2
-70774617	0	2
-70534377	0	2
-70474317	0	2
-70228617	0	2
-69688077	0	2
-69333177	0	2
-69273117	0	2
-68907297	0	2
-68252097	0	2
-68131977	0	2
-67531377	0	2
-67525917	0	2
-67351197	0	2
-67050897	0	2
-66805197	0	2
-66625017	0	2
-66384777	0	2
-66324717	0	2
-65969817	0	2
-65849697	0	2
-65249097	0	2
-65183577	0	2
-65123517	0	2
-64768617	0	2
-64102497	0	2
-63982377	0	2
-63927777	0	2
-63567417	0	2
-63381777	0	2
-63201597	0	2
-62966817	0	2
-62901297	0	2
-62546397	0	2
-61825677	0	2
-61820217	0	2
-61700097	0	2
-61645497	0	2
-61345197	0	2
-61099497	0	2
-60619017	0	2
-60143997	0	2
-59778177	0	2
-59417817	0	2
-59363217	0	2
-59122977	0	2
-58817217	0	2
-58396797	0	2
-58222077	0	2
-57921777	0	2
-57676077	0	2
-57495897	0	2
-57261117	0	2
-57195597	0	2
-56840697	0	2
-56720577	0	2
-56119977	0	2
-55994397	0	2
-55639497	0	2
-55213617	0	2
-54973377	0	2
-54558417	0	2
-54438297	0	2
-54072477	0	2
-53837697	0	2
-53772177	0	2
-53657517	0	2
-53417277	0	2
-53357217	0	2
-53111517	0	2
-52691097	0	2
-52570977	0	2
-52516377	0	2
-52216077	0	2
-52156017	0	2
-51970377	0	2
-51555417	0	2
-51489897	0	2
-51014877	0	2
-50408817	0	2
-50288697	0	2
-50234097	0	2
-49688097	0	2
-49507917	0	2
-49267677	0	2
-49207617	0	2
-48852717	0	2
-48366777	0	2
-48131997	0	2
-48066477	0	2
-48006417	0	2
-47951817	0	2
-47711577	0	2
-47651517	0	2
-47405817	0	2
-46865277	0	2
-46510377	0	2
-46450317	0	2
-46084497	0	2
-45429297	0	2
-45309177	0	2
-44708577	0	2
-44703117	0	2
-44528397	0	2
-44228097	0	2
-43982397	0	2
-43802217	0	2
-43561977	0	2
-43501917	0	2
-43147017	0	2
-43026897	0	2
-42426297	0	2
-42360777	0	2
-42300717	0	2
-41945817	0	2
-41279697	0	2
-41159577	0	2
-41104977	0	2
-40744617	0	2
-40558977	0	2
-40378797	0	2
-40144017	0	2
-40078497	0	2
-39723597	0	2
-39002877	0	2
-38997417	0	2
-38877297	0	2
-38822697	0	2
-38522397	0	2
-38276697	0	2
-37796217	0	2
-37321197	0	2
-36955377	0	2
-36595017	0	2
-36540417	0	2
-36300177	0	2
-35994417	0	2
-35573997	0	2
-35399277	0	2
-35098977	0	2
-34853277	0	2
-34673097	0	2
-34438317	0	2
-34372797	0	2
-34017897	0	2
-33897777	0	2
-33297177	0	2
-33171597	0	2
-32816697	0	2
-32390817	0	2
-32150577	0	2
-31735617	0	2
-31615497	0	2
-31249677	0	2
-31014897	0	2
-30949377	0	2
-30834717	0	2
-30594477	0	2
-30534417	0	2
-30288717	0	2
-29868297	0	2
-29748177	0	2
-29693577	0	2
-29393277	0	2
-29333217	0	2
-29147577	0	2
-28732617	0	2
-28667097	0	2
-28192077	0	2
-27586017	0	2
-27465897	0	2
-27411297	0	2
-26865297	0	2
-26685117	0	2
-26444877	0	2
-26384817	0	2
-26029917	0	2
-25543977	0	2
-25309197	0	2
-25243677	0	2
-25183617	0	2
-25129017	0	2
-24888777	0	2
-24828717	0	2
-24583017	0	2
-24042477	0	2
-23687577	0	2
-23627517	0	2
-23261697	0	2
-22606497	0	2
-22486377	0	2
-21885777	0	2
-21880317	0	2
-21705597	0	2
-21405297	0	2
-21159597	0	2
-20979417	0	2
-20739177	0	2
-20679117	0	2
-20324217	0	2
-20204097	0	2
-19603497	0	2
-19537977	0	2
-19477917	0	2
-19123017	0	2
-18456897	0	2
-18336777	0	2
-18282177	0	2
-17921817	0	2
-17736177	0	2
-17555997	0	2
-17321217	0	2
-17255697	0	2
-16900797	0	2
-16180077	0	2
-16174617	0	2
-16054497	0	2
-15999897	0	2
-15699597	0	2
-15453897	0	2
-14973417	0	2
-14498397	0	2
-14132577	0	2
-13772217	0	2
-13717617	0	2
-13477377	0	2
-13171617	0	2
-12751197	0	2
-12576477	0	2
-12276177	0	2
-12030477	0	2
-11850297	0	2
-11615517	0	2
-11549997	0	2
-11195097	0	2
-11074977	0	2
-10474377	0	2
-10348797	0	2
-9993897	0	2
-9568017	0	2
-9327777	0	2
-8912817	0	2
-8792697	0	2
-8426877	0	2
-8192097	0	2
-8126577	0	2
-8011917	0	2
-7771677	0	2
-7711617	0	2
-7465917	0	2
-7045497	0	2
-6925377	0	2
-6870777	0	2
-6570477	0	2
-6510417	0	2
-6324777	0	2
-5909817	0	2
-5844297	0	2
-5369277	0	2
-4763217	0	2
-4643097	0	2
-4588497	0	2
-4042497	0	2
-3862317	0	2
-3622077	0	2
-3562017	0	2
-3207117	0	2
-2721177	0	2
-2486397	0	2
-2420877	0	2
-2360817	0	2
-2306217	0	2
-2065977	0	2
-2005917	0	2
-1760217	0	2
-1219677	0	2
-864777	0	2
-804717	0	2
-438897	0	2
216303	0	2
336423	0	2
937023	0	2
942483	0	2
1117203	0	2
1417503	0	2
1663203	0	2
1843383	0	2
2083623	0	2
2143683	0	2
2498583	0	2
2618703	0	2
3219303	0	2
3284823	0	2
3344883	0	2
3699783	0	2
4365903	0	2
4486023	0	2
4540623	0	2
4900983	0	2
5086623	0	2
5266803	0	2
5501583	0	2
5567103	0	2
5922003	0	2
6642723	0	2
6648183	0	2
6768303	0	2
6822903	0	2
7123203	0	2
7368903	0	2
7849383	0	2
8324403	0	2
8690223	0	2
9050583	0	2
9105183	0	2
9345423	0	2
9651183	0	2
10071603	0	2
10246323	0	2
10546623	0	2
10792323	0	2
10972503	0	2
11207283	0	2
11272803	0	2
11627703	0	2
11747823	0	2
12348423	0	2
12474003	0	2
12828903	0	2
13254783	0	2
13495023	0	2
13909983	0	2
14030103	0	2
14395923	0	2
14630703	0	2
14696223	0	2
14810883	0	2
15051123	0	2
15111183	0	2
15356883	0	2
15777303	0	2
15897423	0	2
15952023	0	2
16252323	0	2
16312383	0	2
16498023	0	2
16912983	0	2
16978503	0	2
17453523	0	2
18059583	0	2
18179703	0	2
18234303	0	2
18780303	0	2
18960483	0	2
19200723	0	2
19260783	0	2
19615683	0	2
20101623	0	2
20336403	0	2
20401923	0	2
20461983	0	2
20516583	0	2
20756823	0	2
20816883	0	2
21062583	0	2
21603123	0	2
21958023	0	2
22018083	0	2
22383903	0	2
23039103	0	2
23159223	0	2
23759823	0	2
23765283	0	2
23940003	0	2
24240303	0	2
24486003	0	2
24666183	0	2
24906423	0	2
24966483	0	2
25321383	0	2
25441503	0	2
26042103	0	2
26107623	0	2
26167683	0	2
26522583	0	2
27188703	0	2
27308823	0	2
27363423	0	2
27723783	0	2
27909423	0	2
28089603	0	2
28324383	0	2
28389903	0	2
28744803	0	2
29465523	0	2
29470983	0	2
29591103	0	2
29645703	0	2
29946003	0	2
30191703	0	2
30672183	0	2
31147203	0	2
31513023	0	2
31873383	0	2
31927983	0	2
32168223	0	2
32473983	0	2
32894403	0	2
33069123	0	2
33369423	0	2
33615123	0	2
33795303	0	2
34030083	0	2
34095603	0	2
34450503	0	2
34570623	0	2
35171223	0	2
35296803	0	2
35651703	0	2
36077583	0	2
36317823	0	2
36732783	0	2
36852903	0	2
37218723	0	2
37453503	0	2
37519023	0	2
37633683	0	2
37873923	0	2
37933983	0	2
38179683	0	2
38600103	0	2
38720223	0	2
38774823	0	2
39075123	0	2
39135183	0	2
39320823	0	2
39735783	0	2
39801303	0	2
40276323	0	2
40882383	0	2
41002503	0	2
41057103	0	2
41603103	0	2
41783283	0	2
42023523	0	2
42083583	0	2
42438483	0	2
42924423	0	2
43159203	0	2
43224723	0	2
43284783	0	2
43339383	0	2
43579623	0	2
43639683	0	2
43885383	0	2
44425923	0	2
44780823	0	2
44840883	0	2
45206703	0	2
45861903	0	2
45982023	0	2
46582623	0	2
46588083	0	2
46762803	0	2
47063103	0	2
47308803	0	2
47488983	0	2
47729223	0	2
47789283	0	2
48144183	0	2
48264303	0	2
48864903	0	2
48930423	0	2
48990483	0	2
49345383	0	2
50011503	0	2
50131623	0	2
50186223	0	2
50546583	0	2
50732223	0	2
50912403	0	2
51147183	0	2
51212703	0	2
51567603	0	2
52288323	0	2
52293783	0	2
52413903	0	2
52468503	0	2
52768803	0	2
53014503	0	2
53494983	0	2
53970003	0	2
54335823	0	2
54696183	0	2
54750783	0	2
54991023	0	2
55296783	0	2
55717203	0	2
55891923	0	2
56192223	0	2
56437923	0	2
56618103	0	2
56852883	0	2
56918403	0	2
57273303	0	2
57393423	0	2
57994023	0	2
58119603	0	2
58474503	0	2
58900383	0	2
59140623	0	2
59555583	0	2
59675703	0	2
60041523	0	2
60276303	0	2
60341823	0	2
60456483	0	2
60696723	0	2
60756783	0	2
61002483	0	2
61422903	0	2
61543023	0	2
61597623	0	2
61897923	0	2
61957983	0	2
62143623	0	2
62558583	0	2
62624103	0	2
63099123	0	2
63705183	0	2
63825303	0	2
63879903	0	2
64425903	0	2
64606083	0	2
64846323	0	2
64906383	0	2
65261283	0	2
65747223	0	2
65982003	0	2
66047523	0	2
66107583	0	2
66162183	0	2
66402423	0	2
66462483	0	2
66708183	0	2
67248723	0	2
67603623	0	2
67663683	0	2
68029503	0	2
68684703	0	2
68804823	0	2
69405423	0	2
69410883	0	2
69585603	0	2
69885903	0	2
70131603	0	2
70311783	0	2
70552023	0	2
70612083	0	2
70966983	0	2
71087103	0	2
71687703	0	2
71753223	0	2
71813283	0	2
72168183	0	2
72834303	0	2
72954423	0	2
73009023	0	2
73369383	0	2
73555023	0	2
73735203	0	2
73969983	0	2
74035503	0	2
74390403	0	2
75111123	0	2
75116583	0	2
75236703	0	2
75291303	0	2
75591603	0	2
75837303	0	2
76317783	0	2
76792803	0	2
77158623	0	2
77518983	0	2
77573583	0	2
77813823	0	2
78119583	0	2
78540003	0	2
78714723	0	2
79015023	0	2
79260723	0	2
79440903	0	2
79675683	0	2
79741203	0	2
80096103	0	2
80216223	0	2
80816823	0	2
80942403	0	2
81297303	0	2
81723183	0	2
81963423	0	2
82378383	0	2
82498503	0	2
82864323	0	2
83099103	0	2
83164623	0	2
83279283	0	2
83519523	0	2
83579583	0	2
83825283	0	2
84245703	0	2
84365823	0	2
84420423	0	2
84720723	0	2
84780783	0	2
84966423	0	2
85381383	0	2
85446903	0	2
85921923	0	2
86527983	0	2
86648103	0	2
86702703	0	2
87248703	0	2
87428883	0	2
87669123	0	2
87729183	0	2
88084083	0	2
88570023	0	2
88804803	0	2
88870323	0	2
88930383	0	2
88984983	0	2
89225223	0	2
89285283	0	2
89530983	0	2
90071523	0	2
90426423	0	2
90486483	0	2
90852303	0	2
91507503	0	2
91627623	0	2
92228223	0	2
92233683	0	2
92408403	0	2
92708703	0	2
92954403	0	2
93134583	0	2
93374823	0	2
93434883	0	2
93789783	0	2
93909903	0	2
94510503	0	2
94576023	0	2
94636083	0	2
94990983	0	2
95657103	0	2
95777223	0	2
95831823	0	2
96192183	0	2
96377823	0	2
96558003	0	2
96792783	0	2
96858303	0	2
97213203	0	2
97933923	0	2
97939383	0	2
98059503	0	2
98114103	0	2
98414403	0	2
98660103	0	2
99140583	0	2
99615603	0	2
99981423	0	2
