family	p	parameter	boundary	jorder	jmod3	allowed	a	b	c	d
1	5	0	1	0	-1	1	4	0	0	0
1	5	1	1	0	-1	1	1	4	3	3
1	5	2	1	0	-1	1	1	3	4	3
1	5	3	1	0	-1	1	1	3	3	4
1	5	4	1	0	-1	1	4	0	0	0
1	5	inf	1	0	-1	1	4	0	0	0
2	5	0	1	0	-1	1	0	4	0	0
2	5	1	1	0	-1	1	4	4	1	1
2	5	2	1	0	-1	1	3	0	0	0
2	5	3	1	0	-1	1	0	4	3	4
2	5	4	1	0	-1	1	1	4	4	1
2	5	inf	1	0	-1	1	0	0	0	1
3	5	0	1	0	-1	1	0	4	0	0
3	5	1	1	0	-1	1	1	0	0	0
3	5	2	1	0	-1	1	2	3	3	2
3	5	3	1	0	-1	1	2	3	3	2
3	5	4	1	0	-1	1	0	0	0	1
3	5	inf	1	0	-1	1	0	0	4	0
1	7	0	1	0	-1	1	6	0	0	0
1	7	1	1	0	-1	1	5	5	1	1
1	7	2	1	0	-1	1	0	5	3	6
1	7	3	1	0	-1	1	6	4	6	4
1	7	4	1	0	-1	1	0	6	3	5
1	7	5	1	0	-1	1	5	1	1	5
1	7	6	1	0	-1	1	6	0	0	0
1	7	inf	1	0	-1	1	6	0	0	0
2	7	0	1	0	-1	1	0	6	0	0
2	7	1	1	0	-1	1	6	6	1	1
2	7	2	1	0	-1	1	5	3	1	2
2	7	3	1	0	-1	1	2	5	6	4
2	7	4	1	0	-1	1	6	3	2	1
2	7	5	1	0	-1	1	1	6	5	4
2	7	6	1	0	-1	1	1	6	6	1
2	7	inf	1	0	-1	1	0	0	0	1
3	7	0	1	0	-1	1	0	6	0	0
3	7	1	1	0	-1	1	3	0	0	0
3	7	2	1	0	-1	1	3	3	2	2
3	7	3	1	0	-1	1	1	1	5	5
3	7	4	1	0	-1	1	5	1	5	1
3	7	5	1	0	-1	1	2	3	2	3
3	7	6	1	0	-1	1	0	0	0	3
3	7	inf	1	0	-1	1	0	0	6	0
1	11	0	1	0	-1	1	10	0	0	0
1	11	1	1	0	-1	1	2	6	8	8
1	11	2	1	0	-1	1	6	5	2	4
1	11	3	1	0	-1	1	7	6	4	1
1	11	4	1	0	-1	1	10	7	3	1
1	11	5	1	0	-1	1	7	6	10	6
1	11	6	1	0	-1	1	10	1	3	7
1	11	7	1	0	-1	1	7	1	4	6
1	11	8	1	0	-1	1	6	4	2	5
1	11	9	1	0	-1	1	2	8	8	6
1	11	10	1	0	-1	1	10	0	0	0
1	11	inf	1	0	-1	1	10	0	0	0
2	11	0	1	0	-1	1	0	10	0	0
2	11	1	1	0	-1	1	10	10	1	1
2	11	2	0	128	2	0	9	8	6	1
2	11	3	1	0	-1	1	2	0	0	0
2	11	4	1	0	-1	1	0	2	3	1
2	11	5	0	128	2	0	10	6	3	4
2	11	6	0	128	2	0	3	2	10	5
2	11	7	1	0	-1	1	3	0	0	0
2	11	8	1	0	-1	1	0	8	2	5
2	11	9	0	128	2	0	6	10	9	4
2	11	10	1	0	-1	1	1	10	10	1
2	11	inf	1	0	-1	1	0	0	0	1
3	11	0	1	0	-1	1	0	10	0	0
3	11	1	1	0	-1	1	7	0	0	0
3	11	2	0	128	2	0	4	3	10	2
3	11	3	0	128	2	0	7	8	5	1
3	11	4	0	128	2	0	10	4	2	3
3	11	5	0	128	2	0	7	2	5	3
3	11	6	0	128	2	0	3	2	5	7
3	11	7	0	128	2	0	3	4	2	10
3	11	8	0	128	2	0	1	8	5	7
3	11	9	0	128	2	0	2	3	10	4
3	11	10	1	0	-1	1	0	0	0	7
3	11	inf	1	0	-1	1	0	0	10	0
1	13	0	1	0	-1	1	12	0	0	0
1	13	1	1	0	-1	1	4	10	8	8
1	13	2	0	256	1	0	3	6	11	9
1	13	3	1	0	-1	1	0	3	9	1
1	13	4	0	256	1	0	1	3	2	8
1	13	5	0	256	1	0	1	8	3	2
1	13	6	1	0	-1	1	10	7	12	7
1	13	7	0	256	1	0	1	2	3	8
1	13	8	0	256	1	0	1	8	2	3
1	13	9	1	0	-1	1	0	1	9	3
1	13	10	0	256	1	0	3	9	11	6
1	13	11	1	0	-1	1	4	8	8	10
1	13	12	1	0	-1	1	12	0	0	0
1	13	inf	1	0	-1	1	12	0	0	0
2	13	0	1	0	-1	1	0	12	0	0
2	13	1	1	0	-1	1	12	12	1	1
2	13	2	1	0	-1	1	11	1	11	9
2	13	3	1	0	-1	1	3	9	12	10
2	13	4	1	0	-1	1	10	3	1	4
2	13	5	1	0	-1	1	2	4	6	4
2	13	6	1	0	-1	1	11	9	11	1
2	13	7	1	0	-1	1	11	4	11	12
2	13	8	1	0	-1	1	6	3	2	3
2	13	9	1	0	-1	1	1	9	10	12
2	13	10	1	0	-1	1	12	1	3	4
2	13	11	1	0	-1	1	11	12	11	4
2	13	12	1	0	-1	1	1	12	12	1
2	13	inf	1	0	-1	1	0	0	0	1
3	13	0	1	0	-1	1	0	12	0	0
3	13	1	1	0	-1	1	9	0	0	0
3	13	2	0	256	1	0	8	3	1	2
3	13	3	0	256	1	0	4	8	6	12
3	13	4	0	256	1	0	4	2	7	10
3	13	5	1	0	-1	1	2	11	11	2
3	13	6	0	256	1	0	5	9	1	7
3	13	7	0	256	1	0	7	9	1	5
3	13	8	1	0	-1	1	2	11	11	2
3	13	9	0	256	1	0	10	2	7	4
3	13	10	0	256	1	0	12	8	6	4
3	13	11	0	256	1	0	2	3	1	8
3	13	12	1	0	-1	1	0	0	0	9
3	13	inf	1	0	-1	1	0	0	12	0
1	17	0	1	0	-1	1	16	0	0	0
1	17	1	1	0	-1	1	8	1	8	8
1	17	2	0	256	1	0	2	13	7	14
1	17	3	0	256	1	0	1	12	14	8
1	17	4	0	256	1	0	1	8	12	14
1	17	5	0	256	1	0	8	11	1	5
1	17	6	0	256	1	0	4	14	15	5
1	17	7	0	256	1	0	15	10	3	4
1	17	8	1	0	-1	1	9	9	16	9
1	17	9	0	256	1	0	15	4	3	10
1	17	10	0	256	1	0	4	5	15	14
1	17	11	0	256	1	0	8	5	1	11
1	17	12	0	256	1	0	1	14	12	8
1	17	13	0	256	1	0	1	8	14	12
1	17	14	0	256	1	0	2	14	7	13
1	17	15	1	0	-1	1	8	8	8	1
1	17	16	1	0	-1	1	16	0	0	0
1	17	inf	1	0	-1	1	16	0	0	0
2	17	0	1	0	-1	1	0	16	0	0
2	17	1	1	0	-1	1	16	16	1	1
2	17	2	1	0	-1	1	15	9	16	15
2	17	3	0	256	1	0	10	15	6	1
2	17	4	1	0	-1	1	9	13	16	13
2	17	5	0	256	1	0	14	9	6	13
2	17	6	0	256	1	0	3	2	5	13
2	17	7	0	256	1	0	14	1	10	2
2	17	8	1	0	-1	1	8	8	4	15
2	17	9	1	0	-1	1	4	1	8	4
2	17	10	0	256	1	0	10	2	14	4
2	17	11	0	256	1	0	5	9	3	16
2	17	12	0	256	1	0	6	13	14	15
2	17	13	1	0	-1	1	16	15	9	15
2	17	14	0	256	1	0	6	9	10	4
2	17	15	1	0	-1	1	16	16	15	4
2	17	16	1	0	-1	1	1	16	16	1
2	17	inf	1	0	-1	1	0	0	0	1
3	17	0	1	0	-1	1	0	16	0	0
3	17	1	1	0	-1	1	13	0	0	0
3	17	2	0	384	0	1	16	3	5	2
3	17	3	0	384	0	1	3	8	13	12
3	17	4	1	0	-1	1	2	15	15	2
3	17	5	1	0	-1	1	7	7	12	12
3	17	6	0	384	0	1	12	1	15	14
3	17	7	1	0	-1	1	11	14	11	14
3	17	8	0	384	0	1	15	12	14	1
3	17	9	0	384	0	1	1	12	14	15
3	17	10	1	0	-1	1	14	14	11	11
3	17	11	0	384	0	1	14	1	15	12
3	17	12	1	0	-1	1	12	7	12	7
3	17	13	1	0	-1	1	2	15	15	2
3	17	14	0	384	0	1	12	8	13	3
3	17	15	0	384	0	1	2	3	5	16
3	17	16	1	0	-1	1	0	0	0	13
3	17	inf	1	0	-1	1	0	0	16	0
1	19	0	1	0	-1	1	18	0	0	0
1	19	1	1	0	-1	1	10	3	8	8
1	19	2	0	384	0	1	8	4	5	10
1	19	3	1	0	-1	1	2	17	10	11
1	19	4	1	0	-1	1	15	18	4	16
1	19	5	1	0	-1	1	8	2	6	11
1	19	6	0	384	0	1	13	2	16	1
1	19	7	1	0	-1	1	0	13	15	10
1	19	8	0	384	0	1	10	11	3	5
1	19	9	1	0	-1	1	3	10	18	10
1	19	10	0	384	0	1	10	5	3	11
1	19	11	1	0	-1	1	0	10	15	13
1	19	12	0	384	0	1	13	1	16	2
1	19	13	1	0	-1	1	8	11	6	2
1	19	14	1	0	-1	1	15	16	4	18
1	19	15	1	0	-1	1	2	11	10	17
1	19	16	0	384	0	1	8	10	5	4
1	19	17	1	0	-1	1	10	8	8	3
1	19	18	1	0	-1	1	18	0	0	0
1	19	inf	1	0	-1	1	18	0	0	0
2	19	0	1	0	-1	1	0	18	0	0
2	19	1	1	0	-1	1	18	18	1	1
2	19	2	0	448	1	0	17	13	12	5
2	19	3	0	384	0	1	1	12	2	6
2	19	4	1	0	-1	1	10	0	0	0
2	19	5	1	0	-1	1	0	14	6	11
2	19	6	0	384	0	1	8	10	16	1
2	19	7	1	0	-1	1	13	15	9	6
2	19	8	1	0	-1	1	6	13	10	4
2	19	9	0	448	1	0	3	2	1	9
2	19	10	0	448	1	0	1	13	3	11
2	19	11	1	0	-1	1	10	15	6	9
2	19	12	1	0	-1	1	9	10	13	4
2	19	13	0	384	0	1	16	14	8	9
2	19	14	1	0	-1	1	6	0	0	0
2	19	15	1	0	-1	1	0	12	10	17
2	19	16	0	384	0	1	2	13	1	16
2	19	17	0	448	1	0	12	18	17	4
2	19	18	1	0	-1	1	1	18	18	1
2	19	inf	1	0	-1	1	0	0	0	1
3	19	0	1	0	-1	1	0	18	0	0
3	19	1	1	0	-1	1	15	0	0	0
3	19	2	0	256	1	0	1	3	7	2
3	19	3	0	256	1	0	9	8	4	12
3	19	4	0	384	0	1	14	15	7	17
3	19	5	0	384	0	1	10	5	8	4
3	19	6	0	256	1	0	10	16	13	17
3	19	7	0	384	0	1	8	10	4	5
3	19	8	0	384	0	1	17	6	15	12
3	19	9	0	256	1	0	12	4	18	6
3	19	10	0	256	1	0	6	4	18	12
3	19	11	0	384	0	1	12	6	15	17
3	19	12	0	384	0	1	5	10	4	8
3	19	13	0	256	1	0	17	16	13	10
3	19	14	0	384	0	1	4	5	8	10
3	19	15	0	384	0	1	17	15	7	14
3	19	16	0	256	1	0	12	8	4	9
3	19	17	0	256	1	0	2	3	7	1
3	19	18	1	0	-1	1	0	0	0	15
3	19	inf	1	0	-1	1	0	0	18	0
1	23	0	1	0	-1	1	22	0	0	0
1	23	1	1	0	-1	1	14	7	8	8
1	23	2	1	0	-1	1	20	20	1	2
1	23	3	1	0	-1	1	15	15	2	6
1	23	4	0	448	1	0	19	14	11	21
1	23	5	1	0	-1	1	5	16	5	2
1	23	6	0	448	1	0	14	20	7	19
1	23	7	1	0	-1	1	17	2	17	4
1	23	8	1	0	-1	1	7	7	12	4
1	23	9	0	448	1	0	22	11	15	20
1	23	10	1	0	-1	1	7	13	3	7
1	23	11	1	0	-1	1	21	12	22	12
1	23	12	1	0	-1	1	7	7	3	13
1	23	13	0	448	1	0	22	20	15	11
1	23	14	1	0	-1	1	7	4	12	7
1	23	15	1	0	-1	1	17	4	17	2
1	23	16	0	448	1	0	14	19	7	20
1	23	17	1	0	-1	1	5	2	5	16
1	23	18	0	448	1	0	19	21	11	14
1	23	19	1	0	-1	1	15	6	2	15
1	23	20	1	0	-1	1	20	2	1	20
1	23	21	1	0	-1	1	14	8	8	7
1	23	22	1	0	-1	1	22	0	0	0
1	23	inf	1	0	-1	1	22	0	0	0
2	23	0	1	0	-1	1	0	22	0	0
2	23	1	1	0	-1	1	22	22	1	1
2	23	2	1	0	-1	1	21	21	4	8
2	23	3	1	0	-1	1	17	17	18	8
2	23	4	0	448	1	0	22	7	18	3
2	23	5	0	640	1	0	12	10	19	3
2	23	6	0	448	1	0	14	21	12	3
2	23	7	0	448	1	0	9	11	15	13
2	23	8	1	0	-1	1	19	19	9	3
2	23	9	0	640	1	0	10	14	12	16
2	23	10	0	448	1	0	2	10	15	12
2	23	11	1	0	-1	1	18	20	10	18
2	23	12	1	0	-1	1	10	10	18	9
2	23	13	0	448	1	0	15	14	2	3
2	23	14	0	640	1	0	12	19	10	2
2	23	15	1	0	-1	1	9	11	19	9
2	23	16	0	448	1	0	15	21	9	6
2	23	17	0	448	1	0	12	10	14	8
2	23	18	0	640	1	0	19	7	12	9
2	23	19	0	448	1	0	18	17	22	4
2	23	20	1	0	-1	1	18	21	17	18
2	23	21	1	0	-1	1	4	22	21	4
2	23	22	1	0	-1	1	1	22	22	1
2	23	inf	1	0	-1	1	0	0	0	1
3	23	0	1	0	-1	1	0	22	0	0
3	23	1	1	0	-1	1	19	0	0	0
3	23	2	0	768	0	1	5	3	11	2
3	23	3	0	768	0	1	21	8	20	12
3	23	4	1	0	-1	1	15	15	13	13
3	23	5	0	384	0	1	4	1	21	11
3	23	6	1	0	-1	1	5	12	5	12
3	23	7	0	384	0	1	12	2	17	22
3	23	8	0	768	0	1	19	17	16	1
3	23	9	0	384	0	1	20	11	6	1
3	23	10	0	384	0	1	9	7	13	5
3	23	11	0	768	0	1	3	5	16	19
3	23	12	0	768	0	1	19	5	16	3
3	23	13	0	384	0	1	5	7	13	9
3	23	14	0	384	0	1	1	11	6	20
3	23	15	0	768	0	1	1	17	16	19
3	23	16	0	384	0	1	22	2	17	12
3	23	17	1	0	-1	1	12	12	5	5
3	23	18	0	384	0	1	11	1	21	4
3	23	19	1	0	-1	1	13	15	13	15
3	23	20	0	768	0	1	12	8	20	21
3	23	21	0	768	0	1	2	3	11	5
3	23	22	1	0	-1	1	0	0	0	19
3	23	inf	1	0	-1	1	0	0	22	0
1	29	0	1	0	-1	1	28	0	0	0
1	29	1	1	0	-1	1	20	13	8	8
1	29	2	0	832	1	0	9	15	24	19
1	29	3	0	832	1	0	5	11	19	28
1	29	4	1	0	-1	1	23	6	22	1
1	29	5	1	0	-1	1	25	5	4	20
1	29	6	1	0	-1	1	7	13	23	22
1	29	7	0	832	1	0	28	6	21	2
1	29	8	0	640	1	0	7	18	27	13
1	29	9	0	832	1	0	13	25	12	21
1	29	10	0	832	1	0	4	3	5	21
1	29	11	0	640	1	0	1	15	6	8
1	29	12	0	640	1	0	1	8	15	6
1	29	13	0	832	1	0	6	16	3	10
1	29	14	1	0	-1	1	23	15	28	15
1	29	15	0	832	1	0	6	10	3	16
1	29	16	0	640	1	0	1	6	15	8
1	29	17	0	640	1	0	1	8	6	15
1	29	18	0	832	1	0	4	21	5	3
1	29	19	0	832	1	0	13	21	12	25
1	29	20	0	640	1	0	7	13	27	18
1	29	21	0	832	1	0	28	2	21	6
1	29	22	1	0	-1	1	7	22	23	13
1	29	23	1	0	-1	1	25	20	4	5
1	29	24	1	0	-1	1	23	1	22	6
1	29	25	0	832	1	0	5	28	19	11
1	29	26	0	832	1	0	9	19	24	15
1	29	27	1	0	-1	1	20	8	8	13
1	29	28	1	0	-1	1	28	0	0	0
1	29	inf	1	0	-1	1	28	0	0	0
2	29	0	1	0	-1	1	0	28	0	0
2	29	1	1	0	-1	1	28	28	1	1
2	29	2	0	1024	1	0	27	4	21	13
2	29	3	0	960	0	1	12	24	15	16
2	29	4	0	768	0	1	9	16	23	5
2	29	5	1	0	-1	1	22	0	0	0
2	29	6	1	0	-1	1	0	1	23	22
2	29	7	0	768	0	1	7	20	5	6
2	29	8	0	832	1	0	15	5	18	28
2	29	9	0	1024	1	0	16	25	7	5
2	29	10	0	960	0	1	18	9	26	28
2	29	11	0	832	1	0	12	7	10	23
2	29	12	1	0	-1	1	26	16	11	16
2	29	13	0	1024	1	0	5	9	28	16
2	29	14	0	1024	1	0	10	22	11	9
2	29	15	0	1024	1	0	11	9	10	5
2	29	16	0	1024	1	0	28	16	5	22
2	29	17	1	0	-1	1	11	7	26	7
2	29	18	0	832	1	0	10	9	12	13
2	29	19	0	960	0	1	26	25	18	23
2	29	20	0	1024	1	0	7	5	16	1
2	29	21	0	832	1	0	18	20	15	25
2	29	22	0	768	0	1	5	1	7	9
2	29	23	1	0	-1	1	23	0	0	0
2	29	24	1	0	-1	1	0	16	22	6
2	29	25	0	768	0	1	23	24	9	22
2	29	26	0	960	0	1	15	4	12	22
2	29	27	0	1024	1	0	21	28	27	4
2	29	28	1	0	-1	1	1	28	28	1
2	29	inf	1	0	-1	1	0	0	0	1
3	29	0	1	0	-1	1	0	28	0	0
3	29	1	1	0	-1	1	25	0	0	0
3	29	2	0	1024	1	0	11	3	17	2
3	29	3	0	1024	1	0	10	8	15	12
3	29	4	0	1024	1	0	16	15	21	7
3	29	5	0	768	0	1	23	24	9	22
3	29	6	0	768	0	1	25	6	16	5
3	29	7	0	1024	1	0	16	19	26	20
3	29	8	0	1024	1	0	19	5	28	15
3	29	9	0	768	0	1	28	22	16	25
3	29	10	0	1024	1	0	8	12	18	27
3	29	11	0	1024	1	0	11	4	9	27
3	29	12	1	0	-1	1	2	27	27	2
3	29	13	0	768	0	1	4	23	28	16
3	29	14	0	1024	1	0	11	21	2	17
3	29	15	0	1024	1	0	17	21	2	11
3	29	16	0	768	0	1	16	23	28	4
3	29	17	1	0	-1	1	2	27	27	2
3	29	18	0	1024	1	0	27	4	9	11
3	29	19	0	1024	1	0	27	12	18	8
3	29	20	0	768	0	1	25	22	16	28
3	29	21	0	1024	1	0	15	5	28	19
3	29	22	0	1024	1	0	20	19	26	16
3	29	23	0	768	0	1	5	6	16	25
3	29	24	0	768	0	1	22	24	9	23
3	29	25	0	1024	1	0	7	15	21	16
3	29	26	0	1024	1	0	12	8	15	10
3	29	27	0	1024	1	0	2	3	17	11
3	29	28	1	0	-1	1	0	0	0	25
3	29	inf	1	0	-1	1	0	0	28	0
1	31	0	1	0	-1	1	30	0	0	0
1	31	1	1	0	-1	1	22	15	8	8
1	31	2	0	1088	2	0	13	21	24	17
1	31	3	1	0	-1	1	17	25	17	20
1	31	4	0	1280	2	0	24	3	18	10
1	31	5	1	0	-1	1	0	24	27	11
1	31	6	0	1280	2	0	11	2	13	16
1	31	7	1	0	-1	1	6	6	7	18
1	31	8	0	1280	2	0	3	12	9	10
1	31	9	1	0	-1	1	27	27	19	16
1	31	10	0	1088	2	0	17	27	6	29
1	31	11	1	0	-1	1	12	19	1	11
1	31	12	1	0	-1	1	27	10	4	17
1	31	13	1	0	-1	1	22	7	15	9
1	31	14	0	1088	2	0	26	17	3	11
1	31	15	1	0	-1	1	13	16	30	16
1	31	16	0	1088	2	0	26	11	3	17
1	31	17	1	0	-1	1	22	9	15	7
1	31	18	1	0	-1	1	27	17	4	10
1	31	19	1	0	-1	1	12	11	1	19
1	31	20	0	1088	2	0	17	29	6	27
1	31	21	1	0	-1	1	27	16	19	27
1	31	22	0	1280	2	0	3	10	9	12
1	31	23	1	0	-1	1	6	18	7	6
1	31	24	0	1280	2	0	11	16	13	2
1	31	25	1	0	-1	1	0	11	27	24
1	31	26	0	1280	2	0	24	10	18	3
1	31	27	1	0	-1	1	17	20	17	25
1	31	28	0	1088	2	0	13	17	24	21
1	31	29	1	0	-1	1	22	8	8	15
1	31	30	1	0	-1	1	30	0	0	0
1	31	inf	1	0	-1	1	30	0	0	0
2	31	0	1	0	-1	1	0	30	0	0
2	31	1	1	0	-1	1	30	30	1	1
2	31	2	0	1024	1	0	29	6	19	7
2	31	3	0	1024	1	0	18	3	22	4
2	31	4	0	832	1	0	12	11	18	10
2	31	5	1	0	-1	1	24	27	20	7
2	31	6	1	0	-1	1	7	24	11	4
2	31	7	1	0	-1	1	13	13	2	14
2	31	8	0	832	1	0	11	12	28	7
2	31	9	1	0	-1	1	15	15	20	25
2	31	10	0	1024	1	0	26	23	18	25
2	31	11	0	768	0	1	5	13	12	8
2	31	12	1	0	-1	1	1	0	0	0
2	31	13	1	0	-1	1	0	6	15	9
2	31	14	0	768	0	1	22	29	28	20
2	31	15	0	1024	1	0	1	12	6	28
2	31	16	0	1024	1	0	6	29	1	16
2	31	17	0	768	0	1	28	6	22	2
2	31	18	1	0	-1	1	15	0	0	0
2	31	19	1	0	-1	1	0	13	1	19
2	31	20	0	768	0	1	12	23	5	7
2	31	21	0	1024	1	0	18	15	26	19
2	31	22	1	0	-1	1	20	12	15	20
2	31	23	0	832	1	0	28	13	11	5
2	31	24	1	0	-1	1	2	24	13	2
2	31	25	1	0	-1	1	11	27	7	20
2	31	26	1	0	-1	1	20	11	24	4
2	31	27	0	832	1	0	18	3	12	14
2	31	28	0	1024	1	0	22	6	18	8
2	31	29	0	1024	1	0	19	30	29	4
2	31	30	1	0	-1	1	1	30	30	1
2	31	inf	1	0	-1	1	0	0	0	1
3	31	0	1	0	-1	1	0	30	0	0
3	31	1	1	0	-1	1	27	0	0	0
3	31	2	0	1024	1	0	13	3	19	2
3	31	3	0	1024	1	0	14	8	21	12
3	31	4	0	768	0	1	24	15	8	5
3	31	5	0	1280	2	0	6	24	20	18
3	31	6	0	1280	2	0	16	4	11	26
3	31	7	1	0	-1	1	17	17	4	4
3	31	8	0	768	0	1	3	1	29	20
3	31	9	1	0	-1	1	30	18	30	18
3	31	10	0	1024	1	0	30	6	20	4
3	31	11	0	1280	2	0	28	27	19	15
3	31	12	0	768	0	1	18	19	23	26
3	31	13	0	768	0	1	25	13	4	12
3	31	14	0	1280	2	0	12	9	3	10
3	31	15	0	1024	1	0	4	7	6	26
3	31	16	0	1024	1	0	26	7	6	4
3	31	17	0	1280	2	0	10	9	3	12
3	31	18	0	768	0	1	12	13	4	25
3	31	19	0	768	0	1	26	19	23	18
3	31	20	0	1280	2	0	15	27	19	28
3	31	21	0	1024	1	0	4	6	20	30
3	31	22	1	0	-1	1	18	18	30	30
3	31	23	0	768	0	1	20	1	29	3
3	31	24	1	0	-1	1	4	17	4	17
3	31	25	0	1280	2	0	26	4	11	16
3	31	26	0	1280	2	0	18	24	20	6
3	31	27	0	768	0	1	5	15	8	24
3	31	28	0	1024	1	0	12	8	21	14
3	31	29	0	1024	1	0	2	3	19	13
3	31	30	1	0	-1	1	0	0	0	27
3	31	inf	1	0	-1	1	0	0	30	0
1	37	0	1	0	-1	1	36	0	0	0
1	37	1	1	0	-1	1	28	21	8	8
1	37	2	0	1728	0	1	25	2	24	11
1	37	3	0	1536	0	1	16	30	11	33
1	37	4	0	1408	1	0	3	7	6	24
1	37	5	0	1408	1	0	1	20	9	8
1	37	6	0	1408	1	0	1	8	20	9
1	37	7	0	1536	0	1	7	21	2	14
1	37	8	0	1408	1	0	36	35	29	10
1	37	9	0	1536	0	1	7	26	27	21
1	37	10	1	0	-1	1	0	7	33	34
1	37	11	0	1536	0	1	34	28	10	36
1	37	12	0	1728	0	1	30	28	32	14
1	37	13	0	1536	0	1	33	20	25	29
1	37	14	0	1408	1	0	27	17	26	31
1	37	15	0	1408	1	0	9	32	35	7
1	37	16	0	1536	0	1	26	4	15	18
1	37	17	0	1728	0	1	27	20	3	14
1	37	18	1	0	-1	1	11	19	36	19
1	37	19	0	1728	0	1	27	14	3	20
1	37	20	0	1536	0	1	26	18	15	4
1	37	21	0	1408	1	0	9	7	35	32
1	37	22	0	1408	1	0	27	31	26	17
1	37	23	0	1536	0	1	33	29	25	20
1	37	24	0	1728	0	1	30	14	32	28
1	37	25	0	1536	0	1	34	36	10	28
1	37	26	1	0	-1	1	0	34	33	7
1	37	27	0	1536	0	1	7	21	27	26
1	37	28	0	1408	1	0	36	10	29	35
1	37	29	0	1536	0	1	7	14	2	21
1	37	30	0	1408	1	0	1	9	20	8
1	37	31	0	1408	1	0	1	8	9	20
1	37	32	0	1408	1	0	3	24	6	7
1	37	33	0	1536	0	1	16	33	11	30
1	37	34	0	1728	0	1	25	11	24	2
1	37	35	1	0	-1	1	28	8	8	21
1	37	36	1	0	-1	1	36	0	0	0
1	37	inf	1	0	-1	1	36	0	0	0
2	37	0	1	0	-1	1	0	36	0	0
2	37	1	1	0	-1	1	36	36	1	1
2	37	2	0	1728	0	1	35	12	13	26
2	37	3	0	1408	1	0	36	27	30	16
2	37	4	0	1344	0	1	34	9	1	4
2	37	5	0	1024	1	0	8	10	24	9
2	37	6	1	0	-1	1	23	21	22	21
2	37	7	0	1408	1	0	36	9	11	3
2	37	8	1	0	-1	1	35	28	35	21
2	37	9	0	1344	0	1	30	34	27	21
2	37	10	1	0	-1	1	7	33	3	30
2	37	11	1	0	-1	1	30	7	34	4
2	37	12	0	1408	1	0	10	25	33	26
2	37	13	0	1536	0	1	29	21	23	3
2	37	14	1	0	-1	1	35	16	35	9
2	37	15	0	1024	1	0	18	7	6	16
2	37	16	0	1408	1	0	1	4	10	12
2	37	17	0	1536	0	1	31	30	8	25
2	37	18	0	1728	0	1	22	10	5	16
2	37	19	0	1728	0	1	5	30	22	11
2	37	20	0	1536	0	1	8	4	31	28
2	37	21	0	1408	1	0	10	7	1	21
2	37	22	0	1024	1	0	6	16	18	26
2	37	23	1	0	-1	1	35	21	35	28
2	37	24	0	1536	0	1	23	25	29	30
2	37	25	0	1408	1	0	33	7	10	28
2	37	26	1	0	-1	1	34	33	30	3
2	37	27	1	0	-1	1	3	34	7	4
2	37	28	0	1344	0	1	27	28	30	26
2	37	29	1	0	-1	1	35	9	35	16
2	37	30	0	1408	1	0	11	21	36	7
2	37	31	1	0	-1	1	22	10	23	10
2	37	32	0	1024	1	0	24	9	8	34
2	37	33	0	1344	0	1	1	27	34	12
2	37	34	0	1408	1	0	30	12	36	3
2	37	35	0	1728	0	1	13	36	35	4
2	37	36	1	0	-1	1	1	36	36	1
2	37	inf	1	0	-1	1	0	0	0	1
3	37	0	1	0	-1	1	0	36	0	0
3	37	1	1	0	-1	1	33	0	0	0
3	37	2	0	1024	1	0	19	3	25	2
3	37	3	0	1024	1	0	26	8	2	12
3	37	4	0	1536	0	1	11	15	19	36
3	37	5	0	1280	2	0	5	24	29	6
3	37	6	1	0	-1	1	2	35	35	2
3	37	7	0	1536	0	1	33	11	16	30
3	37	8	0	1536	0	1	18	26	1	22
3	37	9	0	1536	0	1	25	6	32	21
3	37	10	0	1536	0	1	11	25	16	33
3	37	11	0	1536	0	1	7	9	21	27
3	37	12	0	1024	1	0	7	32	17	9
3	37	13	0	1280	2	0	5	20	24	22
3	37	14	0	1536	0	1	32	10	1	35
3	37	15	0	1280	2	0	8	2	31	17
3	37	16	0	1536	0	1	1	33	25	11
3	37	17	0	1280	2	0	5	29	18	23
3	37	18	0	1024	1	0	14	27	21	22
3	37	19	0	1024	1	0	22	27	21	14
3	37	20	0	1280	2	0	23	29	18	5
3	37	21	0	1536	0	1	11	33	25	1
3	37	22	0	1280	2	0	17	2	31	8
3	37	23	0	1536	0	1	35	10	1	32
3	37	24	0	1280	2	0	22	20	24	5
3	37	25	0	1024	1	0	9	32	17	7
3	37	26	0	1536	0	1	27	9	21	7
3	37	27	0	1536	0	1	33	25	16	11
3	37	28	0	1536	0	1	21	6	32	25
3	37	29	0	1536	0	1	22	26	1	18
3	37	30	0	1536	0	1	30	11	16	33
3	37	31	1	0	-1	1	2	35	35	2
3	37	32	0	1280	2	0	6	24	29	5
3	37	33	0	1536	0	1	36	15	19	11
3	37	34	0	1024	1	0	12	8	2	26
3	37	35	0	1024	1	0	2	3	25	19
3	37	36	1	0	-1	1	0	0	0	33
3	37	inf	1	0	-1	1	0	0	36	0
1	41	0	1	0	-1	1	40	0	0	0
1	41	1	1	0	-1	1	32	25	8	8
1	41	2	0	1664	2	0	33	10	24	7
1	41	3	0	1536	0	1	36	13	7	21
1	41	4	1	0	-1	1	10	10	39	33
1	41	5	1	0	-1	1	23	18	38	26
1	41	6	1	0	-1	1	37	13	4	24
1	41	7	1	0	-1	1	31	12	19	10
1	41	8	1	0	-1	1	1	32	1	8
1	41	9	1	0	-1	1	1	8	32	1
1	41	10	0	1536	0	1	20	39	30	13
1	41	11	0	2048	2	0	23	19	36	27
1	41	12	0	1728	0	1	33	6	9	26
1	41	13	0	1664	2	0	8	17	31	34
1	41	14	0	1536	0	1	5	28	20	34
1	41	15	0	2048	2	0	16	15	17	9
1	41	16	0	1728	0	1	9	36	22	24
1	41	17	0	2048	2	0	10	26	35	21
1	41	18	0	1728	0	1	21	2	15	24
1	41	19	0	1664	2	0	20	22	3	16
1	41	20	1	0	-1	1	2	21	40	21
1	41	21	0	1664	2	0	20	16	3	22
1	41	22	0	1728	0	1	21	24	15	2
1	41	23	0	2048	2	0	10	21	35	26
1	41	24	0	1728	0	1	9	24	22	36
1	41	25	0	2048	2	0	16	9	17	15
1	41	26	0	1536	0	1	5	34	20	28
1	41	27	0	1664	2	0	8	34	31	17
1	41	28	0	1728	0	1	33	26	9	6
1	41	29	0	2048	2	0	23	27	36	19
1	41	30	0	1536	0	1	20	13	30	39
1	41	31	1	0	-1	1	1	1	32	8
1	41	32	1	0	-1	1	1	8	1	32
1	41	33	1	0	-1	1	31	10	19	12
1	41	34	1	0	-1	1	37	24	4	13
1	41	35	1	0	-1	1	23	26	38	18
1	41	36	1	0	-1	1	10	33	39	10
1	41	37	0	1536	0	1	36	21	7	13
1	41	38	0	1664	2	0	33	7	24	10
1	41	39	1	0	-1	1	32	8	8	25
1	41	40	1	0	-1	1	40	0	0	0
1	41	inf	1	0	-1	1	40	0	0	0
2	41	0	1	0	-1	1	0	40	0	0
2	41	1	1	0	-1	1	40	40	1	1
2	41	2	0	1408	1	0	39	16	9	18
2	41	3	0	2048	2	0	7	2	35	23
2	41	4	1	0	-1	1	8	8	9	36
2	41	5	0	1536	0	1	40	20	23	33
2	41	6	1	0	-1	1	38	0	0	0
2	41	7	1	0	-1	1	0	9	19	10
2	41	8	0	1536	0	1	31	2	25	36
2	41	9	1	0	-1	1	18	33	31	33
2	41	10	1	0	-1	1	2	9	33	2
2	41	11	0	2304	0	1	17	18	7	36
2	41	12	0	2048	2	0	11	1	29	20
2	41	13	0	1856	2	0	13	39	26	10
2	41	14	0	2048	2	0	13	25	19	20
2	41	15	0	2304	0	1	6	33	38	37
2	41	16	0	1664	2	0	36	31	37	18
2	41	17	0	2048	2	0	35	4	14	33
2	41	18	0	1664	2	0	31	36	8	21
2	41	19	0	1856	2	0	28	23	14	20
2	41	20	0	1408	1	0	9	1	21	10
2	41	21	0	1408	1	0	21	23	9	25
2	41	22	0	1856	2	0	14	36	28	1
2	41	23	0	1664	2	0	8	4	31	16
2	41	24	0	2048	2	0	14	31	35	20
2	41	25	0	1664	2	0	37	33	36	39
2	41	26	0	2304	0	1	38	25	6	33
2	41	27	0	2048	2	0	19	39	13	23
2	41	28	0	1856	2	0	26	1	13	36
2	41	29	0	2048	2	0	29	18	11	32
2	41	30	0	2304	0	1	7	9	17	18
2	41	31	1	0	-1	1	33	33	2	21
2	41	32	1	0	-1	1	31	2	18	2
2	41	33	0	1536	0	1	25	9	31	39
2	41	34	1	0	-1	1	19	0	0	0
2	41	35	1	0	-1	1	0	20	38	18
2	41	36	0	1536	0	1	23	8	40	5
2	41	37	1	0	-1	1	9	2	8	9
2	41	38	0	2048	2	0	35	16	7	20
2	41	39	0	1408	1	0	9	40	39	4
2	41	40	1	0	-1	1	1	40	40	1
2	41	inf	1	0	-1	1	0	0	0	1
3	41	0	1	0	-1	1	0	40	0	0
3	41	1	1	0	-1	1	37	0	0	0
3	41	2	0	1920	0	1	23	3	29	2
3	41	3	0	1920	0	1	34	8	10	12
3	41	4	0	1920	0	1	23	15	6	36
3	41	5	0	1536	0	1	25	24	15	39
3	41	6	0	1536	0	1	34	35	11	27
3	41	7	0	1536	0	1	3	7	26	6
3	41	8	0	1536	0	1	8	22	27	23
3	41	9	1	0	-1	1	2	39	39	2
3	41	10	0	1920	0	1	20	17	22	31
3	41	11	0	1536	0	1	15	38	35	34
3	41	12	0	1920	0	1	22	20	31	17
3	41	13	0	1536	0	1	35	4	21	27
3	41	14	0	1920	0	1	7	31	33	29
3	41	15	0	1536	0	1	14	19	30	29
3	41	16	1	0	-1	1	9	9	33	33
3	41	17	0	1920	0	1	27	1	39	6
3	41	18	1	0	-1	1	21	36	21	36
3	41	19	0	1536	0	1	26	32	10	6
3	41	20	0	1920	0	1	36	30	13	4
3	41	21	0	1920	0	1	4	30	13	36
3	41	22	0	1536	0	1	6	32	10	26
3	41	23	1	0	-1	1	36	36	21	21
3	41	24	0	1920	0	1	6	1	39	27
3	41	25	1	0	-1	1	33	9	33	9
3	41	26	0	1536	0	1	29	19	30	14
3	41	27	0	1920	0	1	29	31	33	7
3	41	28	0	1536	0	1	27	4	21	35
3	41	29	0	1920	0	1	17	20	31	22
3	41	30	0	1536	0	1	34	38	35	15
3	41	31	0	1920	0	1	31	17	22	20
3	41	32	1	0	-1	1	2	39	39	2
3	41	33	0	1536	0	1	23	22	27	8
3	41	34	0	1536	0	1	6	7	26	3
3	41	35	0	1536	0	1	27	35	11	34
3	41	36	0	1536	0	1	39	24	15	25
3	41	37	0	1920	0	1	36	15	6	23
3	41	38	0	1920	0	1	12	8	10	34
3	41	39	0	1920	0	1	2	3	29	23
3	41	40	1	0	-1	1	0	0	0	37
3	41	inf	1	0	-1	1	0	0	40	0
1	43	0	1	0	-1	1	42	0	0	0
1	43	1	1	0	-1	1	34	27	8	8
1	43	2	0	1728	0	1	37	14	24	5
1	43	3	0	1664	2	0	3	23	5	15
1	43	4	0	1792	1	0	32	30	37	19
1	43	5	0	1536	0	1	28	11	34	41
1	43	6	1	0	-1	1	0	28	39	19
1	43	7	0	1536	0	1	19	14	9	20
1	43	8	0	2304	0	1	3	31	30	25
1	43	9	0	1536	0	1	18	12	16	15
1	43	10	0	1664	2	0	20	19	10	14
1	43	11	0	1792	1	0	27	28	12	3
1	43	12	0	1536	0	1	33	15	22	6
1	43	13	0	1664	2	0	8	42	40	4
1	43	14	0	1728	0	1	27	42	23	21
1	43	15	0	2304	0	1	12	34	14	38
1	43	16	0	1536	0	1	33	37	13	36
1	43	17	0	1792	1	0	7	27	20	39
1	43	18	0	1536	0	1	42	23	35	28
1	43	19	0	2304	0	1	7	1	15	27
1	43	20	0	1728	0	1	5	23	3	17
1	43	21	1	0	-1	1	29	22	42	22
1	43	22	0	1728	0	1	5	17	3	23
1	43	23	0	2304	0	1	7	27	15	1
1	43	24	0	1536	0	1	42	28	35	23
1	43	25	0	1792	1	0	7	39	20	27
1	43	26	0	1536	0	1	33	36	13	37
1	43	27	0	2304	0	1	12	38	14	34
1	43	28	0	1728	0	1	27	21	23	42
1	43	29	0	1664	2	0	8	4	40	42
1	43	30	0	1536	0	1	33	6	22	15
1	43	31	0	1792	1	0	27	3	12	28
1	43	32	0	1664	2	0	20	14	10	19
1	43	33	0	1536	0	1	18	15	16	12
1	43	34	0	2304	0	1	3	25	30	31
1	43	35	0	1536	0	1	19	20	9	14
1	43	36	1	0	-1	1	0	19	39	28
1	43	37	0	1536	0	1	28	41	34	11
1	43	38	0	1792	1	0	32	19	37	30
1	43	39	0	1664	2	0	3	15	5	23
1	43	40	0	1728	0	1	37	5	24	14
1	43	41	1	0	-1	1	34	8	8	27
1	43	42	1	0	-1	1	42	0	0	0
1	43	inf	1	0	-1	1	42	0	0	0
2	43	0	1	0	-1	1	0	42	0	0
2	43	1	1	0	-1	1	42	42	1	1
2	43	2	0	2048	2	0	41	18	7	14
2	43	3	0	1664	2	0	11	8	19	14
2	43	4	0	1408	1	0	32	26	25	14
2	43	5	0	1856	2	0	1	19	34	41
2	43	6	1	0	-1	1	28	39	24	15
2	43	7	1	0	-1	1	15	28	19	4
2	43	8	0	1856	2	0	9	33	37	38
2	43	9	0	1536	0	1	39	34	38	41
2	43	10	0	1664	2	0	39	30	1	10
2	43	11	0	1408	1	0	29	39	1	11
2	43	12	0	2304	0	1	38	12	28	35
2	43	13	0	1664	2	0	27	5	21	15
2	43	14	0	1664	2	0	27	7	31	4
2	43	15	0	1536	0	1	19	26	40	41
2	43	16	0	1856	2	0	29	3	38	6
2	43	17	0	1856	2	0	8	27	14	23
2	43	18	0	2304	0	1	13	34	33	35
2	43	19	0	1536	0	1	1	22	12	13
2	43	20	0	1536	0	1	10	8	12	25
2	43	21	0	2048	2	0	39	28	14	36
2	43	22	0	2048	2	0	14	8	39	41
2	43	23	0	1536	0	1	12	22	10	15
2	43	24	0	1536	0	1	12	34	1	24
2	43	25	0	2304	0	1	33	27	13	24
2	43	26	0	1856	2	0	14	3	8	36
2	43	27	0	1856	2	0	38	26	29	9
2	43	28	0	1536	0	1	40	7	19	16
2	43	29	0	1664	2	0	31	5	27	9
2	43	30	0	1664	2	0	21	12	27	36
2	43	31	0	2304	0	1	28	39	38	17
2	43	32	0	1408	1	0	1	30	29	25
2	43	33	0	1664	2	0	1	34	39	40
2	43	34	0	1536	0	1	38	33	39	36
2	43	35	0	1856	2	0	37	28	9	14
2	43	36	1	0	-1	1	19	39	15	24
2	43	37	1	0	-1	1	24	19	28	4
2	43	38	0	1856	2	0	34	26	1	38
2	43	39	0	1408	1	0	25	8	32	1
2	43	40	0	1664	2	0	19	18	11	10
2	43	41	0	2048	2	0	7	42	41	4
2	43	42	1	0	-1	1	1	42	42	1
2	43	inf	1	0	-1	1	0	0	0	1
3	43	0	1	0	-1	1	0	42	0	0
3	43	1	1	0	-1	1	39	0	0	0
3	43	2	0	2304	0	1	25	3	31	2
3	43	3	0	2304	0	1	38	8	14	12
3	43	4	0	1280	2	0	29	15	18	36
3	43	5	0	1920	0	1	35	24	2	37
3	43	6	0	1536	0	1	7	35	30	21
3	43	7	0	1536	0	1	25	5	13	37
3	43	8	0	1280	2	0	40	20	10	5
3	43	9	0	2304	0	1	3	37	13	17
3	43	10	0	1536	0	1	37	13	33	36
3	43	11	0	1280	2	0	7	34	14	25
3	43	12	0	2304	0	1	36	14	5	33
3	43	13	0	1536	0	1	32	39	31	23
3	43	14	0	2304	0	1	32	23	7	1
3	43	15	0	1920	0	1	30	9	39	16
3	43	16	0	1280	2	0	20	40	37	31
3	43	17	0	1920	0	1	39	30	16	9
3	43	18	0	2304	0	1	38	22	10	42
3	43	19	0	2304	0	1	11	16	29	7
3	43	20	0	1920	0	1	38	12	16	39
3	43	21	0	2304	0	1	27	10	19	15
3	43	22	0	2304	0	1	15	10	19	27
3	43	23	0	1920	0	1	39	12	16	38
3	43	24	0	2304	0	1	7	16	29	11
3	43	25	0	2304	0	1	42	22	10	38
3	43	26	0	1920	0	1	9	30	16	39
3	43	27	0	1280	2	0	31	40	37	20
3	43	28	0	1920	0	1	16	9	39	30
3	43	29	0	2304	0	1	1	23	7	32
3	43	30	0	1536	0	1	23	39	31	32
3	43	31	0	2304	0	1	33	14	5	36
3	43	32	0	1280	2	0	25	34	14	7
3	43	33	0	1536	0	1	36	13	33	37
3	43	34	0	2304	0	1	17	37	13	3
3	43	35	0	1280	2	0	5	20	10	40
3	43	36	0	1536	0	1	37	5	13	25
3	43	37	0	1536	0	1	21	35	30	7
3	43	38	0	1920	0	1	37	24	2	35
3	43	39	0	1280	2	0	36	15	18	29
3	43	40	0	2304	0	1	12	8	14	38
3	43	41	0	2304	0	1	2	3	31	25
3	43	42	1	0	-1	1	0	0	0	39
3	43	inf	1	0	-1	1	0	0	42	0
1	47	0	1	0	-1	1	46	0	0	0
1	47	1	1	0	-1	1	38	31	8	8
1	47	2	0	1856	2	0	45	22	24	1
1	47	3	0	2176	1	0	19	43	1	3
1	47	4	0	2176	1	0	29	23	33	38
1	47	5	1	0	-1	1	26	32	26	36
1	47	6	0	1856	2	0	31	46	27	21
1	47	7	1	0	-1	1	41	41	36	17
1	47	8	0	1856	2	0	29	40	6	1
1	47	9	0	2304	0	1	38	19	31	44
1	47	10	0	2304	0	1	40	1	17	29
1	47	11	0	2176	1	0	30	9	11	27
1	47	12	0	2176	1	0	26	19	13	15
1	47	13	0	2304	0	1	22	7	23	17
1	47	14	0	2304	0	1	35	43	41	10
1	47	15	0	1856	2	0	11	9	20	18
1	47	16	0	2176	1	0	13	22	7	18
1	47	17	0	2304	0	1	33	11	2	34
1	47	18	0	2176	1	0	39	46	5	43
1	47	19	1	0	-1	1	22	9	16	22
1	47	20	0	1856	2	0	43	17	35	42
1	47	21	0	2304	0	1	45	46	15	33
1	47	22	0	1856	2	0	41	25	3	19
1	47	23	1	0	-1	1	20	24	46	24
1	47	24	0	1856	2	0	41	19	3	25
1	47	25	0	2304	0	1	45	33	15	46
1	47	26	0	1856	2	0	43	42	35	17
1	47	27	1	0	-1	1	22	22	16	9
1	47	28	0	2176	1	0	39	43	5	46
1	47	29	0	2304	0	1	33	34	2	11
1	47	30	0	2176	1	0	13	18	7	22
1	47	31	0	1856	2	0	11	18	20	9
1	47	32	0	2304	0	1	35	10	41	43
1	47	33	0	2304	0	1	22	17	23	7
1	47	34	0	2176	1	0	26	15	13	19
1	47	35	0	2176	1	0	30	27	11	9
1	47	36	0	2304	0	1	40	29	17	1
1	47	37	0	2304	0	1	38	44	31	19
1	47	38	0	1856	2	0	29	1	6	40
1	47	39	1	0	-1	1	41	17	36	41
1	47	40	0	1856	2	0	31	21	27	46
1	47	41	1	0	-1	1	26	36	26	32
1	47	42	0	2176	1	0	29	38	33	23
1	47	43	0	2176	1	0	19	3	1	43
1	47	44	0	1856	2	0	45	1	24	22
1	47	45	1	0	-1	1	38	8	8	31
1	47	46	1	0	-1	1	46	0	0	0
1	47	inf	1	0	-1	1	46	0	0	0
2	47	0	1	0	-1	1	0	46	0	0
2	47	1	1	0	-1	1	46	46	1	1
2	47	2	0	1856	2	0	45	22	3	6
2	47	3	0	1856	2	0	19	20	34	8
2	47	4	0	2240	2	0	33	15	34	42
2	47	5	0	2240	2	0	28	5	22	16
2	47	6	0	2240	2	0	30	11	28	27
2	47	7	1	0	-1	1	30	30	25	34
2	47	8	0	2240	2	0	5	35	2	16
2	47	9	0	2624	2	0	33	22	37	4
2	47	10	0	2304	0	1	32	10	41	34
2	47	11	0	2304	0	1	16	41	19	21
2	47	12	0	2240	2	0	22	39	2	24
2	47	13	0	2240	2	0	37	45	26	9
2	47	14	0	2304	0	1	19	29	17	3
2	47	15	0	2624	2	0	12	31	5	28
2	47	16	0	1856	2	0	26	20	9	3
2	47	17	0	2304	0	1	11	35	16	37
2	47	18	0	2240	2	0	19	44	7	32
2	47	19	0	2240	2	0	37	38	30	6
2	47	20	1	0	-1	1	8	31	38	8
2	47	21	0	2624	2	0	40	13	9	1
2	47	22	0	2624	2	0	4	44	19	42
2	47	23	0	1856	2	0	25	19	33	7
2	47	24	0	1856	2	0	33	44	25	36
2	47	25	0	2624	2	0	19	13	4	6
2	47	26	0	2624	2	0	9	31	40	6
2	47	27	1	0	-1	1	38	38	8	28
2	47	28	0	2240	2	0	30	44	37	2
2	47	29	0	2240	2	0	7	35	19	34
2	47	30	0	2304	0	1	16	20	11	1
2	47	31	0	1856	2	0	9	31	26	7
2	47	32	0	2624	2	0	5	29	12	8
2	47	33	0	2304	0	1	17	45	19	16
2	47	34	0	2240	2	0	26	39	37	36
2	47	35	0	2240	2	0	2	41	22	18
2	47	36	0	2304	0	1	19	10	16	12
2	47	37	0	2304	0	1	41	22	32	9
2	47	38	0	2624	2	0	37	35	33	32
2	47	39	0	2240	2	0	2	30	5	7
2	47	40	1	0	-1	1	25	11	30	25
2	47	41	0	2240	2	0	28	5	30	8
2	47	42	0	2240	2	0	22	15	28	1
2	47	43	0	2240	2	0	34	20	33	9
2	47	44	0	1856	2	0	34	22	19	37
2	47	45	0	1856	2	0	3	46	45	4
2	47	46	1	0	-1	1	1	46	46	1
2	47	inf	1	0	-1	1	0	0	0	1
3	47	0	1	0	-1	1	0	46	0	0
3	47	1	1	0	-1	1	43	0	0	0
3	47	2	0	2304	0	1	29	3	35	2
3	47	3	0	2304	0	1	46	8	22	12
3	47	4	0	1920	0	1	41	15	42	36
3	47	5	0	2304	0	1	8	24	11	33
3	47	6	1	0	-1	1	35	35	9	9
3	47	7	0	2688	0	1	22	1	45	17
3	47	8	1	0	-1	1	10	16	10	16
3	47	9	0	2304	0	1	40	33	6	12
3	47	10	0	1920	0	1	12	5	17	11
3	47	11	0	2688	0	1	14	26	3	19
3	47	12	0	1920	0	1	40	2	41	42
3	47	13	0	2304	0	1	37	27	43	39
3	47	14	0	1920	0	1	46	7	38	16
3	47	15	0	2304	0	1	14	36	31	26
3	47	16	0	2304	0	1	29	20	3	28
3	47	17	0	2688	0	1	38	6	5	28
3	47	18	0	2304	0	1	35	41	17	32
3	47	19	0	2304	0	1	14	31	42	46
3	47	20	0	2688	0	1	16	23	12	29
3	47	21	0	2304	0	1	35	17	23	34
3	47	22	0	2304	0	1	18	13	6	20
3	47	23	0	2304	0	1	6	11	9	40
3	47	24	0	2304	0	1	40	11	9	6
3	47	25	0	2304	0	1	20	13	6	18
3	47	26	0	2304	0	1	34	17	23	35
3	47	27	0	2688	0	1	29	23	12	16
3	47	28	0	2304	0	1	46	31	42	14
3	47	29	0	2304	0	1	32	41	17	35
3	47	30	0	2688	0	1	28	6	5	38
3	47	31	0	2304	0	1	28	20	3	29
3	47	32	0	2304	0	1	26	36	31	14
3	47	33	0	1920	0	1	16	7	38	46
3	47	34	0	2304	0	1	39	27	43	37
3	47	35	0	1920	0	1	42	2	41	40
3	47	36	0	2688	0	1	19	26	3	14
3	47	37	0	1920	0	1	11	5	17	12
3	47	38	0	2304	0	1	12	33	6	40
3	47	39	1	0	-1	1	16	16	10	10
3	47	40	0	2688	0	1	17	1	45	22
3	47	41	1	0	-1	1	9	35	9	35
3	47	42	0	2304	0	1	33	24	11	8
3	47	43	0	1920	0	1	36	15	42	41
3	47	44	0	2304	0	1	12	8	22	46
3	47	45	0	2304	0	1	2	3	35	29
3	47	46	1	0	-1	1	0	0	0	43
3	47	inf	1	0	-1	1	0	0	46	0
1	53	0	1	0	-1	1	52	0	0	0
1	53	1	1	0	-1	1	44	37	8	8
1	53	2	0	2304	0	1	4	34	24	48
1	53	3	0	2752	1	0	43	20	48	38
1	53	4	0	3328	1	0	36	24	27	2
1	53	5	0	2816	2	0	46	22	14	17
1	53	6	0	2880	0	1	6	43	9	1
1	53	7	0	3072	0	1	37	10	12	31
1	53	8	0	2816	2	0	24	5	23	25
1	53	9	0	2880	0	1	40	4	42	7
1	53	10	0	2560	1	0	28	36	16	1
1	53	11	0	2816	2	0	13	24	51	31
1	53	12	0	3328	1	0	49	50	41	15
1	53	13	0	2752	1	0	7	37	39	30
1	53	14	0	3072	0	1	52	14	45	47
1	53	15	0	2880	0	1	7	10	6	37
1	53	16	0	2560	1	0	42	1	28	24
1	53	17	0	2304	0	1	38	16	5	32
1	53	18	0	2752	1	0	11	31	43	32
1	53	19	0	3072	0	1	6	22	36	48
1	53	20	0	2816	2	0	44	18	37	51
1	53	21	0	3328	1	0	16	48	46	12
1	53	22	0	2816	2	0	1	35	10	8
1	53	23	0	2816	2	0	1	8	35	10
1	53	24	0	2560	1	0	47	49	15	42
1	53	25	0	2304	0	1	40	28	3	22
1	53	26	1	0	-1	1	16	27	52	27
1	53	27	0	2304	0	1	40	22	3	28
1	53	28	0	2560	1	0	47	42	15	49
1	53	29	0	2816	2	0	1	10	35	8
1	53	30	0	2816	2	0	1	8	10	35
1	53	31	0	3328	1	0	16	12	46	48
1	53	32	0	2816	2	0	44	51	37	18
1	53	33	0	3072	0	1	6	48	36	22
1	53	34	0	2752	1	0	11	32	43	31
1	53	35	0	2304	0	1	38	32	5	16
1	53	36	0	2560	1	0	42	24	28	1
1	53	37	0	2880	0	1	7	37	6	10
1	53	38	0	3072	0	1	52	47	45	14
1	53	39	0	2752	1	0	7	30	39	37
1	53	40	0	3328	1	0	49	15	41	50
1	53	41	0	2816	2	0	13	31	51	24
1	53	42	0	2560	1	0	28	1	16	36
1	53	43	0	2880	0	1	40	7	42	4
1	53	44	0	2816	2	0	24	25	23	5
1	53	45	0	3072	0	1	37	31	12	10
1	53	46	0	2880	0	1	6	1	9	43
1	53	47	0	2816	2	0	46	17	14	22
1	53	48	0	3328	1	0	36	2	27	24
1	53	49	0	2752	1	0	43	38	48	20
1	53	50	0	2304	0	1	4	48	24	34
1	53	51	1	0	-1	1	44	8	8	37
1	53	52	1	0	-1	1	52	0	0	0
1	53	inf	1	0	-1	1	52	0	0	0
2	53	0	1	0	-1	1	0	52	0	0
2	53	1	1	0	-1	1	52	52	1	1
2	53	2	0	2752	1	0	51	28	50	47
2	53	3	0	2880	0	1	31	38	45	29
2	53	4	0	2752	1	0	46	10	13	52
2	53	5	0	2624	2	0	50	7	18	37
2	53	6	0	2304	0	1	42	15	16	43
2	53	7	0	2816	2	0	52	49	28	37
2	53	8	0	3072	0	1	21	47	48	13
2	53	9	0	2304	0	1	52	29	4	36
2	53	10	0	2880	0	1	25	44	37	52
2	53	11	0	2880	0	1	7	11	38	47
2	53	12	0	2432	2	0	26	37	33	25
2	53	13	0	2752	1	0	4	46	38	17
2	53	14	0	2432	2	0	8	44	20	15
2	53	15	0	2816	2	0	24	13	17	43
2	53	16	0	2880	0	1	49	17	46	47
2	53	17	0	2432	2	0	24	43	11	28
2	53	18	0	2880	0	1	32	1	35	47
2	53	19	0	2432	2	0	19	42	50	49
2	53	20	0	3072	0	1	45	28	23	36
2	53	21	0	2624	2	0	5	9	23	6
2	53	22	0	2432	2	0	39	11	23	29
2	53	23	1	0	-1	1	41	36	20	36
2	53	24	0	2880	0	1	16	9	49	10
2	53	25	0	2432	2	0	13	43	38	49
2	53	26	0	2752	1	0	5	15	34	36
2	53	27	0	2752	1	0	34	43	5	29
2	53	28	0	2432	2	0	38	9	13	46
2	53	29	0	2880	0	1	49	36	16	40
2	53	30	1	0	-1	1	20	11	41	11
2	53	31	0	2432	2	0	23	9	39	43
2	53	32	0	2624	2	0	23	28	5	1
2	53	33	0	3072	0	1	23	42	45	1
2	53	34	0	2432	2	0	50	1	19	10
2	53	35	0	2880	0	1	35	43	32	7
2	53	36	0	2432	2	0	11	17	24	16
2	53	37	0	2880	0	1	46	13	49	11
2	53	38	0	2816	2	0	17	44	24	11
2	53	39	0	2432	2	0	20	46	8	47
2	53	40	0	2752	1	0	38	37	4	1
2	53	41	0	2432	2	0	33	11	26	6
2	53	42	0	2880	0	1	38	44	7	29
2	53	43	0	2880	0	1	37	29	25	15
2	53	44	0	2304	0	1	4	47	52	9
2	53	45	0	3072	0	1	48	49	21	44
2	53	46	0	2816	2	0	28	15	52	7
2	53	47	0	2304	0	1	16	7	42	13
2	53	48	0	2624	2	0	18	10	50	15
2	53	49	0	2752	1	0	13	38	46	28
2	53	50	0	2880	0	1	45	28	31	13
2	53	51	0	2752	1	0	50	52	51	4
2	53	52	1	0	-1	1	1	52	52	1
2	53	inf	1	0	-1	1	0	0	0	1
3	53	0	1	0	-1	1	0	52	0	0
3	53	1	1	0	-1	1	49	0	0	0
3	53	2	0	3072	0	1	35	3	41	2
3	53	3	0	3072	0	1	5	8	34	12
3	53	4	0	3584	2	0	6	15	25	36
3	53	5	0	4096	1	0	32	24	36	27
3	53	6	0	2304	0	1	24	35	12	44
3	53	7	0	2304	0	1	29	48	33	40
3	53	8	0	3072	0	1	41	10	49	21
3	53	9	0	2304	0	1	1	27	39	46
3	53	10	0	3584	2	0	9	46	11	15
3	53	11	0	3072	0	1	6	14	2	40
3	53	12	0	2304	0	1	39	37	25	21
3	53	13	0	3584	2	0	49	9	16	17
3	53	14	0	2304	0	1	30	36	46	34
3	53	15	0	2304	0	1	29	12	3	25
3	53	16	0	3584	2	0	40	43	16	49
3	53	17	0	4096	1	0	4	23	31	6
3	53	18	0	3072	0	1	21	5	23	8
3	53	19	0	2304	0	1	32	42	49	8
3	53	20	0	3072	0	1	31	28	36	12
3	53	21	0	4096	1	0	12	16	46	26
3	53	22	0	2304	0	1	22	6	11	3
3	53	23	1	0	-1	1	2	51	51	2
3	53	24	0	3072	0	1	52	45	50	29
3	53	25	0	4096	1	0	7	41	27	37
3	53	26	0	3072	0	1	20	39	30	32
3	53	27	0	3072	0	1	32	39	30	20
3	53	28	0	4096	1	0	37	41	27	7
3	53	29	0	3072	0	1	29	45	50	52
3	53	30	1	0	-1	1	2	51	51	2
3	53	31	0	2304	0	1	3	6	11	22
3	53	32	0	4096	1	0	26	16	46	12
3	53	33	0	3072	0	1	12	28	36	31
3	53	34	0	2304	0	1	8	42	49	32
3	53	35	0	3072	0	1	8	5	23	21
3	53	36	0	4096	1	0	6	23	31	4
3	53	37	0	3584	2	0	49	43	16	40
3	53	38	0	2304	0	1	25	12	3	29
3	53	39	0	2304	0	1	34	36	46	30
3	53	40	0	3584	2	0	17	9	16	49
3	53	41	0	2304	0	1	21	37	25	39
3	53	42	0	3072	0	1	40	14	2	6
3	53	43	0	3584	2	0	15	46	11	9
3	53	44	0	2304	0	1	46	27	39	1
3	53	45	0	3072	0	1	21	10	49	41
3	53	46	0	2304	0	1	40	48	33	29
3	53	47	0	2304	0	1	44	35	12	24
3	53	48	0	4096	1	0	27	24	36	32
3	53	49	0	3584	2	0	36	15	25	6
3	53	50	0	3072	0	1	12	8	34	5
3	53	51	0	3072	0	1	2	3	41	35
3	53	52	1	0	-1	1	0	0	0	49
3	53	inf	1	0	-1	1	0	0	52	0
1	59	0	1	0	-1	1	58	0	0	0
1	59	1	1	0	-1	1	50	43	8	8
1	59	2	0	3520	1	0	10	46	24	48
1	59	3	0	3072	0	1	8	44	48	26
1	59	4	0	2880	0	1	31	13	21	25
1	59	5	0	3776	2	0	42	47	2	10
1	59	6	0	3072	0	1	39	4	50	5
1	59	7	0	3264	0	1	55	37	47	34
1	59	8	0	3968	2	0	40	4	52	3
1	59	9	0	3776	2	0	38	58	6	54
1	59	10	0	3072	0	1	10	57	27	34
1	59	11	0	2880	0	1	11	36	56	26
1	59	12	0	3776	2	0	13	30	34	54
1	59	13	0	3968	2	0	23	15	20	24
1	59	14	0	3072	0	1	24	26	14	19
1	59	15	0	2880	0	1	34	39	16	4
1	59	16	0	3072	0	1	47	30	26	3
1	59	17	0	3264	0	1	33	34	44	40
1	59	18	0	3456	0	1	56	27	11	21
1	59	19	0	3520	1	0	38	44	45	29
1	59	20	0	3072	0	1	54	2	28	29
1	59	21	0	3968	2	0	37	54	19	45
1	59	22	0	3264	0	1	14	58	18	42
1	59	23	0	3456	0	1	47	49	25	44
1	59	24	1	0	-1	1	56	3	40	16
1	59	25	1	0	-1	1	55	14	4	41
1	59	26	1	0	-1	1	34	58	35	25
1	59	27	0	3456	0	1	18	52	15	51
1	59	28	0	3520	1	0	8	31	3	25
1	59	29	1	0	-1	1	40	30	58	30
1	59	30	0	3520	1	0	8	25	3	31
1	59	31	0	3456	0	1	18	51	15	52
1	59	32	1	0	-1	1	34	25	35	58
1	59	33	1	0	-1	1	55	41	4	14
1	59	34	1	0	-1	1	56	16	40	3
1	59	35	0	3456	0	1	47	44	25	49
1	59	36	0	3264	0	1	14	42	18	58
1	59	37	0	3968	2	0	37	45	19	54
1	59	38	0	3072	0	1	54	29	28	2
1	59	39	0	3520	1	0	38	29	45	44
1	59	40	0	3456	0	1	56	21	11	27
1	59	41	0	3264	0	1	33	40	44	34
1	59	42	0	3072	0	1	47	3	26	30
1	59	43	0	2880	0	1	34	4	16	39
1	59	44	0	3072	0	1	24	19	14	26
1	59	45	0	3968	2	0	23	24	20	15
1	59	46	0	3776	2	0	13	54	34	30
1	59	47	0	2880	0	1	11	26	56	36
1	59	48	0	3072	0	1	10	34	27	57
1	59	49	0	3776	2	0	38	54	6	58
1	59	50	0	3968	2	0	40	3	52	4
1	59	51	0	3264	0	1	55	34	47	37
1	59	52	0	3072	0	1	39	5	50	4
1	59	53	0	3776	2	0	42	10	2	47
1	59	54	0	2880	0	1	31	25	21	13
1	59	55	0	3072	0	1	8	26	48	44
1	59	56	0	3520	1	0	10	48	24	46
1	59	57	1	0	-1	1	50	8	8	43
1	59	58	1	0	-1	1	58	0	0	0
1	59	inf	1	0	-1	1	58	0	0	0
2	59	0	1	0	-1	1	0	58	0	0
2	59	1	1	0	-1	1	58	58	1	1
2	59	2	0	4096	1	0	57	34	50	41
2	59	3	0	4032	0	1	43	56	9	27
2	59	4	0	3456	0	1	47	52	28	53
2	59	5	0	3456	0	1	24	44	16	21
2	59	6	0	3264	0	1	28	30	56	41
2	59	7	0	3456	0	1	33	43	53	17
2	59	8	0	3520	1	0	49	33	31	12
2	59	9	0	3520	1	0	2	44	17	35
2	59	10	0	3264	0	1	27	37	43	17
2	59	11	0	2880	0	1	53	8	30	35
2	59	12	0	3456	0	1	37	47	26	17
2	59	13	0	3520	1	0	21	43	31	49
2	59	14	0	4096	1	0	12	38	58	45
2	59	15	0	3456	0	1	39	50	17	19
2	59	16	0	2880	0	1	33	14	12	15
2	59	17	0	3456	0	1	2	18	48	49
2	59	18	0	4288	1	0	29	8	33	4
2	59	19	0	3520	1	0	34	24	16	9
2	59	20	0	4032	0	1	8	23	12	4
2	59	21	0	4096	1	0	11	56	4	25
2	59	22	0	3520	1	0	52	32	4	29
2	59	23	0	4288	1	0	28	13	55	26
2	59	24	0	3584	2	0	17	37	56	46
2	59	25	1	0	-1	1	40	0	0	0
2	59	26	1	0	-1	1	0	10	35	25
2	59	27	0	3584	2	0	34	33	53	15
2	59	28	0	3520	1	0	39	11	46	49
2	59	29	0	4096	1	0	24	39	49	5
2	59	30	0	4096	1	0	49	11	24	12
2	59	31	0	3520	1	0	46	33	39	29
2	59	32	0	3584	2	0	53	10	34	26
2	59	33	1	0	-1	1	35	0	0	0
2	59	34	1	0	-1	1	0	37	40	3
2	59	35	0	3584	2	0	56	13	17	5
2	59	36	0	4288	1	0	55	32	28	5
2	59	37	0	3520	1	0	4	56	52	36
2	59	38	0	4096	1	0	4	23	11	5
2	59	39	0	4032	0	1	12	24	8	17
2	59	40	0	3520	1	0	16	8	34	3
2	59	41	0	4288	1	0	33	18	29	9
2	59	42	0	3456	0	1	48	14	2	25
2	59	43	0	2880	0	1	12	50	33	3
2	59	44	0	3456	0	1	17	38	39	5
2	59	45	0	4096	1	0	58	43	12	9
2	59	46	0	3520	1	0	31	47	21	22
2	59	47	0	3456	0	1	26	8	37	28
2	59	48	0	2880	0	1	30	37	53	7
2	59	49	0	3264	0	1	43	44	27	25
2	59	50	0	3520	1	0	17	33	2	41
2	59	51	0	3520	1	0	31	43	49	21
2	59	52	0	3456	0	1	53	30	33	5
2	59	53	0	3264	0	1	56	44	28	9
2	59	54	0	3456	0	1	16	52	24	57
2	59	55	0	3456	0	1	28	56	47	48
2	59	56	0	4032	0	1	9	34	43	48
2	59	57	0	4096	1	0	50	58	57	4
2	59	58	1	0	-1	1	1	58	58	1
2	59	inf	1	0	-1	1	0	0	0	1
3	59	0	1	0	-1	1	0	58	0	0
3	59	1	1	0	-1	1	55	0	0	0
3	59	2	0	2304	0	1	41	3	47	2
3	59	3	0	2304	0	1	11	8	46	12
3	59	4	0	3072	0	1	18	15	55	36
3	59	5	0	3072	0	1	56	24	49	21
3	59	6	0	3584	2	0	1	35	38	32
3	59	7	0	3456	0	1	24	48	8	16
3	59	8	0	4096	1	0	1	4	39	38
3	59	9	0	4096	1	0	44	21	10	45
3	59	10	0	3584	2	0	29	40	12	43
3	59	11	0	4096	1	0	9	2	53	38
3	59	12	0	3072	0	1	37	25	58	36
3	59	13	0	4096	1	0	48	50	46	43
3	59	14	0	3456	0	1	36	18	12	6
3	59	15	0	3072	0	1	54	47	45	49
3	59	16	0	4096	1	0	37	19	33	1
3	59	17	0	3456	0	1	38	52	17	45
3	59	18	0	3072	0	1	51	28	14	10
3	59	19	0	3072	0	1	11	6	17	20
3	59	20	0	2304	0	1	30	45	54	22
3	59	21	0	3456	0	1	43	27	11	22
3	59	22	0	4096	1	0	44	11	45	26
3	59	23	0	3072	0	1	27	56	53	40
3	59	24	0	4096	1	0	45	44	26	11
3	59	25	0	3584	2	0	33	34	49	4
3	59	26	0	3584	2	0	44	26	6	25
3	59	27	0	4096	1	0	13	20	52	21
3	59	28	0	3072	0	1	52	16	23	57
3	59	29	0	2304	0	1	37	14	26	21
3	59	30	0	2304	0	1	21	14	26	37
3	59	31	0	3072	0	1	57	16	23	52
3	59	32	0	4096	1	0	21	20	52	13
3	59	33	0	3584	2	0	25	26	6	44
3	59	34	0	3584	2	0	4	34	49	33
3	59	35	0	4096	1	0	11	44	26	45
3	59	36	0	3072	0	1	40	56	53	27
3	59	37	0	4096	1	0	26	11	45	44
3	59	38	0	3456	0	1	22	27	11	43
3	59	39	0	2304	0	1	22	45	54	30
3	59	40	0	3072	0	1	20	6	17	11
3	59	41	0	3072	0	1	10	28	14	51
3	59	42	0	3456	0	1	45	52	17	38
3	59	43	0	4096	1	0	1	19	33	37
3	59	44	0	3072	0	1	49	47	45	54
3	59	45	0	3456	0	1	6	18	12	36
3	59	46	0	4096	1	0	43	50	46	48
3	59	47	0	3072	0	1	36	25	58	37
3	59	48	0	4096	1	0	38	2	53	9
3	59	49	0	3584	2	0	43	40	12	29
3	59	50	0	4096	1	0	45	21	10	44
3	59	51	0	4096	1	0	38	4	39	1
3	59	52	0	3456	0	1	16	48	8	24
3	59	53	0	3584	2	0	32	35	38	1
3	59	54	0	3072	0	1	21	24	49	56
3	59	55	0	3072	0	1	36	15	55	18
3	59	56	0	2304	0	1	12	8	46	11
3	59	57	0	2304	0	1	2	3	47	41
3	59	58	1	0	-1	1	0	0	0	55
3	59	inf	1	0	-1	1	0	0	58	0
1	61	0	1	0	-1	1	60	0	0	0
1	61	1	1	0	-1	1	52	45	8	8
1	61	2	0	3712	1	0	12	50	24	48
1	61	3	0	3776	2	0	14	52	48	22
1	61	4	0	4608	0	1	47	27	19	15
1	61	5	0	3328	1	0	15	12	59	51
1	61	6	0	3968	2	0	42	44	46	32
1	61	7	0	4032	0	1	45	38	41	43
1	61	8	0	3264	0	1	39	31	44	47
1	61	9	0	3968	2	0	15	60	55	7
1	61	10	0	3328	1	0	1	40	13	8
1	61	11	0	3328	1	0	1	8	40	13
1	61	12	0	4608	0	1	56	1	14	46
1	61	13	1	0	-1	1	0	56	57	9
1	61	14	0	4608	0	1	9	27	47	48
1	61	15	0	3776	2	0	52	12	45	4
1	61	16	1	0	-1	1	13	48	51	23
1	61	17	1	0	-1	1	57	50	4	7
1	61	18	1	0	-1	1	20	55	26	41
1	61	19	0	3776	2	0	19	39	56	27
1	61	20	0	3712	1	0	25	39	33	50
1	61	21	0	3968	2	0	46	31	18	12
1	61	22	0	4032	0	1	5	52	11	59
1	61	23	0	3264	0	1	45	17	12	32
1	61	24	0	3968	2	0	41	24	21	16
1	61	25	0	4032	0	1	27	49	38	35
1	61	26	0	3968	2	0	13	7	2	52
1	61	27	0	3264	0	1	46	57	35	30
1	61	28	0	3968	2	0	27	53	15	54
1	61	29	0	3712	1	0	16	32	3	26
1	61	30	1	0	-1	1	49	31	60	31
1	61	31	0	3712	1	0	16	26	3	32
1	61	32	0	3968	2	0	27	54	15	53
1	61	33	0	3264	0	1	46	30	35	57
1	61	34	0	3968	2	0	13	52	2	7
1	61	35	0	4032	0	1	27	35	38	49
1	61	36	0	3968	2	0	41	16	21	24
1	61	37	0	3264	0	1	45	32	12	17
1	61	38	0	4032	0	1	5	59	11	52
1	61	39	0	3968	2	0	46	12	18	31
1	61	40	0	3712	1	0	25	50	33	39
1	61	41	0	3776	2	0	19	27	56	39
1	61	42	1	0	-1	1	20	41	26	55
1	61	43	1	0	-1	1	57	7	4	50
1	61	44	1	0	-1	1	13	23	51	48
1	61	45	0	3776	2	0	52	4	45	12
1	61	46	0	4608	0	1	9	48	47	27
1	61	47	1	0	-1	1	0	9	57	56
1	61	48	0	4608	0	1	56	46	14	1
1	61	49	0	3328	1	0	1	13	40	8
1	61	50	0	3328	1	0	1	8	13	40
1	61	51	0	3968	2	0	15	7	55	60
1	61	52	0	3264	0	1	39	47	44	31
1	61	53	0	4032	0	1	45	43	41	38
1	61	54	0	3968	2	0	42	32	46	44
1	61	55	0	3328	1	0	15	51	59	12
1	61	56	0	4608	0	1	47	15	19	27
1	61	57	0	3776	2	0	14	22	48	52
1	61	58	0	3712	1	0	12	48	24	50
1	61	59	1	0	-1	1	52	8	8	45
1	61	60	1	0	-1	1	60	0	0	0
1	61	inf	1	0	-1	1	60	0	0	0
2	61	0	1	0	-1	1	0	60	0	0
2	61	1	1	0	-1	1	60	60	1	1
2	61	2	0	4224	0	1	59	36	50	39
2	61	3	0	4544	2	0	47	1	58	52
2	61	4	0	4032	0	1	4	5	41	42
2	61	5	0	4032	0	1	25	13	57	41
2	61	6	0	3776	2	0	17	27	21	4
2	61	7	0	3776	2	0	6	25	8	56
2	61	8	0	3712	1	0	17	22	7	56
2	61	9	0	3456	0	1	15	9	41	3
2	61	10	0	3776	2	0	29	14	43	3
2	61	11	1	0	-1	1	32	41	37	41
2	61	12	0	4032	0	1	4	9	14	46
2	61	13	1	0	-1	1	56	57	52	5
2	61	14	1	0	-1	1	5	56	9	4
2	61	15	0	4032	0	1	47	36	9	13
2	61	16	0	4096	1	0	27	3	13	25
2	61	17	1	0	-1	1	51	0	0	0
2	61	18	1	0	-1	1	0	46	26	41
2	61	19	0	4096	1	0	20	14	39	9
2	61	20	0	4544	2	0	36	58	60	41
2	61	21	1	0	-1	1	59	3	59	19
2	61	22	0	4096	1	0	5	16	14	3
2	61	23	0	3712	1	0	2	57	31	42
2	61	24	0	3968	2	0	26	1	37	34
2	61	25	0	4096	1	0	25	4	22	1
2	61	26	0	3776	2	0	43	15	37	47
2	61	27	0	3456	0	1	39	20	9	60
2	61	28	0	3968	2	0	11	42	44	12
2	61	29	1	0	-1	1	59	19	59	3
2	61	30	0	4224	0	1	21	48	24	49
2	61	31	0	4224	0	1	24	19	21	41
2	61	32	1	0	-1	1	59	42	59	58
2	61	33	0	3968	2	0	44	20	11	58
2	61	34	0	3456	0	1	9	15	39	45
2	61	35	0	3776	2	0	37	4	43	41
2	61	36	0	4096	1	0	22	1	25	46
2	61	37	0	3968	2	0	37	57	26	47
2	61	38	0	3712	1	0	31	16	2	15
2	61	39	0	4096	1	0	14	3	5	12
2	61	40	1	0	-1	1	59	58	59	42
2	61	41	0	4544	2	0	60	14	36	12
2	61	42	0	4096	1	0	39	46	20	47
2	61	43	1	0	-1	1	26	0	0	0
2	61	44	1	0	-1	1	0	3	51	48
2	61	45	0	4096	1	0	13	36	27	56
2	61	46	0	4032	0	1	9	56	47	27
2	61	47	1	0	-1	1	9	57	5	52
2	61	48	1	0	-1	1	52	9	56	4
2	61	49	0	4032	0	1	14	41	4	13
2	61	50	1	0	-1	1	37	14	32	14
2	61	51	0	3776	2	0	43	9	29	15
2	61	52	0	3456	0	1	41	22	15	48
2	61	53	0	3712	1	0	7	25	17	47
2	61	54	0	3776	2	0	8	27	6	19
2	61	55	0	3776	2	0	21	13	17	20
2	61	56	0	4032	0	1	57	5	25	58
2	61	57	0	4032	0	1	41	1	4	45
2	61	58	0	4544	2	0	58	36	47	42
2	61	59	0	4224	0	1	50	60	59	4
2	61	60	1	0	-1	1	1	60	60	1
2	61	inf	1	0	-1	1	0	0	0	1
3	61	0	1	0	-1	1	0	60	0	0
3	61	1	1	0	-1	1	57	0	0	0
3	61	2	0	3072	0	1	43	3	49	2
3	61	3	0	3072	0	1	13	8	50	12
3	61	4	0	3072	0	1	22	15	4	36
3	61	5	0	4096	1	0	3	24	10	19
3	61	6	0	3584	2	0	11	35	21	28
3	61	7	0	4096	1	0	40	48	27	8
3	61	8	0	3584	2	0	23	2	55	26
3	61	9	0	4608	0	1	15	19	47	27
3	61	10	0	3584	2	0	10	38	43	17
3	61	11	1	0	-1	1	2	59	59	2
3	61	12	0	4096	1	0	46	21	26	49
3	61	13	0	4608	0	1	14	46	34	42
3	61	14	0	4608	0	1	22	12	27	48
3	61	15	0	3072	0	1	3	41	47	12
3	61	16	0	4096	1	0	12	11	51	1
3	61	17	0	4096	1	0	43	44	33	21
3	61	18	0	4096	1	0	29	18	24	17
3	61	19	0	4096	1	0	25	55	31	56
3	61	20	0	3072	0	1	25	33	37	22
3	61	21	0	4096	1	0	23	13	1	43
3	61	22	0	3072	0	1	13	56	41	3
3	61	23	0	3584	2	0	50	40	7	30
3	61	24	0	4096	1	0	6	26	30	8
3	61	25	0	3072	0	1	58	14	34	4
3	61	26	0	4096	1	0	17	4	41	24
3	61	27	0	4608	0	1	60	57	49	13
3	61	28	0	4096	1	0	59	51	32	38
3	61	29	0	4096	1	0	8	47	1	44
3	61	30	0	3072	0	1	23	45	4	37
3	61	31	0	3072	0	1	37	45	4	23
3	61	32	0	4096	1	0	44	47	1	8
3	61	33	0	4096	1	0	38	51	32	59
3	61	34	0	4608	0	1	13	57	49	60
3	61	35	0	4096	1	0	24	4	41	17
3	61	36	0	3072	0	1	4	14	34	58
3	61	37	0	4096	1	0	8	26	30	6
3	61	38	0	3584	2	0	30	40	7	50
3	61	39	0	3072	0	1	3	56	41	13
3	61	40	0	4096	1	0	43	13	1	23
3	61	41	0	3072	0	1	22	33	37	25
3	61	42	0	4096	1	0	56	55	31	25
3	61	43	0	4096	1	0	17	18	24	29
3	61	44	0	4096	1	0	21	44	33	43
3	61	45	0	4096	1	0	1	11	51	12
3	61	46	0	3072	0	1	12	41	47	3
3	61	47	0	4608	0	1	48	12	27	22
3	61	48	0	4608	0	1	42	46	34	14
3	61	49	0	4096	1	0	49	21	26	46
3	61	50	1	0	-1	1	2	59	59	2
3	61	51	0	3584	2	0	17	38	43	10
3	61	52	0	4608	0	1	27	19	47	15
3	61	53	0	3584	2	0	26	2	55	23
3	61	54	0	4096	1	0	8	48	27	40
3	61	55	0	3584	2	0	28	35	21	11
3	61	56	0	4096	1	0	19	24	10	3
3	61	57	0	3072	0	1	36	15	4	22
3	61	58	0	3072	0	1	12	8	50	13
3	61	59	0	3072	0	1	2	3	49	43
3	61	60	1	0	-1	1	0	0	0	57
3	61	inf	1	0	-1	1	0	0	60	0
1	67	0	1	0	-1	1	66	0	0	0
1	67	1	1	0	-1	1	58	51	8	8
1	67	2	0	4032	0	1	18	62	24	48
1	67	3	0	5120	2	0	32	9	48	10
1	67	4	0	3776	2	0	28	2	13	52
1	67	5	0	4480	1	0	44	17	53	64
1	67	6	0	6400	1	0	27	30	34	3
1	67	7	0	4800	0	1	34	17	23	27
1	67	8	0	4288	1	0	31	21	20	26
1	67	9	0	4800	0	1	27	18	25	24
1	67	10	0	6400	1	0	7	51	38	45
1	67	11	0	4480	1	0	66	29	59	46
1	67	12	0	3584	2	0	7	62	21	51
1	67	13	0	5056	1	0	11	59	58	17
1	67	14	0	4288	1	0	34	63	36	35
1	67	15	0	4800	0	1	8	50	22	62
1	67	16	0	5120	2	0	42	63	16	55
1	67	17	0	3776	2	0	20	11	18	38
1	67	18	0	4800	0	1	3	4	28	35
1	67	19	0	6400	1	0	28	18	46	3
1	67	20	0	4800	0	1	41	29	5	33
1	67	21	0	5120	2	0	31	13	39	15
1	67	22	0	4032	0	1	30	13	14	40
1	67	23	0	5056	1	0	46	5	64	65
1	67	24	0	4288	1	0	63	32	55	47
1	67	25	0	4800	0	1	41	3	54	10
1	67	26	0	3776	2	0	50	28	61	45
1	67	27	0	4480	1	0	2	16	9	42
1	67	28	0	3584	2	0	53	10	32	25
1	67	29	1	0	-1	1	0	53	63	18
1	67	30	0	3584	2	0	18	54	35	45
1	67	31	0	5056	1	0	57	56	15	63
1	67	32	0	4032	0	1	43	35	3	29
1	67	33	1	0	-1	1	12	34	66	34
1	67	34	0	4032	0	1	43	29	3	35
1	67	35	0	5056	1	0	57	63	15	56
1	67	36	0	3584	2	0	18	45	35	54
1	67	37	1	0	-1	1	0	18	63	53
1	67	38	0	3584	2	0	53	25	32	10
1	67	39	0	4480	1	0	2	42	9	16
1	67	40	0	3776	2	0	50	45	61	28
1	67	41	0	4800	0	1	41	10	54	3
1	67	42	0	4288	1	0	63	47	55	32
1	67	43	0	5056	1	0	46	65	64	5
1	67	44	0	4032	0	1	30	40	14	13
1	67	45	0	5120	2	0	31	15	39	13
1	67	46	0	4800	0	1	41	33	5	29
1	67	47	0	6400	1	0	28	3	46	18
1	67	48	0	4800	0	1	3	35	28	4
1	67	49	0	3776	2	0	20	38	18	11
1	67	50	0	5120	2	0	42	55	16	63
1	67	51	0	4800	0	1	8	62	22	50
1	67	52	0	4288	1	0	34	35	36	63
1	67	53	0	5056	1	0	11	17	58	59
1	67	54	0	3584	2	0	7	51	21	62
1	67	55	0	4480	1	0	66	46	59	29
1	67	56	0	6400	1	0	7	45	38	51
1	67	57	0	4800	0	1	27	24	25	18
1	67	58	0	4288	1	0	31	26	20	21
1	67	59	0	4800	0	1	34	27	23	17
1	67	60	0	6400	1	0	27	3	34	30
1	67	61	0	4480	1	0	44	64	53	17
1	67	62	0	3776	2	0	28	52	13	2
1	67	63	0	5120	2	0	32	10	48	9
1	67	64	0	4032	0	1	18	48	24	62
1	67	65	1	0	-1	1	58	8	8	51
1	67	66	1	0	-1	1	66	0	0	0
1	67	inf	1	0	-1	1	66	0	0	0
2	67	0	1	0	-1	1	0	66	0	0
2	67	1	1	0	-1	1	66	66	1	1
2	67	2	0	4416	0	1	65	42	50	33
2	67	3	0	3968	2	0	59	13	28	17
2	67	4	0	4416	0	1	52	41	37	14
2	67	5	0	4480	1	0	4	30	51	54
2	67	6	0	3968	2	0	46	61	36	15
2	67	7	0	4544	2	0	25	57	3	21
2	67	8	0	4288	1	0	54	51	61	19
2	67	9	0	4800	0	1	57	52	1	9
2	67	10	0	3776	2	0	51	45	19	56
2	67	11	0	3968	2	0	26	58	32	17
2	67	12	0	4416	0	1	26	28	66	55
2	67	13	0	5056	1	0	29	2	41	64
2	67	14	0	4032	0	1	28	3	25	15
2	67	15	0	4800	0	1	45	30	19	17
2	67	16	0	4480	1	0	11	58	10	26
2	67	17	0	4416	0	1	48	38	24	6
2	67	18	0	4864	1	0	14	31	45	6
2	67	19	0	4544	2	0	53	7	1	19
2	67	20	0	3776	2	0	6	46	18	25
2	67	21	0	4480	1	0	28	3	4	17
2	67	22	0	3968	2	0	66	44	37	10
2	67	23	0	5056	1	0	7	43	16	33
2	67	24	0	4032	0	1	27	51	49	37
2	67	25	0	4288	1	0	2	28	37	54
2	67	26	0	4864	1	0	58	44	62	4
2	67	27	0	4480	1	0	49	11	38	21
2	67	28	0	4416	0	1	40	18	32	25
2	67	29	1	0	-1	1	53	63	49	14
2	67	30	1	0	-1	1	14	53	18	4
2	67	31	0	5056	1	0	35	5	46	19
2	67	32	0	5056	1	0	26	46	2	64
2	67	33	0	4416	0	1	44	11	39	14
2	67	34	0	4416	0	1	39	46	44	22
2	67	35	0	5056	1	0	2	5	26	39
2	67	36	0	5056	1	0	46	53	35	54
2	67	37	1	0	-1	1	18	63	14	49
2	67	38	1	0	-1	1	49	18	53	4
2	67	39	0	4416	0	1	32	11	40	19
2	67	40	0	4480	1	0	38	44	49	17
2	67	41	0	4864	1	0	62	28	58	33
2	67	42	0	4288	1	0	37	51	2	17
2	67	43	0	4032	0	1	49	43	27	22
2	67	44	0	5056	1	0	16	44	7	40
2	67	45	0	3968	2	0	37	3	66	22
2	67	46	0	4480	1	0	4	46	28	15
2	67	47	0	3776	2	0	18	7	6	14
2	67	48	0	4544	2	0	1	31	53	65
2	67	49	0	4864	1	0	45	38	14	16
2	67	50	0	4416	0	1	24	58	48	55
2	67	51	0	4480	1	0	10	30	11	25
2	67	52	0	4800	0	1	19	3	45	62
2	67	53	0	4032	0	1	25	2	28	10
2	67	54	0	5056	1	0	41	28	29	25
2	67	55	0	4416	0	1	66	58	26	23
2	67	56	0	3968	2	0	32	45	26	49
2	67	57	0	3776	2	0	19	52	51	26
2	67	58	0	4800	0	1	1	51	57	23
2	67	59	0	4288	1	0	61	57	54	37
2	67	60	0	4544	2	0	3	61	25	26
2	67	61	0	3968	2	0	36	30	46	59
2	67	62	0	4480	1	0	51	41	4	47
2	67	63	0	4416	0	1	37	13	52	60
2	67	64	0	3968	2	0	28	42	59	24
2	67	65	0	4416	0	1	50	66	65	4
2	67	66	1	0	-1	1	1	66	66	1
2	67	inf	1	0	-1	1	0	0	0	1
3	67	0	1	0	-1	1	0	66	0	0
3	67	1	1	0	-1	1	63	0	0	0
3	67	2	0	5120	2	0	49	3	55	2
3	67	3	0	5120	2	0	19	8	62	12
3	67	4	0	4608	0	1	34	15	28	36
3	67	5	0	3584	2	0	21	24	3	13
3	67	6	0	4096	1	0	41	35	13	16
3	67	7	0	4096	1	0	21	48	60	51
3	67	8	0	3584	2	0	22	63	55	57
3	67	9	0	5120	2	0	38	13	19	40
3	67	10	0	6400	1	0	63	32	16	6
3	67	11	0	4096	1	0	24	53	19	28
3	67	12	0	4096	1	0	49	9	44	45
3	67	13	0	6400	1	0	65	34	16	63
3	67	14	0	4608	0	1	66	61	37	21
3	67	15	0	5120	2	0	46	23	51	59
3	67	16	0	4096	1	0	66	54	45	49
3	67	17	0	4608	0	1	53	20	49	64
3	67	18	0	5120	2	0	1	55	2	43
3	67	19	0	4096	1	0	38	25	20	59
3	67	20	0	6400	1	0	24	64	61	51
3	67	21	0	4096	1	0	20	38	59	25
3	67	22	0	5120	2	0	20	14	58	54
3	67	23	0	3584	2	0	18	59	11	10
3	67	24	0	4608	0	1	8	39	48	33
3	67	25	0	3584	2	0	51	21	7	62
3	67	26	0	5120	2	0	7	5	37	36
3	67	27	0	3584	2	0	4	58	62	28
3	67	28	0	4096	1	0	36	46	49	44
3	67	29	0	3584	2	0	30	36	8	23
3	67	30	0	3584	2	0	47	28	59	38
3	67	31	0	6400	1	0	14	22	30	28
3	67	32	0	3584	2	0	59	18	60	66
3	67	33	0	5120	2	0	42	16	63	24
3	67	34	0	5120	2	0	24	16	63	42
3	67	35	0	3584	2	0	66	18	60	59
3	67	36	0	6400	1	0	28	22	30	14
3	67	37	0	3584	2	0	38	28	59	47
3	67	38	0	3584	2	0	23	36	8	30
3	67	39	0	4096	1	0	44	46	49	36
3	67	40	0	3584	2	0	28	58	62	4
3	67	41	0	5120	2	0	36	5	37	7
3	67	42	0	3584	2	0	62	21	7	51
3	67	43	0	4608	0	1	33	39	48	8
3	67	44	0	3584	2	0	10	59	11	18
3	67	45	0	5120	2	0	54	14	58	20
3	67	46	0	4096	1	0	25	38	59	20
3	67	47	0	6400	1	0	51	64	61	24
3	67	48	0	4096	1	0	59	25	20	38
3	67	49	0	5120	2	0	43	55	2	1
3	67	50	0	4608	0	1	64	20	49	53
3	67	51	0	4096	1	0	49	54	45	66
3	67	52	0	5120	2	0	59	23	51	46
3	67	53	0	4608	0	1	21	61	37	66
3	67	54	0	6400	1	0	63	34	16	65
3	67	55	0	4096	1	0	45	9	44	49
3	67	56	0	4096	1	0	28	53	19	24
3	67	57	0	6400	1	0	6	32	16	63
3	67	58	0	5120	2	0	40	13	19	38
3	67	59	0	3584	2	0	57	63	55	22
3	67	60	0	4096	1	0	51	48	60	21
3	67	61	0	4096	1	0	16	35	13	41
3	67	62	0	3584	2	0	13	24	3	21
3	67	63	0	4608	0	1	36	15	28	34
3	67	64	0	5120	2	0	12	8	62	19
3	67	65	0	5120	2	0	2	3	55	49
3	67	66	1	0	-1	1	0	0	0	63
3	67	inf	1	0	-1	1	0	0	66	0
1	71	0	1	0	-1	1	70	0	0	0
1	71	1	1	0	-1	1	62	55	8	8
1	71	2	0	4288	1	0	22	70	24	48
1	71	3	0	4096	1	0	44	21	48	2
1	71	4	0	4480	1	0	56	26	9	36
1	71	5	0	5376	0	1	33	61	49	32
1	71	6	0	6336	0	1	68	31	26	14
1	71	7	1	0	-1	1	17	54	11	6
1	71	8	1	0	-1	1	67	35	4	32
1	71	9	1	0	-1	1	26	21	5	45
1	71	10	0	6336	0	1	33	59	14	69
1	71	11	0	5376	0	1	61	54	31	57
1	71	12	0	6336	0	1	59	53	56	33
1	71	13	0	5376	0	1	23	32	18	21
1	71	14	0	4480	1	0	67	38	59	45
1	71	15	0	5376	0	1	68	47	37	58
1	71	16	0	4544	2	0	21	35	23	13
1	71	17	0	4096	1	0	39	49	17	5
1	71	18	0	4480	1	0	69	65	19	58
1	71	19	0	5376	0	1	34	59	29	54
1	71	20	0	5440	1	0	46	7	47	17
1	71	21	0	4096	1	0	51	27	2	42
1	71	22	0	6336	0	1	42	24	36	11
1	71	23	0	4288	1	0	59	45	7	19
1	71	24	0	4096	1	0	47	66	57	19
1	71	25	0	4544	2	0	69	63	44	35
1	71	26	0	4096	1	0	22	12	39	20
1	71	27	0	5440	1	0	63	31	42	69
1	71	28	0	6336	0	1	41	25	53	64
1	71	29	0	4096	1	0	65	41	1	29
1	71	30	0	4544	2	0	7	55	28	59
1	71	31	0	5376	0	1	70	43	63	36
1	71	32	0	5440	1	0	7	52	35	55
1	71	33	0	6336	0	1	44	58	15	69
1	71	34	0	4288	1	0	28	37	3	31
1	71	35	1	0	-1	1	66	36	70	36
1	71	36	0	4288	1	0	28	31	3	37
1	71	37	0	6336	0	1	44	69	15	58
1	71	38	0	5440	1	0	7	55	35	52
1	71	39	0	5376	0	1	70	36	63	43
1	71	40	0	4544	2	0	7	59	28	55
1	71	41	0	4096	1	0	65	29	1	41
1	71	42	0	6336	0	1	41	64	53	25
1	71	43	0	5440	1	0	63	69	42	31
1	71	44	0	4096	1	0	22	20	39	12
1	71	45	0	4544	2	0	69	35	44	63
1	71	46	0	4096	1	0	47	19	57	66
1	71	47	0	4288	1	0	59	19	7	45
1	71	48	0	6336	0	1	42	11	36	24
1	71	49	0	4096	1	0	51	42	2	27
1	71	50	0	5440	1	0	46	17	47	7
1	71	51	0	5376	0	1	34	54	29	59
1	71	52	0	4480	1	0	69	58	19	65
1	71	53	0	4096	1	0	39	5	17	49
1	71	54	0	4544	2	0	21	13	23	35
1	71	55	0	5376	0	1	68	58	37	47
1	71	56	0	4480	1	0	67	45	59	38
1	71	57	0	5376	0	1	23	21	18	32
1	71	58	0	6336	0	1	59	33	56	53
1	71	59	0	5376	0	1	61	57	31	54
1	71	60	0	6336	0	1	33	69	14	59
1	71	61	1	0	-1	1	26	45	5	21
1	71	62	1	0	-1	1	67	32	4	35
1	71	63	1	0	-1	1	17	6	11	54
1	71	64	0	6336	0	1	68	14	26	31
1	71	65	0	5376	0	1	33	32	49	61
1	71	66	0	4480	1	0	56	36	9	26
1	71	67	0	4096	1	0	44	2	48	21
1	71	68	0	4288	1	0	22	48	24	70
1	71	69	1	0	-1	1	62	8	8	55
1	71	70	1	0	-1	1	70	0	0	0
1	71	inf	1	0	-1	1	70	0	0	0
2	71	0	1	0	-1	1	0	70	0	0
2	71	1	1	0	-1	1	70	70	1	1
2	71	2	0	4992	0	1	69	46	50	29
2	71	3	0	5312	2	0	67	21	8	24
2	71	4	0	4992	0	1	13	65	24	25
2	71	5	0	4544	2	0	41	11	16	9
2	71	6	0	4032	0	1	66	23	4	24
2	71	7	0	5120	2	0	19	28	17	48
2	71	8	1	0	-1	1	11	0	0	0
2	71	9	1	0	-1	1	0	31	5	45
2	71	10	0	5120	2	0	26	47	27	57
2	71	11	0	5696	2	0	20	21	53	15
2	71	12	0	4032	0	1	39	44	40	54
2	71	13	0	5696	2	0	4	41	35	29
2	71	14	0	4544	2	0	6	55	11	12
2	71	15	0	4992	0	1	44	34	58	18
2	71	16	0	5696	2	0	47	44	6	25
2	71	17	0	4736	2	0	38	56	42	4
2	71	18	0	4992	0	1	14	17	49	30
2	71	19	0	4992	0	1	39	63	10	48
2	71	20	0	5632	1	0	53	22	57	4
2	71	21	0	4544	2	0	36	53	23	57
2	71	22	0	6336	0	1	30	7	59	20
2	71	23	0	5696	2	0	19	66	44	18
2	71	24	0	5312	2	0	22	33	60	20
2	71	25	0	4736	2	0	44	42	15	20
2	71	26	0	6400	1	0	27	61	47	15
2	71	27	0	4544	2	0	14	34	5	64
2	71	28	0	5632	1	0	29	23	66	2
2	71	29	0	6336	0	1	28	66	3	16
2	71	30	0	6400	1	0	63	35	15	24
2	71	31	0	5696	2	0	20	62	66	58
2	71	32	0	5632	1	0	67	42	5	18
2	71	33	0	5632	1	0	37	59	41	4
2	71	34	0	5696	2	0	18	31	11	19
2	71	35	0	4992	0	1	20	65	68	37
2	71	36	0	4992	0	1	68	31	20	10
2	71	37	0	5696	2	0	11	59	18	27
2	71	38	0	5632	1	0	41	42	37	57
2	71	39	0	5632	1	0	5	62	67	57
2	71	40	0	5696	2	0	66	35	20	19
2	71	41	0	6400	1	0	15	66	63	27
2	71	42	0	6336	0	1	3	23	28	40
2	71	43	0	5632	1	0	66	34	29	40
2	71	44	0	4544	2	0	5	61	14	48
2	71	45	0	6400	1	0	47	42	27	8
2	71	46	0	4736	2	0	15	33	44	36
2	71	47	0	5312	2	0	60	66	22	40
2	71	48	0	5696	2	0	44	7	19	60
2	71	49	0	6336	0	1	59	53	30	50
2	71	50	0	4544	2	0	23	22	36	25
2	71	51	0	5632	1	0	57	63	53	5
2	71	52	0	4992	0	1	10	17	39	40
2	71	53	0	4992	0	1	49	56	14	32
2	71	54	0	4736	2	0	42	44	38	64
2	71	55	0	5696	2	0	6	34	47	29
2	71	56	0	4992	0	1	58	55	44	50
2	71	57	0	4544	2	0	11	41	6	58
2	71	58	0	5696	2	0	35	44	4	19
2	71	59	0	4032	0	1	40	21	39	29
2	71	60	0	5696	2	0	53	47	20	64
2	71	61	0	5120	2	0	27	31	26	24
2	71	62	1	0	-1	1	5	0	0	0
2	71	63	1	0	-1	1	0	28	11	54
2	71	64	0	5120	2	0	17	23	19	9
2	71	65	0	4032	0	1	4	11	66	30
2	71	66	0	4544	2	0	16	65	41	8
2	71	67	0	4992	0	1	24	21	13	19
2	71	68	0	5312	2	0	8	46	67	12
2	71	69	0	4992	0	1	50	70	69	4
2	71	70	1	0	-1	1	1	70	70	1
2	71	inf	1	0	-1	1	0	0	0	1
3	71	0	1	0	-1	1	0	70	0	0
3	71	1	1	0	-1	1	67	0	0	0
3	71	2	0	5760	0	1	53	3	59	2
3	71	3	0	5760	0	1	23	8	70	12
3	71	4	0	4608	0	1	42	15	44	36
3	71	5	0	3584	2	0	33	24	39	9
3	71	6	0	5120	2	0	61	35	18	8
3	71	7	0	5760	0	1	49	48	62	39
3	71	8	0	5120	2	0	62	63	15	37
3	71	9	0	5120	2	0	23	9	52	8
3	71	10	0	5760	0	1	68	28	40	29
3	71	11	1	0	-1	1	49	49	35	35
3	71	12	0	5120	2	0	31	1	69	32
3	71	13	1	0	-1	1	8	26	8	26
3	71	14	0	3584	2	0	45	53	49	23
3	71	15	0	5120	2	0	65	11	10	29
3	71	16	0	4608	0	1	62	42	40	50
3	71	17	0	5760	0	1	30	4	51	21
3	71	18	0	4608	0	1	34	39	2	19
3	71	19	0	5120	2	0	68	5	41	50
3	71	20	0	4608	0	1	55	44	8	49
3	71	21	0	5120	2	0	60	14	3	22
3	71	22	0	4608	0	1	6	57	31	46
3	71	23	0	3584	2	0	29	31	2	56
3	71	24	0	5760	0	1	52	7	15	58
3	71	25	0	5760	0	1	69	56	3	58
3	71	26	0	7040	2	0	3	36	17	62
3	71	27	0	5120	2	0	61	18	13	5
3	71	28	0	7040	2	0	24	2	65	35
3	71	29	0	4608	0	1	28	59	10	16
3	71	30	0	7040	2	0	67	47	16	25
3	71	31	0	4608	0	1	64	37	14	68
3	71	32	0	4608	0	1	13	29	53	9
3	71	33	0	7040	2	0	50	23	16	67
3	71	34	0	3584	2	0	27	19	46	35
3	71	35	0	5760	0	1	9	17	49	61
3	71	36	0	5760	0	1	61	17	49	9
3	71	37	0	3584	2	0	35	19	46	27
3	71	38	0	7040	2	0	67	23	16	50
3	71	39	0	4608	0	1	9	29	53	13
3	71	40	0	4608	0	1	68	37	14	64
3	71	41	0	7040	2	0	25	47	16	67
3	71	42	0	4608	0	1	16	59	10	28
3	71	43	0	7040	2	0	35	2	65	24
3	71	44	0	5120	2	0	5	18	13	61
3	71	45	0	7040	2	0	62	36	17	3
3	71	46	0	5760	0	1	58	56	3	69
3	71	47	0	5760	0	1	58	7	15	52
3	71	48	0	3584	2	0	56	31	2	29
3	71	49	0	4608	0	1	46	57	31	6
3	71	50	0	5120	2	0	22	14	3	60
3	71	51	0	4608	0	1	49	44	8	55
3	71	52	0	5120	2	0	50	5	41	68
3	71	53	0	4608	0	1	19	39	2	34
3	71	54	0	5760	0	1	21	4	51	30
3	71	55	0	4608	0	1	50	42	40	62
3	71	56	0	5120	2	0	29	11	10	65
3	71	57	0	3584	2	0	23	53	49	45
3	71	58	1	0	-1	1	26	26	8	8
3	71	59	0	5120	2	0	32	1	69	31
3	71	60	1	0	-1	1	35	49	35	49
3	71	61	0	5760	0	1	29	28	40	68
3	71	62	0	5120	2	0	8	9	52	23
3	71	63	0	5120	2	0	37	63	15	62
3	71	64	0	5760	0	1	39	48	62	49
3	71	65	0	5120	2	0	8	35	18	61
3	71	66	0	3584	2	0	9	24	39	33
3	71	67	0	4608	0	1	36	15	44	42
3	71	68	0	5760	0	1	12	8	70	23
3	71	69	0	5760	0	1	2	3	59	53
3	71	70	1	0	-1	1	0	0	0	67
3	71	inf	1	0	-1	1	0	0	70	0
