m	n	torsion_coset	t_valuation	t_mod13	t_mod13_5	chart	deep_p5
-8640	-7608	1	0	1	115896	finite	0
4464	-7608	1	0	1	102714	finite	0
3528	-3864	1	0	1	258233	finite	0
2592	6432	1	0	1	354121	finite	0
-3600	6504	1	0	1	143781	finite	0
2952	-4416	1	0	1	51507	finite	0
9504	-6600	1	0	1	273404	finite	0
144	2760	1	0	1	156391	finite	0
6696	-5976	1	0	1	327757	finite	0
-4536	-5040	1	0	1	295075	finite	0
1080	3072	1	0	1	127830	finite	0
7632	-1296	1	0	1	299196	finite	0
-1080	-7440	1	0	1	338976	finite	0
9216	-6816	1	0	1	290408	finite	0
-8568	672	1	0	1	113569	finite	0
4536	672	1	0	1	317890	finite	0
-9504	6600	1	0	1	61920	finite	0
-2952	-6504	1	0	1	290408	finite	0
2448	-6936	1	0	1	84969	finite	0
9000	-4752	1	0	1	164061	finite	0
-360	-8496	1	0	1	75102	finite	0
-5040	-9744	1	0	1	220208	finite	0
-5040	-1008	1	0	1	363013	finite	0
-5976	2736	1	0	1	160785	finite	0
-2088	-7104	1	0	1	291656	finite	0
3528	-7728	1	0	1	273612	finite	0
-3960	384	1	0	1	325560	finite	0
2592	-1800	1	0	1	11389	finite	0
-1584	-7272	1	0	1	53873	finite	0
-3456	2400	1	0	1	261847	finite	0
-9144	3984	1	0	1	116403	finite	0
-2592	1800	1	0	1	195495	finite	0
6984	-6264	1	0	1	344046	finite	0
-8928	-3456	1	0	1	158588	finite	0
-7056	-336	1	0	1	368928	finite	0
6048	4032	1	0	1	59151	finite	0
8496	-1896	1	0	1	199720	finite	0
-864	3096	1	0	1	171770	finite	0
-5544	-4704	1	0	1	351859	finite	0
1008	-9072	1	0	1	354056	finite	0
72	-5328	1	0	1	171770	finite	0
936	-2064	1	0	1	42550	finite	0
-8424	-5808	1	0	1	70708	finite	0
-6552	6048	1	0	1	353718	finite	0
0	8232	1	0	1	70305	finite	0
5616	7608	1	0	1	127830	finite	0
-6624	-7776	1	0	1	28185	finite	0
-9432	-2784	1	0	1	167376	finite	0
-7560	9072	1	0	1	318228	finite	0
-8496	-2472	1	0	1	224498	finite	0
-1944	-6840	1	0	1	253059	finite	0
-4104	6672	1	0	1	45423	finite	0
-6912	7296	1	0	1	217907	finite	0
-5040	-4872	1	0	1	264148	finite	0
1512	-9240	1	0	1	323467	finite	0
7128	-1128	1	0	1	189346	finite	0
-1368	576	1	0	1	360712	finite	0
5184	2760	1	0	1	275029	finite	0
-6048	-9408	1	0	1	342902	finite	0
6120	-5664	1	0	1	103663	finite	0
-9648	1464	1	0	1	360777	finite	0
-3096	3648	1	0	1	297064	finite	0
3456	5832	1	0	1	233351	finite	0
7200	2088	1	0	1	44344	finite	0
9072	5208	1	0	1	290850	finite	0
8136	-4152	1	0	1	187149	finite	0
-1584	-3408	1	0	1	157132	finite	0
8712	-2784	1	0	1	4798	finite	0
-2520	336	1	0	1	133173	finite	0
-7416	4776	1	0	1	171770	finite	0
1008	-5208	1	0	1	110189	finite	0
72	-1464	1	0	1	171770	finite	0
-8424	-9672	1	0	1	356318	finite	0
-6552	2184	1	0	1	169170	finite	0
0	0	1	0	1	1	finite	0
-7488	-7176	1	0	1	13586	finite	0
-9144	7848	1	0	1	333906	finite	0
9576	-8064	1	0	1	187760	finite	0
-4464	-2136	1	0	1	310181	finite	0
2088	48	1	0	1	281620	finite	0
8640	2232	1	0	1	253059	finite	0
-3096	-216	1	0	1	22439	finite	0
3456	-2400	1	0	1	358580	finite	0
-5904	6960	1	0	1	215710	finite	0
648	-1776	1	0	1	101466	finite	0
-4032	-9576	1	0	1	44786	finite	0
1584	2904	1	0	1	244271	finite	0
8136	-8016	1	0	1	130027	finite	0
-2880	-7656	1	0	1	367303	finite	0
-2880	5448	1	0	1	367303	finite	0
-1008	-4536	1	0	1	305046	finite	0
5544	-2352	1	0	1	278682	finite	0
-8496	-7344	1	0	1	24571	finite	0
-8496	1392	1	0	1	24571	finite	0
3168	-2616	1	0	1	97072	finite	0
5040	504	1	0	1	346620	finite	0
-9000	-2304	1	0	1	97072	finite	0
-2448	-6672	1	0	1	39950	finite	0
-7632	-7944	1	0	1	191777	finite	0
-7632	792	1	0	1	134655	finite	0
2664	1416	1	0	1	318969	finite	0
9216	-2952	1	0	1	176164	finite	0
-9504	-7008	1	0	1	318969	finite	0
-8928	5784	1	0	1	215710	finite	0
-7056	8904	1	0	1	184380	finite	0
-504	-2016	1	0	1	186577	finite	0
6048	-4200	1	0	1	331579	finite	0
-7992	-2640	1	0	1	72905	finite	0
-5112	-1728	1	0	1	189242	finite	0
7992	-1728	1	0	1	290304	finite	0
-7920	-7656	1	0	1	217907	finite	0
-6048	4200	1	0	1	101232	finite	0
504	-8904	1	0	1	274795	finite	0
6120	-9528	1	0	1	246468	finite	0
-3600	-2736	1	0	1	189918	finite	0
9504	1632	1	0	1	205297	finite	0
-6408	-4296	1	0	1	270635	finite	0
-3384	5616	1	0	1	182755	finite	0
3168	1248	1	0	1	125633	finite	0
-2448	-2808	1	0	1	68511	finite	0
5135	-9357	1	0	1	242074	finite	0
-9841	-621	1	0	1	49141	finite	0
1079	-7173	1	0	1	295205	finite	0
1079	1563	1	0	1	238083	finite	0
-4537	-6549	1	0	1	345580	finite	0
-4537	2187	1	0	1	2848	finite	0
-9985	3747	1	0	1	261847	finite	0
935	-2805	1	0	1	147603	finite	0
9671	-2805	1	0	1	204725	finite	0
5615	8115	1	0	1	292839	finite	0
7799	-7173	1	0	1	33593	finite	0
-1	3	1	Infinity	-1	-1	infinity	0
599	-8517	1	0	1	184952	finite	0
599	219	1	0	1	184952	finite	0
-3457	2403	1	0	1	104235	finite	0
-5473	3075	1	0	1	20580	finite	0
-2353	3699	1	0	1	358762	finite	0
71	-6837	1	0	1	63337	finite	0
3191	2523	1	0	1	364846	finite	0
-2017	675	1	0	1	253475	finite	0
-2017	9411	1	0	1	282036	finite	0
6719	9411	1	0	1	57942	finite	0
4607	-285	1	0	1	188397	finite	0
7727	9075	1	0	1	97995	finite	0
8063	-2685	1	0	1	229984	finite	0
6143	-957	1	0	1	171770	finite	0
-7129	555	1	0	1	338742	finite	0
-265	4923	1	0	1	63675	finite	0
4463	4755	1	0	1	189346	finite	0
-6985	-5157	1	0	1	257180	finite	0
-6985	3579	1	0	1	200058	finite	0
-73	6939	1	0	1	296999	finite	0
-2593	7107	1	0	1	171770	finite	0
-3529	-7557	1	0	1	91235	finite	0
-3529	1179	1	0	1	119796	finite	0
-3937	-6333	1	0	1	33359	finite	0
-7993	-4149	1	0	1	16524	finite	0
-7993	4587	1	0	1	330695	finite	0
6047	7395	1	0	1	301471	finite	0
8807	-7509	1	0	1	116065	finite	0
-9649	-7341	1	0	1	360712	finite	0
3455	5763	1	0	1	189346	finite	0
-8401	6387	1	0	1	4200	finite	0
2519	-165	1	0	1	109656	finite	0
-5617	8787	1	0	1	318969	finite	0
-3433	-6501	1	0	1	147603	finite	0
-937	2235	1	0	1	323597	finite	0
2183	2859	1	0	1	256686	finite	0
6647	-1125	1	0	1	275029	finite	0
2591	9795	1	0	1	52014	finite	0
3527	-9237	1	0	1	252968	finite	0
-1273	5259	1	0	1	297571	finite	0
-2929	-6669	1	0	1	354121	finite	0
-4969	-5829	1	0	1	321062	finite	0
9071	5715	1	0	1	267840	finite	0
-6385	-3021	1	0	1	53548	finite	0
4535	-9573	1	0	1	216126	finite	0
4535	-837	1	0	1	244687	finite	0
-6121	-453	1	0	1	261847	finite	0
-5809	6099	1	0	1	218648	finite	0
1607	-117	1	0	1	195937	finite	0
-1513	-8229	1	0	1	274600	finite	0
