prime	torsion_coset	m	n	ord_g1	ord_g2	state	t
37	1	0	0	24	24	3	inf
37	1	0	1	24	24	3	33
37	1	0	2	24	24	2	20
37	1	0	6	24	24	2	12
37	1	0	7	24	24	3	0
37	1	0	8	24	24	2	25
37	1	0	12	24	24	2	17
37	1	0	13	24	24	3	4
37	1	0	14	24	24	2	17
37	1	0	18	24	24	2	25
37	1	0	19	24	24	3	0
37	1	0	20	24	24	2	12
37	1	0	22	24	24	3	inf
37	1	1	0	24	24	3	27
37	1	1	1	24	24	2	36
37	1	1	2	24	24	3	5
37	1	1	3	24	24	2	36
37	1	1	4	24	24	3	27
37	1	1	8	24	24	3	inf
37	1	1	12	24	24	3	10
37	1	1	13	24	24	2	1
37	1	1	14	24	24	3	32
37	1	1	15	24	24	2	1
37	1	1	16	24	24	3	10
37	1	1	20	24	24	3	inf
37	1	2	0	24	24	3	inf
37	1	2	2	24	24	3	inf
37	1	2	3	24	24	3	33
37	1	2	4	24	24	2	20
37	1	2	8	24	24	2	12
37	1	2	9	24	24	3	0
37	1	2	10	24	24	2	25
37	1	2	14	24	24	2	17
37	1	2	15	24	24	3	4
37	1	2	16	24	24	2	17
37	1	2	20	24	24	2	25
37	1	2	21	24	24	3	0
37	1	2	22	24	24	2	12
37	1	3	2	24	24	3	27
37	1	3	3	24	24	2	36
37	1	3	4	24	24	3	5
37	1	3	5	24	24	2	36
37	1	3	6	24	24	3	27
37	1	3	10	24	24	3	inf
37	1	3	14	24	24	3	10
37	1	3	15	24	24	2	1
37	1	3	16	24	24	3	32
37	1	3	17	24	24	2	1
37	1	3	18	24	24	3	10
37	1	3	22	24	24	3	inf
37	1	4	0	24	24	2	12
37	1	4	2	24	24	3	inf
37	1	4	4	24	24	3	inf
37	1	4	5	24	24	3	33
37	1	4	6	24	24	2	20
37	1	4	10	24	24	2	12
37	1	4	11	24	24	3	0
37	1	4	12	24	24	2	25
37	1	4	16	24	24	2	17
37	1	4	17	24	24	3	4
37	1	4	18	24	24	2	17
37	1	4	22	24	24	2	25
37	1	4	23	24	24	3	0
37	1	5	0	24	24	3	inf
37	1	5	4	24	24	3	27
37	1	5	5	24	24	2	36
37	1	5	6	24	24	3	5
37	1	5	7	24	24	2	36
37	1	5	8	24	24	3	27
37	1	5	12	24	24	3	inf
37	1	5	16	24	24	3	10
37	1	5	17	24	24	2	1
37	1	5	18	24	24	3	32
37	1	5	19	24	24	2	1
37	1	5	20	24	24	3	10
37	1	6	0	24	24	2	25
37	1	6	1	24	24	3	0
37	1	6	2	24	24	2	12
37	1	6	4	24	24	3	inf
37	1	6	6	24	24	3	inf
37	1	6	7	24	24	3	33
37	1	6	8	24	24	2	20
37	1	6	12	24	24	2	12
37	1	6	13	24	24	3	0
37	1	6	14	24	24	2	25
37	1	6	18	24	24	2	17
37	1	6	19	24	24	3	4
37	1	6	20	24	24	2	17
37	1	7	2	24	24	3	inf
37	1	7	6	24	24	3	27
37	1	7	7	24	24	2	36
37	1	7	8	24	24	3	5
37	1	7	9	24	24	2	36
37	1	7	10	24	24	3	27
37	1	7	14	24	24	3	inf
37	1	7	18	24	24	3	10
37	1	7	19	24	24	2	1
37	1	7	20	24	24	3	32
37	1	7	21	24	24	2	1
37	1	7	22	24	24	3	10
37	1	8	2	24	24	2	25
37	1	8	3	24	24	3	0
37	1	8	4	24	24	2	12
37	1	8	6	24	24	3	inf
37	1	8	8	24	24	3	inf
37	1	8	9	24	24	3	33
37	1	8	10	24	24	2	20
37	1	8	14	24	24	2	12
37	1	8	15	24	24	3	0
37	1	8	16	24	24	2	25
37	1	8	20	24	24	2	17
37	1	8	21	24	24	3	4
37	1	8	22	24	24	2	17
37	1	9	0	24	24	3	10
37	1	9	4	24	24	3	inf
37	1	9	8	24	24	3	27
37	1	9	9	24	24	2	36
37	1	9	10	24	24	3	5
37	1	9	11	24	24	2	36
37	1	9	12	24	24	3	27
37	1	9	16	24	24	3	inf
37	1	9	20	24	24	3	10
37	1	9	21	24	24	2	1
37	1	9	22	24	24	3	32
37	1	9	23	24	24	2	1
37	1	10	0	24	24	2	17
37	1	10	4	24	24	2	25
37	1	10	5	24	24	3	0
37	1	10	6	24	24	2	12
37	1	10	8	24	24	3	inf
37	1	10	10	24	24	3	inf
37	1	10	11	24	24	3	33
37	1	10	12	24	24	2	20
37	1	10	16	24	24	2	12
37	1	10	17	24	24	3	0
37	1	10	18	24	24	2	25
37	1	10	22	24	24	2	17
37	1	10	23	24	24	3	4
37	1	11	0	24	24	3	32
37	1	11	1	24	24	2	1
37	1	11	2	24	24	3	10
37	1	11	6	24	24	3	inf
37	1	11	10	24	24	3	27
37	1	11	11	24	24	2	36
37	1	11	12	24	24	3	5
37	1	11	13	24	24	2	36
37	1	11	14	24	24	3	27
37	1	11	18	24	24	3	inf
37	1	11	22	24	24	3	10
37	1	11	23	24	24	2	1
37	1	12	0	24	24	2	17
37	1	12	1	24	24	3	4
37	1	12	2	24	24	2	17
37	1	12	6	24	24	2	25
37	1	12	7	24	24	3	0
37	1	12	8	24	24	2	12
37	1	12	10	24	24	3	inf
37	1	12	12	24	24	3	inf
37	1	12	13	24	24	3	33
37	1	12	14	24	24	2	20
37	1	12	18	24	24	2	12
37	1	12	19	24	24	3	0
37	1	12	20	24	24	2	25
37	1	13	0	24	24	3	10
37	1	13	1	24	24	2	1
37	1	13	2	24	24	3	32
37	1	13	3	24	24	2	1
37	1	13	4	24	24	3	10
37	1	13	8	24	24	3	inf
37	1	13	12	24	24	3	27
37	1	13	13	24	24	2	36
37	1	13	14	24	24	3	5
37	1	13	15	24	24	2	36
37	1	13	16	24	24	3	27
37	1	13	20	24	24	3	inf
37	1	14	2	24	24	2	17
37	1	14	3	24	24	3	4
37	1	14	4	24	24	2	17
37	1	14	8	24	24	2	25
37	1	14	9	24	24	3	0
37	1	14	10	24	24	2	12
37	1	14	12	24	24	3	inf
37	1	14	14	24	24	3	inf
37	1	14	15	24	24	3	33
37	1	14	16	24	24	2	20
37	1	14	20	24	24	2	12
37	1	14	21	24	24	3	0
37	1	14	22	24	24	2	25
37	1	15	2	24	24	3	10
37	1	15	3	24	24	2	1
37	1	15	4	24	24	3	32
37	1	15	5	24	24	2	1
37	1	15	6	24	24	3	10
37	1	15	10	24	24	3	inf
37	1	15	14	24	24	3	27
37	1	15	15	24	24	2	36
37	1	15	16	24	24	3	5
37	1	15	17	24	24	2	36
37	1	15	18	24	24	3	27
37	1	15	22	24	24	3	inf
37	1	16	0	24	24	2	25
37	1	16	4	24	24	2	17
37	1	16	5	24	24	3	4
37	1	16	6	24	24	2	17
37	1	16	10	24	24	2	25
37	1	16	11	24	24	3	0
37	1	16	12	24	24	2	12
37	1	16	14	24	24	3	inf
37	1	16	16	24	24	3	inf
37	1	16	17	24	24	3	33
37	1	16	18	24	24	2	20
37	1	16	22	24	24	2	12
37	1	16	23	24	24	3	0
37	1	17	0	24	24	3	inf
37	1	17	4	24	24	3	10
37	1	17	5	24	24	2	1
37	1	17	6	24	24	3	32
37	1	17	7	24	24	2	1
37	1	17	8	24	24	3	10
37	1	17	12	24	24	3	inf
37	1	17	16	24	24	3	27
37	1	17	17	24	24	2	36
37	1	17	18	24	24	3	5
37	1	17	19	24	24	2	36
37	1	17	20	24	24	3	27
37	1	18	0	24	24	2	12
37	1	18	1	24	24	3	0
37	1	18	2	24	24	2	25
37	1	18	6	24	24	2	17
37	1	18	7	24	24	3	4
37	1	18	8	24	24	2	17
37	1	18	12	24	24	2	25
37	1	18	13	24	24	3	0
37	1	18	14	24	24	2	12
37	1	18	16	24	24	3	inf
37	1	18	18	24	24	3	inf
37	1	18	19	24	24	3	33
37	1	18	20	24	24	2	20
37	1	19	2	24	24	3	inf
37	1	19	6	24	24	3	10
37	1	19	7	24	24	2	1
37	1	19	8	24	24	3	32
37	1	19	9	24	24	2	1
37	1	19	10	24	24	3	10
37	1	19	14	24	24	3	inf
37	1	19	18	24	24	3	27
37	1	19	19	24	24	2	36
37	1	19	20	24	24	3	5
37	1	19	21	24	24	2	36
37	1	19	22	24	24	3	27
37	1	20	2	24	24	2	12
37	1	20	3	24	24	3	0
37	1	20	4	24	24	2	25
37	1	20	8	24	24	2	17
37	1	20	9	24	24	3	4
37	1	20	10	24	24	2	17
37	1	20	14	24	24	2	25
37	1	20	15	24	24	3	0
37	1	20	16	24	24	2	12
37	1	20	18	24	24	3	inf
37	1	20	20	24	24	3	inf
37	1	20	21	24	24	3	33
37	1	20	22	24	24	2	20
37	1	21	0	24	24	3	27
37	1	21	4	24	24	3	inf
37	1	21	8	24	24	3	10
37	1	21	9	24	24	2	1
37	1	21	10	24	24	3	32
37	1	21	11	24	24	2	1
37	1	21	12	24	24	3	10
37	1	21	16	24	24	3	inf
37	1	21	20	24	24	3	27
37	1	21	21	24	24	2	36
37	1	21	22	24	24	3	5
37	1	21	23	24	24	2	36
37	1	22	0	24	24	2	20
37	1	22	4	24	24	2	12
37	1	22	5	24	24	3	0
37	1	22	6	24	24	2	25
37	1	22	10	24	24	2	17
37	1	22	11	24	24	3	4
37	1	22	12	24	24	2	17
37	1	22	16	24	24	2	25
37	1	22	17	24	24	3	0
37	1	22	18	24	24	2	12
37	1	22	20	24	24	3	inf
37	1	22	22	24	24	3	inf
37	1	22	23	24	24	3	33
37	1	23	0	24	24	3	5
37	1	23	1	24	24	2	36
37	1	23	2	24	24	3	27
37	1	23	6	24	24	3	inf
37	1	23	10	24	24	3	10
37	1	23	11	24	24	2	1
37	1	23	12	24	24	3	32
37	1	23	13	24	24	2	1
37	1	23	14	24	24	3	10
37	1	23	18	24	24	3	inf
37	1	23	22	24	24	3	27
37	1	23	23	24	24	2	36
37	2	0	1	24	24	3	inf
37	2	0	5	24	24	3	27
37	2	0	6	24	24	2	36
37	2	0	7	24	24	3	5
37	2	0	8	24	24	2	36
37	2	0	9	24	24	3	27
37	2	0	13	24	24	3	inf
37	2	0	17	24	24	3	10
37	2	0	18	24	24	2	1
37	2	0	19	24	24	3	32
37	2	0	20	24	24	2	1
37	2	0	21	24	24	3	10
37	2	1	1	24	24	2	25
37	2	1	2	24	24	3	0
37	2	1	3	24	24	2	12
37	2	1	5	24	24	3	inf
37	2	1	7	24	24	3	inf
37	2	1	8	24	24	3	33
37	2	1	9	24	24	2	20
37	2	1	13	24	24	2	12
37	2	1	14	24	24	3	0
37	2	1	15	24	24	2	25
37	2	1	19	24	24	2	17
37	2	1	20	24	24	3	4
37	2	1	21	24	24	2	17
37	2	2	3	24	24	3	inf
37	2	2	7	24	24	3	27
37	2	2	8	24	24	2	36
37	2	2	9	24	24	3	5
37	2	2	10	24	24	2	36
37	2	2	11	24	24	3	27
37	2	2	15	24	24	3	inf
37	2	2	19	24	24	3	10
37	2	2	20	24	24	2	1
37	2	2	21	24	24	3	32
37	2	2	22	24	24	2	1
37	2	2	23	24	24	3	10
37	2	3	3	24	24	2	25
37	2	3	4	24	24	3	0
37	2	3	5	24	24	2	12
37	2	3	7	24	24	3	inf
37	2	3	9	24	24	3	inf
37	2	3	10	24	24	3	33
37	2	3	11	24	24	2	20
37	2	3	15	24	24	2	12
37	2	3	16	24	24	3	0
37	2	3	17	24	24	2	25
37	2	3	21	24	24	2	17
37	2	3	22	24	24	3	4
37	2	3	23	24	24	2	17
37	2	4	0	24	24	2	1
37	2	4	1	24	24	3	10
37	2	4	5	24	24	3	inf
37	2	4	9	24	24	3	27
37	2	4	10	24	24	2	36
37	2	4	11	24	24	3	5
37	2	4	12	24	24	2	36
37	2	4	13	24	24	3	27
37	2	4	17	24	24	3	inf
37	2	4	21	24	24	3	10
37	2	4	22	24	24	2	1
37	2	4	23	24	24	3	32
37	2	5	0	24	24	3	4
37	2	5	1	24	24	2	17
37	2	5	5	24	24	2	25
37	2	5	6	24	24	3	0
37	2	5	7	24	24	2	12
37	2	5	9	24	24	3	inf
37	2	5	11	24	24	3	inf
37	2	5	12	24	24	3	33
37	2	5	13	24	24	2	20
37	2	5	17	24	24	2	12
37	2	5	18	24	24	3	0
37	2	5	19	24	24	2	25
37	2	5	23	24	24	2	17
37	2	6	0	24	24	2	1
37	2	6	1	24	24	3	32
37	2	6	2	24	24	2	1
37	2	6	3	24	24	3	10
37	2	6	7	24	24	3	inf
37	2	6	11	24	24	3	27
37	2	6	12	24	24	2	36
37	2	6	13	24	24	3	5
37	2	6	14	24	24	2	36
37	2	6	15	24	24	3	27
37	2	6	19	24	24	3	inf
37	2	6	23	24	24	3	10
37	2	7	1	24	24	2	17
37	2	7	2	24	24	3	4
37	2	7	3	24	24	2	17
37	2	7	7	24	24	2	25
37	2	7	8	24	24	3	0
37	2	7	9	24	24	2	12
37	2	7	11	24	24	3	inf
37	2	7	13	24	24	3	inf
37	2	7	14	24	24	3	33
37	2	7	15	24	24	2	20
37	2	7	19	24	24	2	12
37	2	7	20	24	24	3	0
37	2	7	21	24	24	2	25
37	2	8	1	24	24	3	10
37	2	8	2	24	24	2	1
37	2	8	3	24	24	3	32
37	2	8	4	24	24	2	1
37	2	8	5	24	24	3	10
37	2	8	9	24	24	3	inf
37	2	8	13	24	24	3	27
37	2	8	14	24	24	2	36
37	2	8	15	24	24	3	5
37	2	8	16	24	24	2	36
37	2	8	17	24	24	3	27
37	2	8	21	24	24	3	inf
37	2	9	3	24	24	2	17
37	2	9	4	24	24	3	4
37	2	9	5	24	24	2	17
37	2	9	9	24	24	2	25
37	2	9	10	24	24	3	0
37	2	9	11	24	24	2	12
37	2	9	13	24	24	3	inf
37	2	9	15	24	24	3	inf
37	2	9	16	24	24	3	33
37	2	9	17	24	24	2	20
37	2	9	21	24	24	2	12
37	2	9	22	24	24	3	0
37	2	9	23	24	24	2	25
37	2	10	3	24	24	3	10
37	2	10	4	24	24	2	1
37	2	10	5	24	24	3	32
37	2	10	6	24	24	2	1
37	2	10	7	24	24	3	10
37	2	10	11	24	24	3	inf
37	2	10	15	24	24	3	27
37	2	10	16	24	24	2	36
37	2	10	17	24	24	3	5
37	2	10	18	24	24	2	36
37	2	10	19	24	24	3	27
37	2	10	23	24	24	3	inf
37	2	11	0	24	24	3	0
37	2	11	1	24	24	2	25
37	2	11	5	24	24	2	17
37	2	11	6	24	24	3	4
37	2	11	7	24	24	2	17
37	2	11	11	24	24	2	25
37	2	11	12	24	24	3	0
37	2	11	13	24	24	2	12
37	2	11	15	24	24	3	inf
37	2	11	17	24	24	3	inf
37	2	11	18	24	24	3	33
37	2	11	19	24	24	2	20
37	2	11	23	24	24	2	12
37	2	12	1	24	24	3	inf
37	2	12	5	24	24	3	10
37	2	12	6	24	24	2	1
37	2	12	7	24	24	3	32
37	2	12	8	24	24	2	1
37	2	12	9	24	24	3	10
37	2	12	13	24	24	3	inf
37	2	12	17	24	24	3	27
37	2	12	18	24	24	2	36
37	2	12	19	24	24	3	5
37	2	12	20	24	24	2	36
37	2	12	21	24	24	3	27
37	2	13	1	24	24	2	12
37	2	13	2	24	24	3	0
37	2	13	3	24	24	2	25
37	2	13	7	24	24	2	17
37	2	13	8	24	24	3	4
37	2	13	9	24	24	2	17
37	2	13	13	24	24	2	25
37	2	13	14	24	24	3	0
37	2	13	15	24	24	2	12
37	2	13	17	24	24	3	inf
37	2	13	19	24	24	3	inf
37	2	13	20	24	24	3	33
37	2	13	21	24	24	2	20
37	2	14	3	24	24	3	inf
37	2	14	7	24	24	3	10
37	2	14	8	24	24	2	1
37	2	14	9	24	24	3	32
37	2	14	10	24	24	2	1
37	2	14	11	24	24	3	10
37	2	14	15	24	24	3	inf
37	2	14	19	24	24	3	27
37	2	14	20	24	24	2	36
37	2	14	21	24	24	3	5
37	2	14	22	24	24	2	36
37	2	14	23	24	24	3	27
37	2	15	3	24	24	2	12
37	2	15	4	24	24	3	0
37	2	15	5	24	24	2	25
37	2	15	9	24	24	2	17
37	2	15	10	24	24	3	4
37	2	15	11	24	24	2	17
37	2	15	15	24	24	2	25
37	2	15	16	24	24	3	0
37	2	15	17	24	24	2	12
37	2	15	19	24	24	3	inf
37	2	15	21	24	24	3	inf
37	2	15	22	24	24	3	33
37	2	15	23	24	24	2	20
37	2	16	0	24	24	2	36
37	2	16	1	24	24	3	27
37	2	16	5	24	24	3	inf
37	2	16	9	24	24	3	10
37	2	16	10	24	24	2	1
37	2	16	11	24	24	3	32
37	2	16	12	24	24	2	1
37	2	16	13	24	24	3	10
37	2	16	17	24	24	3	inf
37	2	16	21	24	24	3	27
37	2	16	22	24	24	2	36
37	2	16	23	24	24	3	5
37	2	17	0	24	24	3	33
37	2	17	1	24	24	2	20
37	2	17	5	24	24	2	12
37	2	17	6	24	24	3	0
37	2	17	7	24	24	2	25
37	2	17	11	24	24	2	17
37	2	17	12	24	24	3	4
37	2	17	13	24	24	2	17
37	2	17	17	24	24	2	25
37	2	17	18	24	24	3	0
37	2	17	19	24	24	2	12
37	2	17	21	24	24	3	inf
37	2	17	23	24	24	3	inf
37	2	18	0	24	24	2	36
37	2	18	1	24	24	3	5
37	2	18	2	24	24	2	36
37	2	18	3	24	24	3	27
37	2	18	7	24	24	3	inf
37	2	18	11	24	24	3	10
37	2	18	12	24	24	2	1
37	2	18	13	24	24	3	32
37	2	18	14	24	24	2	1
37	2	18	15	24	24	3	10
37	2	18	19	24	24	3	inf
37	2	18	23	24	24	3	27
37	2	19	1	24	24	3	inf
37	2	19	2	24	24	3	33
37	2	19	3	24	24	2	20
37	2	19	7	24	24	2	12
37	2	19	8	24	24	3	0
37	2	19	9	24	24	2	25
37	2	19	13	24	24	2	17
37	2	19	14	24	24	3	4
37	2	19	15	24	24	2	17
37	2	19	19	24	24	2	25
37	2	19	20	24	24	3	0
37	2	19	21	24	24	2	12
37	2	19	23	24	24	3	inf
37	2	20	1	24	24	3	27
37	2	20	2	24	24	2	36
37	2	20	3	24	24	3	5
37	2	20	4	24	24	2	36
37	2	20	5	24	24	3	27
37	2	20	9	24	24	3	inf
37	2	20	13	24	24	3	10
37	2	20	14	24	24	2	1
37	2	20	15	24	24	3	32
37	2	20	16	24	24	2	1
37	2	20	17	24	24	3	10
37	2	20	21	24	24	3	inf
37	2	21	1	24	24	3	inf
37	2	21	3	24	24	3	inf
37	2	21	4	24	24	3	33
37	2	21	5	24	24	2	20
37	2	21	9	24	24	2	12
37	2	21	10	24	24	3	0
37	2	21	11	24	24	2	25
37	2	21	15	24	24	2	17
37	2	21	16	24	24	3	4
37	2	21	17	24	24	2	17
37	2	21	21	24	24	2	25
37	2	21	22	24	24	3	0
37	2	21	23	24	24	2	12
37	2	22	3	24	24	3	27
37	2	22	4	24	24	2	36
37	2	22	5	24	24	3	5
37	2	22	6	24	24	2	36
37	2	22	7	24	24	3	27
37	2	22	11	24	24	3	inf
37	2	22	15	24	24	3	10
37	2	22	16	24	24	2	1
37	2	22	17	24	24	3	32
37	2	22	18	24	24	2	1
37	2	22	19	24	24	3	10
37	2	22	23	24	24	3	inf
37	2	23	0	24	24	3	0
37	2	23	1	24	24	2	12
37	2	23	3	24	24	3	inf
37	2	23	5	24	24	3	inf
37	2	23	6	24	24	3	33
37	2	23	7	24	24	2	20
37	2	23	11	24	24	2	12
37	2	23	12	24	24	3	0
37	2	23	13	24	24	2	25
37	2	23	17	24	24	2	17
37	2	23	18	24	24	3	4
37	2	23	19	24	24	2	17
37	2	23	23	24	24	2	25
37	3	0	0	24	24	2	17
37	3	0	1	24	24	3	4
37	3	0	2	24	24	2	17
37	3	0	6	24	24	2	25
37	3	0	7	24	24	3	0
37	3	0	8	24	24	2	12
37	3	0	10	24	24	3	inf
37	3	0	12	24	24	3	inf
37	3	0	13	24	24	3	33
37	3	0	14	24	24	2	20
37	3	0	18	24	24	2	12
37	3	0	19	24	24	3	0
37	3	0	20	24	24	2	25
37	3	1	0	24	24	3	10
37	3	1	1	24	24	2	1
37	3	1	2	24	24	3	32
37	3	1	3	24	24	2	1
37	3	1	4	24	24	3	10
37	3	1	8	24	24	3	inf
37	3	1	12	24	24	3	27
37	3	1	13	24	24	2	36
37	3	1	14	24	24	3	5
37	3	1	15	24	24	2	36
37	3	1	16	24	24	3	27
37	3	1	20	24	24	3	inf
37	3	2	2	24	24	2	17
37	3	2	3	24	24	3	4
37	3	2	4	24	24	2	17
37	3	2	8	24	24	2	25
37	3	2	9	24	24	3	0
37	3	2	10	24	24	2	12
37	3	2	12	24	24	3	inf
37	3	2	14	24	24	3	inf
37	3	2	15	24	24	3	33
37	3	2	16	24	24	2	20
37	3	2	20	24	24	2	12
37	3	2	21	24	24	3	0
37	3	2	22	24	24	2	25
37	3	3	2	24	24	3	10
37	3	3	3	24	24	2	1
37	3	3	4	24	24	3	32
37	3	3	5	24	24	2	1
37	3	3	6	24	24	3	10
37	3	3	10	24	24	3	inf
37	3	3	14	24	24	3	27
37	3	3	15	24	24	2	36
37	3	3	16	24	24	3	5
37	3	3	17	24	24	2	36
37	3	3	18	24	24	3	27
37	3	3	22	24	24	3	inf
37	3	4	0	24	24	2	25
37	3	4	4	24	24	2	17
37	3	4	5	24	24	3	4
37	3	4	6	24	24	2	17
37	3	4	10	24	24	2	25
37	3	4	11	24	24	3	0
37	3	4	12	24	24	2	12
37	3	4	14	24	24	3	inf
37	3	4	16	24	24	3	inf
37	3	4	17	24	24	3	33
37	3	4	18	24	24	2	20
37	3	4	22	24	24	2	12
37	3	4	23	24	24	3	0
37	3	5	0	24	24	3	inf
37	3	5	4	24	24	3	10
37	3	5	5	24	24	2	1
37	3	5	6	24	24	3	32
37	3	5	7	24	24	2	1
37	3	5	8	24	24	3	10
37	3	5	12	24	24	3	inf
37	3	5	16	24	24	3	27
37	3	5	17	24	24	2	36
37	3	5	18	24	24	3	5
37	3	5	19	24	24	2	36
37	3	5	20	24	24	3	27
37	3	6	0	24	24	2	12
37	3	6	1	24	24	3	0
37	3	6	2	24	24	2	25
37	3	6	6	24	24	2	17
37	3	6	7	24	24	3	4
37	3	6	8	24	24	2	17
37	3	6	12	24	24	2	25
37	3	6	13	24	24	3	0
37	3	6	14	24	24	2	12
37	3	6	16	24	24	3	inf
37	3	6	18	24	24	3	inf
37	3	6	19	24	24	3	33
37	3	6	20	24	24	2	20
37	3	7	2	24	24	3	inf
37	3	7	6	24	24	3	10
37	3	7	7	24	24	2	1
37	3	7	8	24	24	3	32
37	3	7	9	24	24	2	1
37	3	7	10	24	24	3	10
37	3	7	14	24	24	3	inf
37	3	7	18	24	24	3	27
37	3	7	19	24	24	2	36
37	3	7	20	24	24	3	5
37	3	7	21	24	24	2	36
37	3	7	22	24	24	3	27
37	3	8	2	24	24	2	12
37	3	8	3	24	24	3	0
37	3	8	4	24	24	2	25
37	3	8	8	24	24	2	17
37	3	8	9	24	24	3	4
37	3	8	10	24	24	2	17
37	3	8	14	24	24	2	25
37	3	8	15	24	24	3	0
37	3	8	16	24	24	2	12
37	3	8	18	24	24	3	inf
37	3	8	20	24	24	3	inf
37	3	8	21	24	24	3	33
37	3	8	22	24	24	2	20
37	3	9	0	24	24	3	27
37	3	9	4	24	24	3	inf
37	3	9	8	24	24	3	10
37	3	9	9	24	24	2	1
37	3	9	10	24	24	3	32
37	3	9	11	24	24	2	1
37	3	9	12	24	24	3	10
37	3	9	16	24	24	3	inf
37	3	9	20	24	24	3	27
37	3	9	21	24	24	2	36
37	3	9	22	24	24	3	5
37	3	9	23	24	24	2	36
37	3	10	0	24	24	2	20
37	3	10	4	24	24	2	12
37	3	10	5	24	24	3	0
37	3	10	6	24	24	2	25
37	3	10	10	24	24	2	17
37	3	10	11	24	24	3	4
37	3	10	12	24	24	2	17
37	3	10	16	24	24	2	25
37	3	10	17	24	24	3	0
37	3	10	18	24	24	2	12
37	3	10	20	24	24	3	inf
37	3	10	22	24	24	3	inf
37	3	10	23	24	24	3	33
37	3	11	0	24	24	3	5
37	3	11	1	24	24	2	36
37	3	11	2	24	24	3	27
37	3	11	6	24	24	3	inf
37	3	11	10	24	24	3	10
37	3	11	11	24	24	2	1
37	3	11	12	24	24	3	32
37	3	11	13	24	24	2	1
37	3	11	14	24	24	3	10
37	3	11	18	24	24	3	inf
37	3	11	22	24	24	3	27
37	3	11	23	24	24	2	36
37	3	12	0	24	24	3	inf
37	3	12	1	24	24	3	33
37	3	12	2	24	24	2	20
37	3	12	6	24	24	2	12
37	3	12	7	24	24	3	0
37	3	12	8	24	24	2	25
37	3	12	12	24	24	2	17
37	3	12	13	24	24	3	4
37	3	12	14	24	24	2	17
37	3	12	18	24	24	2	25
37	3	12	19	24	24	3	0
37	3	12	20	24	24	2	12
37	3	12	22	24	24	3	inf
37	3	13	0	24	24	3	27
37	3	13	1	24	24	2	36
37	3	13	2	24	24	3	5
37	3	13	3	24	24	2	36
37	3	13	4	24	24	3	27
37	3	13	8	24	24	3	inf
37	3	13	12	24	24	3	10
37	3	13	13	24	24	2	1
37	3	13	14	24	24	3	32
37	3	13	15	24	24	2	1
37	3	13	16	24	24	3	10
37	3	13	20	24	24	3	inf
37	3	14	0	24	24	3	inf
37	3	14	2	24	24	3	inf
37	3	14	3	24	24	3	33
37	3	14	4	24	24	2	20
37	3	14	8	24	24	2	12
37	3	14	9	24	24	3	0
37	3	14	10	24	24	2	25
37	3	14	14	24	24	2	17
37	3	14	15	24	24	3	4
37	3	14	16	24	24	2	17
37	3	14	20	24	24	2	25
37	3	14	21	24	24	3	0
37	3	14	22	24	24	2	12
37	3	15	2	24	24	3	27
37	3	15	3	24	24	2	36
37	3	15	4	24	24	3	5
37	3	15	5	24	24	2	36
37	3	15	6	24	24	3	27
37	3	15	10	24	24	3	inf
37	3	15	14	24	24	3	10
37	3	15	15	24	24	2	1
37	3	15	16	24	24	3	32
37	3	15	17	24	24	2	1
37	3	15	18	24	24	3	10
37	3	15	22	24	24	3	inf
37	3	16	0	24	24	2	12
37	3	16	2	24	24	3	inf
37	3	16	4	24	24	3	inf
37	3	16	5	24	24	3	33
37	3	16	6	24	24	2	20
37	3	16	10	24	24	2	12
37	3	16	11	24	24	3	0
37	3	16	12	24	24	2	25
37	3	16	16	24	24	2	17
37	3	16	17	24	24	3	4
37	3	16	18	24	24	2	17
37	3	16	22	24	24	2	25
37	3	16	23	24	24	3	0
37	3	17	0	24	24	3	inf
37	3	17	4	24	24	3	27
37	3	17	5	24	24	2	36
37	3	17	6	24	24	3	5
37	3	17	7	24	24	2	36
37	3	17	8	24	24	3	27
37	3	17	12	24	24	3	inf
37	3	17	16	24	24	3	10
37	3	17	17	24	24	2	1
37	3	17	18	24	24	3	32
37	3	17	19	24	24	2	1
37	3	17	20	24	24	3	10
37	3	18	0	24	24	2	25
37	3	18	1	24	24	3	0
37	3	18	2	24	24	2	12
37	3	18	4	24	24	3	inf
37	3	18	6	24	24	3	inf
37	3	18	7	24	24	3	33
37	3	18	8	24	24	2	20
37	3	18	12	24	24	2	12
37	3	18	13	24	24	3	0
37	3	18	14	24	24	2	25
37	3	18	18	24	24	2	17
37	3	18	19	24	24	3	4
37	3	18	20	24	24	2	17
37	3	19	2	24	24	3	inf
37	3	19	6	24	24	3	27
37	3	19	7	24	24	2	36
37	3	19	8	24	24	3	5
37	3	19	9	24	24	2	36
37	3	19	10	24	24	3	27
37	3	19	14	24	24	3	inf
37	3	19	18	24	24	3	10
37	3	19	19	24	24	2	1
37	3	19	20	24	24	3	32
37	3	19	21	24	24	2	1
37	3	19	22	24	24	3	10
37	3	20	2	24	24	2	25
37	3	20	3	24	24	3	0
37	3	20	4	24	24	2	12
37	3	20	6	24	24	3	inf
37	3	20	8	24	24	3	inf
37	3	20	9	24	24	3	33
37	3	20	10	24	24	2	20
37	3	20	14	24	24	2	12
37	3	20	15	24	24	3	0
37	3	20	16	24	24	2	25
37	3	20	20	24	24	2	17
37	3	20	21	24	24	3	4
37	3	20	22	24	24	2	17
37	3	21	0	24	24	3	10
37	3	21	4	24	24	3	inf
37	3	21	8	24	24	3	27
37	3	21	9	24	24	2	36
37	3	21	10	24	24	3	5
37	3	21	11	24	24	2	36
37	3	21	12	24	24	3	27
37	3	21	16	24	24	3	inf
37	3	21	20	24	24	3	10
37	3	21	21	24	24	2	1
37	3	21	22	24	24	3	32
37	3	21	23	24	24	2	1
37	3	22	0	24	24	2	17
37	3	22	4	24	24	2	25
37	3	22	5	24	24	3	0
37	3	22	6	24	24	2	12
37	3	22	8	24	24	3	inf
37	3	22	10	24	24	3	inf
37	3	22	11	24	24	3	33
37	3	22	12	24	24	2	20
37	3	22	16	24	24	2	12
37	3	22	17	24	24	3	0
37	3	22	18	24	24	2	25
37	3	22	22	24	24	2	17
37	3	22	23	24	24	3	4
37	3	23	0	24	24	3	32
37	3	23	1	24	24	2	1
37	3	23	2	24	24	3	10
37	3	23	6	24	24	3	inf
37	3	23	10	24	24	3	27
37	3	23	11	24	24	2	36
37	3	23	12	24	24	3	5
37	3	23	13	24	24	2	36
37	3	23	14	24	24	3	27
37	3	23	18	24	24	3	inf
37	3	23	22	24	24	3	10
37	3	23	23	24	24	2	1
37	4	0	1	24	24	3	inf
37	4	0	5	24	24	3	10
37	4	0	6	24	24	2	1
37	4	0	7	24	24	3	32
37	4	0	8	24	24	2	1
37	4	0	9	24	24	3	10
37	4	0	13	24	24	3	inf
37	4	0	17	24	24	3	27
37	4	0	18	24	24	2	36
37	4	0	19	24	24	3	5
37	4	0	20	24	24	2	36
37	4	0	21	24	24	3	27
37	4	1	1	24	24	2	12
37	4	1	2	24	24	3	0
37	4	1	3	24	24	2	25
37	4	1	7	24	24	2	17
37	4	1	8	24	24	3	4
37	4	1	9	24	24	2	17
37	4	1	13	24	24	2	25
37	4	1	14	24	24	3	0
37	4	1	15	24	24	2	12
37	4	1	17	24	24	3	inf
37	4	1	19	24	24	3	inf
37	4	1	20	24	24	3	33
37	4	1	21	24	24	2	20
37	4	2	3	24	24	3	inf
37	4	2	7	24	24	3	10
37	4	2	8	24	24	2	1
37	4	2	9	24	24	3	32
37	4	2	10	24	24	2	1
37	4	2	11	24	24	3	10
37	4	2	15	24	24	3	inf
37	4	2	19	24	24	3	27
37	4	2	20	24	24	2	36
37	4	2	21	24	24	3	5
37	4	2	22	24	24	2	36
37	4	2	23	24	24	3	27
37	4	3	3	24	24	2	12
37	4	3	4	24	24	3	0
37	4	3	5	24	24	2	25
37	4	3	9	24	24	2	17
37	4	3	10	24	24	3	4
37	4	3	11	24	24	2	17
37	4	3	15	24	24	2	25
37	4	3	16	24	24	3	0
37	4	3	17	24	24	2	12
37	4	3	19	24	24	3	inf
37	4	3	21	24	24	3	inf
37	4	3	22	24	24	3	33
37	4	3	23	24	24	2	20
37	4	4	0	24	24	2	36
37	4	4	1	24	24	3	27
37	4	4	5	24	24	3	inf
37	4	4	9	24	24	3	10
37	4	4	10	24	24	2	1
37	4	4	11	24	24	3	32
37	4	4	12	24	24	2	1
37	4	4	13	24	24	3	10
37	4	4	17	24	24	3	inf
37	4	4	21	24	24	3	27
37	4	4	22	24	24	2	36
37	4	4	23	24	24	3	5
37	4	5	0	24	24	3	33
37	4	5	1	24	24	2	20
37	4	5	5	24	24	2	12
37	4	5	6	24	24	3	0
37	4	5	7	24	24	2	25
37	4	5	11	24	24	2	17
37	4	5	12	24	24	3	4
37	4	5	13	24	24	2	17
37	4	5	17	24	24	2	25
37	4	5	18	24	24	3	0
37	4	5	19	24	24	2	12
37	4	5	21	24	24	3	inf
37	4	5	23	24	24	3	inf
37	4	6	0	24	24	2	36
37	4	6	1	24	24	3	5
37	4	6	2	24	24	2	36
37	4	6	3	24	24	3	27
37	4	6	7	24	24	3	inf
37	4	6	11	24	24	3	10
37	4	6	12	24	24	2	1
37	4	6	13	24	24	3	32
37	4	6	14	24	24	2	1
37	4	6	15	24	24	3	10
37	4	6	19	24	24	3	inf
37	4	6	23	24	24	3	27
37	4	7	1	24	24	3	inf
37	4	7	2	24	24	3	33
37	4	7	3	24	24	2	20
37	4	7	7	24	24	2	12
37	4	7	8	24	24	3	0
37	4	7	9	24	24	2	25
37	4	7	13	24	24	2	17
37	4	7	14	24	24	3	4
37	4	7	15	24	24	2	17
37	4	7	19	24	24	2	25
37	4	7	20	24	24	3	0
37	4	7	21	24	24	2	12
37	4	7	23	24	24	3	inf
37	4	8	1	24	24	3	27
37	4	8	2	24	24	2	36
37	4	8	3	24	24	3	5
37	4	8	4	24	24	2	36
37	4	8	5	24	24	3	27
37	4	8	9	24	24	3	inf
37	4	8	13	24	24	3	10
37	4	8	14	24	24	2	1
37	4	8	15	24	24	3	32
37	4	8	16	24	24	2	1
37	4	8	17	24	24	3	10
37	4	8	21	24	24	3	inf
37	4	9	1	24	24	3	inf
37	4	9	3	24	24	3	inf
37	4	9	4	24	24	3	33
37	4	9	5	24	24	2	20
37	4	9	9	24	24	2	12
37	4	9	10	24	24	3	0
37	4	9	11	24	24	2	25
37	4	9	15	24	24	2	17
37	4	9	16	24	24	3	4
37	4	9	17	24	24	2	17
37	4	9	21	24	24	2	25
37	4	9	22	24	24	3	0
37	4	9	23	24	24	2	12
37	4	10	3	24	24	3	27
37	4	10	4	24	24	2	36
37	4	10	5	24	24	3	5
37	4	10	6	24	24	2	36
37	4	10	7	24	24	3	27
37	4	10	11	24	24	3	inf
37	4	10	15	24	24	3	10
37	4	10	16	24	24	2	1
37	4	10	17	24	24	3	32
37	4	10	18	24	24	2	1
37	4	10	19	24	24	3	10
37	4	10	23	24	24	3	inf
37	4	11	0	24	24	3	0
37	4	11	1	24	24	2	12
37	4	11	3	24	24	3	inf
37	4	11	5	24	24	3	inf
37	4	11	6	24	24	3	33
37	4	11	7	24	24	2	20
37	4	11	11	24	24	2	12
37	4	11	12	24	24	3	0
37	4	11	13	24	24	2	25
37	4	11	17	24	24	2	17
37	4	11	18	24	24	3	4
37	4	11	19	24	24	2	17
37	4	11	23	24	24	2	25
37	4	12	1	24	24	3	inf
37	4	12	5	24	24	3	27
37	4	12	6	24	24	2	36
37	4	12	7	24	24	3	5
37	4	12	8	24	24	2	36
37	4	12	9	24	24	3	27
37	4	12	13	24	24	3	inf
37	4	12	17	24	24	3	10
37	4	12	18	24	24	2	1
37	4	12	19	24	24	3	32
37	4	12	20	24	24	2	1
37	4	12	21	24	24	3	10
37	4	13	1	24	24	2	25
37	4	13	2	24	24	3	0
37	4	13	3	24	24	2	12
37	4	13	5	24	24	3	inf
37	4	13	7	24	24	3	inf
37	4	13	8	24	24	3	33
37	4	13	9	24	24	2	20
37	4	13	13	24	24	2	12
37	4	13	14	24	24	3	0
37	4	13	15	24	24	2	25
37	4	13	19	24	24	2	17
37	4	13	20	24	24	3	4
37	4	13	21	24	24	2	17
37	4	14	3	24	24	3	inf
37	4	14	7	24	24	3	27
37	4	14	8	24	24	2	36
37	4	14	9	24	24	3	5
37	4	14	10	24	24	2	36
37	4	14	11	24	24	3	27
37	4	14	15	24	24	3	inf
37	4	14	19	24	24	3	10
37	4	14	20	24	24	2	1
37	4	14	21	24	24	3	32
37	4	14	22	24	24	2	1
37	4	14	23	24	24	3	10
37	4	15	3	24	24	2	25
37	4	15	4	24	24	3	0
37	4	15	5	24	24	2	12
37	4	15	7	24	24	3	inf
37	4	15	9	24	24	3	inf
37	4	15	10	24	24	3	33
37	4	15	11	24	24	2	20
37	4	15	15	24	24	2	12
37	4	15	16	24	24	3	0
37	4	15	17	24	24	2	25
37	4	15	21	24	24	2	17
37	4	15	22	24	24	3	4
37	4	15	23	24	24	2	17
37	4	16	0	24	24	2	1
37	4	16	1	24	24	3	10
37	4	16	5	24	24	3	inf
37	4	16	9	24	24	3	27
37	4	16	10	24	24	2	36
37	4	16	11	24	24	3	5
37	4	16	12	24	24	2	36
37	4	16	13	24	24	3	27
37	4	16	17	24	24	3	inf
37	4	16	21	24	24	3	10
37	4	16	22	24	24	2	1
37	4	16	23	24	24	3	32
37	4	17	0	24	24	3	4
37	4	17	1	24	24	2	17
37	4	17	5	24	24	2	25
37	4	17	6	24	24	3	0
37	4	17	7	24	24	2	12
37	4	17	9	24	24	3	inf
37	4	17	11	24	24	3	inf
37	4	17	12	24	24	3	33
37	4	17	13	24	24	2	20
37	4	17	17	24	24	2	12
37	4	17	18	24	24	3	0
37	4	17	19	24	24	2	25
37	4	17	23	24	24	2	17
37	4	18	0	24	24	2	1
37	4	18	1	24	24	3	32
37	4	18	2	24	24	2	1
37	4	18	3	24	24	3	10
37	4	18	7	24	24	3	inf
37	4	18	11	24	24	3	27
37	4	18	12	24	24	2	36
37	4	18	13	24	24	3	5
37	4	18	14	24	24	2	36
37	4	18	15	24	24	3	27
37	4	18	19	24	24	3	inf
37	4	18	23	24	24	3	10
37	4	19	1	24	24	2	17
37	4	19	2	24	24	3	4
37	4	19	3	24	24	2	17
37	4	19	7	24	24	2	25
37	4	19	8	24	24	3	0
37	4	19	9	24	24	2	12
37	4	19	11	24	24	3	inf
37	4	19	13	24	24	3	inf
37	4	19	14	24	24	3	33
37	4	19	15	24	24	2	20
37	4	19	19	24	24	2	12
37	4	19	20	24	24	3	0
37	4	19	21	24	24	2	25
37	4	20	1	24	24	3	10
37	4	20	2	24	24	2	1
37	4	20	3	24	24	3	32
37	4	20	4	24	24	2	1
37	4	20	5	24	24	3	10
37	4	20	9	24	24	3	inf
37	4	20	13	24	24	3	27
37	4	20	14	24	24	2	36
37	4	20	15	24	24	3	5
37	4	20	16	24	24	2	36
37	4	20	17	24	24	3	27
37	4	20	21	24	24	3	inf
37	4	21	3	24	24	2	17
37	4	21	4	24	24	3	4
37	4	21	5	24	24	2	17
37	4	21	9	24	24	2	25
37	4	21	10	24	24	3	0
37	4	21	11	24	24	2	12
37	4	21	13	24	24	3	inf
37	4	21	15	24	24	3	inf
37	4	21	16	24	24	3	33
37	4	21	17	24	24	2	20
37	4	21	21	24	24	2	12
37	4	21	22	24	24	3	0
37	4	21	23	24	24	2	25
37	4	22	3	24	24	3	10
37	4	22	4	24	24	2	1
37	4	22	5	24	24	3	32
37	4	22	6	24	24	2	1
37	4	22	7	24	24	3	10
37	4	22	11	24	24	3	inf
37	4	22	15	24	24	3	27
37	4	22	16	24	24	2	36
37	4	22	17	24	24	3	5
37	4	22	18	24	24	2	36
37	4	22	19	24	24	3	27
37	4	22	23	24	24	3	inf
37	4	23	0	24	24	3	0
37	4	23	1	24	24	2	25
37	4	23	5	24	24	2	17
37	4	23	6	24	24	3	4
37	4	23	7	24	24	2	17
37	4	23	11	24	24	2	25
37	4	23	12	24	24	3	0
37	4	23	13	24	24	2	12
37	4	23	15	24	24	3	inf
37	4	23	17	24	24	3	inf
37	4	23	18	24	24	3	33
37	4	23	19	24	24	2	20
37	4	23	23	24	24	2	12
41	1	0	0	13	26	3	inf
41	1	0	2	13	26	2	19
41	1	0	5	13	26	2	29
41	1	0	7	13	26	2	40
41	1	0	8	13	26	2	1
41	1	0	10	13	26	2	12
41	1	0	13	13	26	2	22
41	1	0	15	13	26	2	22
41	1	0	18	13	26	2	12
41	1	0	20	13	26	2	1
41	1	0	21	13	26	2	40
41	1	0	23	13	26	2	29
41	1	0	24	13	26	3	inf
41	1	1	1	13	26	2	40
41	1	1	2	13	26	2	1
41	1	1	4	13	26	2	12
41	1	1	7	13	26	2	22
41	1	1	9	13	26	2	22
41	1	1	12	13	26	2	12
41	1	1	14	13	26	2	1
41	1	1	15	13	26	2	40
41	1	1	17	13	26	2	29
41	1	1	18	13	26	3	inf
41	1	1	20	13	26	3	inf
41	1	1	22	13	26	2	19
41	1	1	25	13	26	2	29
41	1	2	1	13	26	2	22
41	1	2	3	13	26	2	22
41	1	2	6	13	26	2	12
41	1	2	8	13	26	2	1
41	1	2	9	13	26	2	40
41	1	2	11	13	26	2	29
41	1	2	12	13	26	3	inf
41	1	2	14	13	26	3	inf
41	1	2	16	13	26	2	19
41	1	2	19	13	26	2	29
41	1	2	21	13	26	2	40
41	1	2	22	13	26	2	1
41	1	2	24	13	26	2	12
41	1	3	0	13	26	2	12
41	1	3	2	13	26	2	1
41	1	3	3	13	26	2	40
41	1	3	5	13	26	2	29
41	1	3	6	13	26	3	inf
41	1	3	8	13	26	3	inf
41	1	3	10	13	26	2	19
41	1	3	13	13	26	2	29
41	1	3	15	13	26	2	40
41	1	3	16	13	26	2	1
41	1	3	18	13	26	2	12
41	1	3	21	13	26	2	22
41	1	3	23	13	26	2	22
41	1	4	0	13	26	3	inf
41	1	4	2	13	26	3	inf
41	1	4	4	13	26	2	19
41	1	4	7	13	26	2	29
41	1	4	9	13	26	2	40
41	1	4	10	13	26	2	1
41	1	4	12	13	26	2	12
41	1	4	15	13	26	2	22
41	1	4	17	13	26	2	22
41	1	4	20	13	26	2	12
41	1	4	22	13	26	2	1
41	1	4	23	13	26	2	40
41	1	4	25	13	26	2	29
41	1	5	1	13	26	2	29
41	1	5	3	13	26	2	40
41	1	5	4	13	26	2	1
41	1	5	6	13	26	2	12
41	1	5	9	13	26	2	22
41	1	5	11	13	26	2	22
41	1	5	14	13	26	2	12
41	1	5	16	13	26	2	1
41	1	5	17	13	26	2	40
41	1	5	19	13	26	2	29
41	1	5	20	13	26	3	inf
41	1	5	22	13	26	3	inf
41	1	5	24	13	26	2	19
41	1	6	0	13	26	2	12
41	1	6	3	13	26	2	22
41	1	6	5	13	26	2	22
41	1	6	8	13	26	2	12
41	1	6	10	13	26	2	1
41	1	6	11	13	26	2	40
41	1	6	13	13	26	2	29
41	1	6	14	13	26	3	inf
41	1	6	16	13	26	3	inf
41	1	6	18	13	26	2	19
41	1	6	21	13	26	2	29
41	1	6	23	13	26	2	40
41	1	6	24	13	26	2	1
41	1	7	2	13	26	2	12
41	1	7	4	13	26	2	1
41	1	7	5	13	26	2	40
41	1	7	7	13	26	2	29
41	1	7	8	13	26	3	inf
41	1	7	10	13	26	3	inf
41	1	7	12	13	26	2	19
41	1	7	15	13	26	2	29
41	1	7	17	13	26	2	40
41	1	7	18	13	26	2	1
41	1	7	20	13	26	2	12
41	1	7	23	13	26	2	22
41	1	7	25	13	26	2	22
41	1	8	1	13	26	2	29
41	1	8	2	13	26	3	inf
41	1	8	4	13	26	3	inf
41	1	8	6	13	26	2	19
41	1	8	9	13	26	2	29
41	1	8	11	13	26	2	40
41	1	8	12	13	26	2	1
41	1	8	14	13	26	2	12
41	1	8	17	13	26	2	22
41	1	8	19	13	26	2	22
41	1	8	22	13	26	2	12
41	1	8	24	13	26	2	1
41	1	8	25	13	26	2	40
41	1	9	0	13	26	2	19
41	1	9	3	13	26	2	29
41	1	9	5	13	26	2	40
41	1	9	6	13	26	2	1
41	1	9	8	13	26	2	12
41	1	9	11	13	26	2	22
41	1	9	13	13	26	2	22
41	1	9	16	13	26	2	12
41	1	9	18	13	26	2	1
41	1	9	19	13	26	2	40
41	1	9	21	13	26	2	29
41	1	9	22	13	26	3	inf
41	1	9	24	13	26	3	inf
41	1	10	0	13	26	2	1
41	1	10	2	13	26	2	12
41	1	10	5	13	26	2	22
41	1	10	7	13	26	2	22
41	1	10	10	13	26	2	12
41	1	10	12	13	26	2	1
41	1	10	13	13	26	2	40
41	1	10	15	13	26	2	29
41	1	10	16	13	26	3	inf
41	1	10	18	13	26	3	inf
41	1	10	20	13	26	2	19
41	1	10	23	13	26	2	29
41	1	10	25	13	26	2	40
41	1	11	1	13	26	2	22
41	1	11	4	13	26	2	12
41	1	11	6	13	26	2	1
41	1	11	7	13	26	2	40
41	1	11	9	13	26	2	29
41	1	11	10	13	26	3	inf
41	1	11	12	13	26	3	inf
41	1	11	14	13	26	2	19
41	1	11	17	13	26	2	29
41	1	11	19	13	26	2	40
41	1	11	20	13	26	2	1
41	1	11	22	13	26	2	12
41	1	11	25	13	26	2	22
41	1	12	0	13	26	2	1
41	1	12	1	13	26	2	40
41	1	12	3	13	26	2	29
41	1	12	4	13	26	3	inf
41	1	12	6	13	26	3	inf
41	1	12	8	13	26	2	19
41	1	12	11	13	26	2	29
41	1	12	13	13	26	2	40
41	1	12	14	13	26	2	1
41	1	12	16	13	26	2	12
41	1	12	19	13	26	2	22
41	1	12	21	13	26	2	22
41	1	12	24	13	26	2	12
41	2	0	1	13	26	3	inf
41	2	0	4	13	26	2	9
41	2	0	5	13	26	2	5
41	2	0	7	13	26	2	7
41	2	0	8	13	26	2	7
41	2	0	10	13	26	2	5
41	2	0	11	13	26	2	9
41	2	0	14	13	26	3	inf
41	2	0	17	13	26	2	32
41	2	0	18	13	26	2	36
41	2	0	20	13	26	2	34
41	2	0	21	13	26	2	34
41	2	0	23	13	26	2	36
41	2	0	24	13	26	2	32
41	2	1	1	13	26	2	7
41	2	1	2	13	26	2	7
41	2	1	4	13	26	2	5
41	2	1	5	13	26	2	9
41	2	1	8	13	26	3	inf
41	2	1	11	13	26	2	32
41	2	1	12	13	26	2	36
41	2	1	14	13	26	2	34
41	2	1	15	13	26	2	34
41	2	1	17	13	26	2	36
41	2	1	18	13	26	2	32
41	2	1	21	13	26	3	inf
41	2	1	24	13	26	2	9
41	2	1	25	13	26	2	5
41	2	2	2	13	26	3	inf
41	2	2	5	13	26	2	32
41	2	2	6	13	26	2	36
41	2	2	8	13	26	2	34
41	2	2	9	13	26	2	34
41	2	2	11	13	26	2	36
41	2	2	12	13	26	2	32
41	2	2	15	13	26	3	inf
41	2	2	18	13	26	2	9
41	2	2	19	13	26	2	5
41	2	2	21	13	26	2	7
41	2	2	22	13	26	2	7
41	2	2	24	13	26	2	5
41	2	2	25	13	26	2	9
41	2	3	0	13	26	2	36
41	2	3	2	13	26	2	34
41	2	3	3	13	26	2	34
41	2	3	5	13	26	2	36
41	2	3	6	13	26	2	32
41	2	3	9	13	26	3	inf
41	2	3	12	13	26	2	9
41	2	3	13	13	26	2	5
41	2	3	15	13	26	2	7
41	2	3	16	13	26	2	7
41	2	3	18	13	26	2	5
41	2	3	19	13	26	2	9
41	2	3	22	13	26	3	inf
41	2	3	25	13	26	2	32
41	2	4	0	13	26	2	32
41	2	4	3	13	26	3	inf
41	2	4	6	13	26	2	9
41	2	4	7	13	26	2	5
41	2	4	9	13	26	2	7
41	2	4	10	13	26	2	7
41	2	4	12	13	26	2	5
41	2	4	13	13	26	2	9
41	2	4	16	13	26	3	inf
41	2	4	19	13	26	2	32
41	2	4	20	13	26	2	36
41	2	4	22	13	26	2	34
41	2	4	23	13	26	2	34
41	2	4	25	13	26	2	36
41	2	5	0	13	26	2	9
41	2	5	1	13	26	2	5
41	2	5	3	13	26	2	7
41	2	5	4	13	26	2	7
41	2	5	6	13	26	2	5
41	2	5	7	13	26	2	9
41	2	5	10	13	26	3	inf
41	2	5	13	13	26	2	32
41	2	5	14	13	26	2	36
41	2	5	16	13	26	2	34
41	2	5	17	13	26	2	34
41	2	5	19	13	26	2	36
41	2	5	20	13	26	2	32
41	2	5	23	13	26	3	inf
41	2	6	0	13	26	2	5
41	2	6	1	13	26	2	9
41	2	6	4	13	26	3	inf
41	2	6	7	13	26	2	32
41	2	6	8	13	26	2	36
41	2	6	10	13	26	2	34
41	2	6	11	13	26	2	34
41	2	6	13	13	26	2	36
41	2	6	14	13	26	2	32
41	2	6	17	13	26	3	inf
41	2	6	20	13	26	2	9
41	2	6	21	13	26	2	5
41	2	6	23	13	26	2	7
41	2	6	24	13	26	2	7
41	2	7	1	13	26	2	32
41	2	7	2	13	26	2	36
41	2	7	4	13	26	2	34
41	2	7	5	13	26	2	34
41	2	7	7	13	26	2	36
41	2	7	8	13	26	2	32
41	2	7	11	13	26	3	inf
41	2	7	14	13	26	2	9
41	2	7	15	13	26	2	5
41	2	7	17	13	26	2	7
41	2	7	18	13	26	2	7
41	2	7	20	13	26	2	5
41	2	7	21	13	26	2	9
41	2	7	24	13	26	3	inf
41	2	8	1	13	26	2	36
41	2	8	2	13	26	2	32
41	2	8	5	13	26	3	inf
41	2	8	8	13	26	2	9
41	2	8	9	13	26	2	5
41	2	8	11	13	26	2	7
41	2	8	12	13	26	2	7
41	2	8	14	13	26	2	5
41	2	8	15	13	26	2	9
41	2	8	18	13	26	3	inf
41	2	8	21	13	26	2	32
41	2	8	22	13	26	2	36
41	2	8	24	13	26	2	34
41	2	8	25	13	26	2	34
41	2	9	2	13	26	2	9
41	2	9	3	13	26	2	5
41	2	9	5	13	26	2	7
41	2	9	6	13	26	2	7
41	2	9	8	13	26	2	5
41	2	9	9	13	26	2	9
41	2	9	12	13	26	3	inf
41	2	9	15	13	26	2	32
41	2	9	16	13	26	2	36
41	2	9	18	13	26	2	34
41	2	9	19	13	26	2	34
41	2	9	21	13	26	2	36
41	2	9	22	13	26	2	32
41	2	9	25	13	26	3	inf
41	2	10	0	13	26	2	7
41	2	10	2	13	26	2	5
41	2	10	3	13	26	2	9
41	2	10	6	13	26	3	inf
41	2	10	9	13	26	2	32
41	2	10	10	13	26	2	36
41	2	10	12	13	26	2	34
41	2	10	13	13	26	2	34
41	2	10	15	13	26	2	36
41	2	10	16	13	26	2	32
41	2	10	19	13	26	3	inf
41	2	10	22	13	26	2	9
41	2	10	23	13	26	2	5
41	2	10	25	13	26	2	7
41	2	11	0	13	26	3	inf
41	2	11	3	13	26	2	32
41	2	11	4	13	26	2	36
41	2	11	6	13	26	2	34
41	2	11	7	13	26	2	34
41	2	11	9	13	26	2	36
41	2	11	10	13	26	2	32
41	2	11	13	13	26	3	inf
41	2	11	16	13	26	2	9
41	2	11	17	13	26	2	5
41	2	11	19	13	26	2	7
41	2	11	20	13	26	2	7
41	2	11	22	13	26	2	5
41	2	11	23	13	26	2	9
41	2	12	0	13	26	2	34
41	2	12	1	13	26	2	34
41	2	12	3	13	26	2	36
41	2	12	4	13	26	2	32
41	2	12	7	13	26	3	inf
41	2	12	10	13	26	2	9
41	2	12	11	13	26	2	5
41	2	12	13	13	26	2	7
41	2	12	14	13	26	2	7
41	2	12	16	13	26	2	5
41	2	12	17	13	26	2	9
41	2	12	20	13	26	3	inf
41	2	12	23	13	26	2	32
41	2	12	24	13	26	2	36
41	3	0	0	13	26	2	22
41	3	0	2	13	26	2	22
41	3	0	5	13	26	2	12
41	3	0	7	13	26	2	1
41	3	0	8	13	26	2	40
41	3	0	10	13	26	2	29
41	3	0	11	13	26	3	inf
41	3	0	13	13	26	3	inf
41	3	0	15	13	26	2	19
41	3	0	18	13	26	2	29
41	3	0	20	13	26	2	40
41	3	0	21	13	26	2	1
41	3	0	23	13	26	2	12
41	3	1	1	13	26	2	1
41	3	1	2	13	26	2	40
41	3	1	4	13	26	2	29
41	3	1	5	13	26	3	inf
41	3	1	7	13	26	3	inf
41	3	1	9	13	26	2	19
41	3	1	12	13	26	2	29
41	3	1	14	13	26	2	40
41	3	1	15	13	26	2	1
41	3	1	17	13	26	2	12
41	3	1	20	13	26	2	22
41	3	1	22	13	26	2	22
41	3	1	25	13	26	2	12
41	3	2	1	13	26	3	inf
41	3	2	3	13	26	2	19
41	3	2	6	13	26	2	29
41	3	2	8	13	26	2	40
41	3	2	9	13	26	2	1
41	3	2	11	13	26	2	12
41	3	2	14	13	26	2	22
41	3	2	16	13	26	2	22
41	3	2	19	13	26	2	12
41	3	2	21	13	26	2	1
41	3	2	22	13	26	2	40
41	3	2	24	13	26	2	29
41	3	2	25	13	26	3	inf
41	3	3	0	13	26	2	29
41	3	3	2	13	26	2	40
41	3	3	3	13	26	2	1
41	3	3	5	13	26	2	12
41	3	3	8	13	26	2	22
41	3	3	10	13	26	2	22
41	3	3	13	13	26	2	12
41	3	3	15	13	26	2	1
41	3	3	16	13	26	2	40
41	3	3	18	13	26	2	29
41	3	3	19	13	26	3	inf
41	3	3	21	13	26	3	inf
41	3	3	23	13	26	2	19
41	3	4	2	13	26	2	22
41	3	4	4	13	26	2	22
41	3	4	7	13	26	2	12
41	3	4	9	13	26	2	1
41	3	4	10	13	26	2	40
41	3	4	12	13	26	2	29
41	3	4	13	13	26	3	inf
41	3	4	15	13	26	3	inf
41	3	4	17	13	26	2	19
41	3	4	20	13	26	2	29
41	3	4	22	13	26	2	40
41	3	4	23	13	26	2	1
41	3	4	25	13	26	2	12
41	3	5	1	13	26	2	12
41	3	5	3	13	26	2	1
41	3	5	4	13	26	2	40
41	3	5	6	13	26	2	29
41	3	5	7	13	26	3	inf
41	3	5	9	13	26	3	inf
41	3	5	11	13	26	2	19
41	3	5	14	13	26	2	29
41	3	5	16	13	26	2	40
41	3	5	17	13	26	2	1
41	3	5	19	13	26	2	12
41	3	5	22	13	26	2	22
41	3	5	24	13	26	2	22
41	3	6	0	13	26	2	29
41	3	6	1	13	26	3	inf
41	3	6	3	13	26	3	inf
41	3	6	5	13	26	2	19
41	3	6	8	13	26	2	29
41	3	6	10	13	26	2	40
41	3	6	11	13	26	2	1
41	3	6	13	13	26	2	12
41	3	6	16	13	26	2	22
41	3	6	18	13	26	2	22
41	3	6	21	13	26	2	12
41	3	6	23	13	26	2	1
41	3	6	24	13	26	2	40
41	3	7	2	13	26	2	29
41	3	7	4	13	26	2	40
41	3	7	5	13	26	2	1
41	3	7	7	13	26	2	12
41	3	7	10	13	26	2	22
41	3	7	12	13	26	2	22
41	3	7	15	13	26	2	12
41	3	7	17	13	26	2	1
41	3	7	18	13	26	2	40
41	3	7	20	13	26	2	29
41	3	7	21	13	26	3	inf
41	3	7	23	13	26	3	inf
41	3	7	25	13	26	2	19
41	3	8	1	13	26	2	12
41	3	8	4	13	26	2	22
41	3	8	6	13	26	2	22
41	3	8	9	13	26	2	12
41	3	8	11	13	26	2	1
41	3	8	12	13	26	2	40
41	3	8	14	13	26	2	29
41	3	8	15	13	26	3	inf
41	3	8	17	13	26	3	inf
41	3	8	19	13	26	2	19
41	3	8	22	13	26	2	29
41	3	8	24	13	26	2	40
41	3	8	25	13	26	2	1
41	3	9	0	13	26	2	22
41	3	9	3	13	26	2	12
41	3	9	5	13	26	2	1
41	3	9	6	13	26	2	40
41	3	9	8	13	26	2	29
41	3	9	9	13	26	3	inf
41	3	9	11	13	26	3	inf
41	3	9	13	13	26	2	19
41	3	9	16	13	26	2	29
41	3	9	18	13	26	2	40
41	3	9	19	13	26	2	1
41	3	9	21	13	26	2	12
41	3	9	24	13	26	2	22
41	3	10	0	13	26	2	40
41	3	10	2	13	26	2	29
41	3	10	3	13	26	3	inf
41	3	10	5	13	26	3	inf
41	3	10	7	13	26	2	19
41	3	10	10	13	26	2	29
41	3	10	12	13	26	2	40
41	3	10	13	13	26	2	1
41	3	10	15	13	26	2	12
41	3	10	18	13	26	2	22
41	3	10	20	13	26	2	22
41	3	10	23	13	26	2	12
41	3	10	25	13	26	2	1
41	3	11	1	13	26	2	19
41	3	11	4	13	26	2	29
41	3	11	6	13	26	2	40
41	3	11	7	13	26	2	1
41	3	11	9	13	26	2	12
41	3	11	12	13	26	2	22
41	3	11	14	13	26	2	22
41	3	11	17	13	26	2	12
41	3	11	19	13	26	2	1
41	3	11	20	13	26	2	40
41	3	11	22	13	26	2	29
41	3	11	23	13	26	3	inf
41	3	11	25	13	26	3	inf
41	3	12	0	13	26	2	40
41	3	12	1	13	26	2	1
41	3	12	3	13	26	2	12
41	3	12	6	13	26	2	22
41	3	12	8	13	26	2	22
41	3	12	11	13	26	2	12
41	3	12	13	13	26	2	1
41	3	12	14	13	26	2	40
41	3	12	16	13	26	2	29
41	3	12	17	13	26	3	inf
41	3	12	19	13	26	3	inf
41	3	12	21	13	26	2	19
41	3	12	24	13	26	2	29
41	4	0	1	13	26	3	inf
41	4	0	4	13	26	2	32
41	4	0	5	13	26	2	36
41	4	0	7	13	26	2	34
41	4	0	8	13	26	2	34
41	4	0	10	13	26	2	36
41	4	0	11	13	26	2	32
41	4	0	14	13	26	3	inf
41	4	0	17	13	26	2	9
41	4	0	18	13	26	2	5
41	4	0	20	13	26	2	7
41	4	0	21	13	26	2	7
41	4	0	23	13	26	2	5
41	4	0	24	13	26	2	9
41	4	1	1	13	26	2	34
41	4	1	2	13	26	2	34
41	4	1	4	13	26	2	36
41	4	1	5	13	26	2	32
41	4	1	8	13	26	3	inf
41	4	1	11	13	26	2	9
41	4	1	12	13	26	2	5
41	4	1	14	13	26	2	7
41	4	1	15	13	26	2	7
41	4	1	17	13	26	2	5
41	4	1	18	13	26	2	9
41	4	1	21	13	26	3	inf
41	4	1	24	13	26	2	32
41	4	1	25	13	26	2	36
41	4	2	2	13	26	3	inf
41	4	2	5	13	26	2	9
41	4	2	6	13	26	2	5
41	4	2	8	13	26	2	7
41	4	2	9	13	26	2	7
41	4	2	11	13	26	2	5
41	4	2	12	13	26	2	9
41	4	2	15	13	26	3	inf
41	4	2	18	13	26	2	32
41	4	2	19	13	26	2	36
41	4	2	21	13	26	2	34
41	4	2	22	13	26	2	34
41	4	2	24	13	26	2	36
41	4	2	25	13	26	2	32
41	4	3	0	13	26	2	5
41	4	3	2	13	26	2	7
41	4	3	3	13	26	2	7
41	4	3	5	13	26	2	5
41	4	3	6	13	26	2	9
41	4	3	9	13	26	3	inf
41	4	3	12	13	26	2	32
41	4	3	13	13	26	2	36
41	4	3	15	13	26	2	34
41	4	3	16	13	26	2	34
41	4	3	18	13	26	2	36
41	4	3	19	13	26	2	32
41	4	3	22	13	26	3	inf
41	4	3	25	13	26	2	9
41	4	4	0	13	26	2	9
41	4	4	3	13	26	3	inf
41	4	4	6	13	26	2	32
41	4	4	7	13	26	2	36
41	4	4	9	13	26	2	34
41	4	4	10	13	26	2	34
41	4	4	12	13	26	2	36
41	4	4	13	13	26	2	32
41	4	4	16	13	26	3	inf
41	4	4	19	13	26	2	9
41	4	4	20	13	26	2	5
41	4	4	22	13	26	2	7
41	4	4	23	13	26	2	7
41	4	4	25	13	26	2	5
41	4	5	0	13	26	2	32
41	4	5	1	13	26	2	36
41	4	5	3	13	26	2	34
41	4	5	4	13	26	2	34
41	4	5	6	13	26	2	36
41	4	5	7	13	26	2	32
41	4	5	10	13	26	3	inf
41	4	5	13	13	26	2	9
41	4	5	14	13	26	2	5
41	4	5	16	13	26	2	7
41	4	5	17	13	26	2	7
41	4	5	19	13	26	2	5
41	4	5	20	13	26	2	9
41	4	5	23	13	26	3	inf
41	4	6	0	13	26	2	36
41	4	6	1	13	26	2	32
41	4	6	4	13	26	3	inf
41	4	6	7	13	26	2	9
41	4	6	8	13	26	2	5
41	4	6	10	13	26	2	7
41	4	6	11	13	26	2	7
41	4	6	13	13	26	2	5
41	4	6	14	13	26	2	9
41	4	6	17	13	26	3	inf
41	4	6	20	13	26	2	32
41	4	6	21	13	26	2	36
41	4	6	23	13	26	2	34
41	4	6	24	13	26	2	34
41	4	7	1	13	26	2	9
41	4	7	2	13	26	2	5
41	4	7	4	13	26	2	7
41	4	7	5	13	26	2	7
41	4	7	7	13	26	2	5
41	4	7	8	13	26	2	9
41	4	7	11	13	26	3	inf
41	4	7	14	13	26	2	32
41	4	7	15	13	26	2	36
41	4	7	17	13	26	2	34
41	4	7	18	13	26	2	34
41	4	7	20	13	26	2	36
41	4	7	21	13	26	2	32
41	4	7	24	13	26	3	inf
41	4	8	1	13	26	2	5
41	4	8	2	13	26	2	9
41	4	8	5	13	26	3	inf
41	4	8	8	13	26	2	32
41	4	8	9	13	26	2	36
41	4	8	11	13	26	2	34
41	4	8	12	13	26	2	34
41	4	8	14	13	26	2	36
41	4	8	15	13	26	2	32
41	4	8	18	13	26	3	inf
41	4	8	21	13	26	2	9
41	4	8	22	13	26	2	5
41	4	8	24	13	26	2	7
41	4	8	25	13	26	2	7
41	4	9	2	13	26	2	32
41	4	9	3	13	26	2	36
41	4	9	5	13	26	2	34
41	4	9	6	13	26	2	34
41	4	9	8	13	26	2	36
41	4	9	9	13	26	2	32
41	4	9	12	13	26	3	inf
41	4	9	15	13	26	2	9
41	4	9	16	13	26	2	5
41	4	9	18	13	26	2	7
41	4	9	19	13	26	2	7
41	4	9	21	13	26	2	5
41	4	9	22	13	26	2	9
41	4	9	25	13	26	3	inf
41	4	10	0	13	26	2	34
41	4	10	2	13	26	2	36
41	4	10	3	13	26	2	32
41	4	10	6	13	26	3	inf
41	4	10	9	13	26	2	9
41	4	10	10	13	26	2	5
41	4	10	12	13	26	2	7
41	4	10	13	13	26	2	7
41	4	10	15	13	26	2	5
41	4	10	16	13	26	2	9
41	4	10	19	13	26	3	inf
41	4	10	22	13	26	2	32
41	4	10	23	13	26	2	36
41	4	10	25	13	26	2	34
41	4	11	0	13	26	3	inf
41	4	11	3	13	26	2	9
41	4	11	4	13	26	2	5
41	4	11	6	13	26	2	7
41	4	11	7	13	26	2	7
41	4	11	9	13	26	2	5
41	4	11	10	13	26	2	9
41	4	11	13	13	26	3	inf
41	4	11	16	13	26	2	32
41	4	11	17	13	26	2	36
41	4	11	19	13	26	2	34
41	4	11	20	13	26	2	34
41	4	11	22	13	26	2	36
41	4	11	23	13	26	2	32
41	4	12	0	13	26	2	7
41	4	12	1	13	26	2	7
41	4	12	3	13	26	2	5
41	4	12	4	13	26	2	9
41	4	12	7	13	26	3	inf
41	4	12	10	13	26	2	32
41	4	12	11	13	26	2	36
41	4	12	13	13	26	2	34
41	4	12	14	13	26	2	34
41	4	12	16	13	26	2	36
41	4	12	17	13	26	2	32
41	4	12	20	13	26	3	inf
41	4	12	23	13	26	2	9
41	4	12	24	13	26	2	5
107	1	0	0	26	13	3	inf
107	1	0	2	26	13	2	33
107	1	0	3	26	13	2	1
107	1	0	6	26	13	2	84
107	1	0	9	26	13	2	84
107	1	0	11	26	13	3	inf
107	1	0	12	26	13	2	1
107	1	1	1	26	13	2	106
107	1	1	2	26	13	2	74
107	1	1	4	26	13	2	74
107	1	1	5	26	13	2	106
107	1	1	8	26	13	2	23
107	1	1	11	26	13	2	23
107	1	2	0	26	13	2	84
107	1	2	2	26	13	3	inf
107	1	2	3	26	13	2	1
107	1	2	4	26	13	3	inf
107	1	2	6	26	13	2	33
107	1	2	7	26	13	2	1
107	1	2	10	26	13	2	84
107	1	3	2	26	13	2	23
107	1	3	5	26	13	2	106
107	1	3	6	26	13	2	74
107	1	3	8	26	13	2	74
107	1	3	9	26	13	2	106
107	1	3	12	26	13	2	23
107	1	4	1	26	13	2	84
107	1	4	4	26	13	2	84
107	1	4	6	26	13	3	inf
107	1	4	7	26	13	2	1
107	1	4	8	26	13	3	inf
107	1	4	10	26	13	2	33
107	1	4	11	26	13	2	1
107	1	5	0	26	13	2	106
107	1	5	3	26	13	2	23
107	1	5	6	26	13	2	23
107	1	5	9	26	13	2	106
107	1	5	10	26	13	2	74
107	1	5	12	26	13	2	74
107	1	6	1	26	13	2	33
107	1	6	2	26	13	2	1
107	1	6	5	26	13	2	84
107	1	6	8	26	13	2	84
107	1	6	10	26	13	3	inf
107	1	6	11	26	13	2	1
107	1	6	12	26	13	3	inf
107	1	7	0	26	13	2	106
107	1	7	1	26	13	2	74
107	1	7	3	26	13	2	74
107	1	7	4	26	13	2	106
107	1	7	7	26	13	2	23
107	1	7	10	26	13	2	23
107	1	8	1	26	13	3	inf
107	1	8	2	26	13	2	1
107	1	8	3	26	13	3	inf
107	1	8	5	26	13	2	33
107	1	8	6	26	13	2	1
107	1	8	9	26	13	2	84
107	1	8	12	26	13	2	84
107	1	9	1	26	13	2	23
107	1	9	4	26	13	2	106
107	1	9	5	26	13	2	74
107	1	9	7	26	13	2	74
107	1	9	8	26	13	2	106
107	1	9	11	26	13	2	23
107	1	10	0	26	13	2	84
107	1	10	3	26	13	2	84
107	1	10	5	26	13	3	inf
107	1	10	6	26	13	2	1
107	1	10	7	26	13	3	inf
107	1	10	9	26	13	2	33
107	1	10	10	26	13	2	1
107	1	11	2	26	13	2	23
107	1	11	5	26	13	2	23
107	1	11	8	26	13	2	106
107	1	11	9	26	13	2	74
107	1	11	11	26	13	2	74
107	1	11	12	26	13	2	106
107	1	12	0	26	13	2	33
107	1	12	1	26	13	2	1
107	1	12	4	26	13	2	84
107	1	12	7	26	13	2	84
107	1	12	9	26	13	3	inf
107	1	12	10	26	13	2	1
107	1	12	11	26	13	3	inf
107	1	13	0	26	13	2	74
107	1	13	2	26	13	2	74
107	1	13	3	26	13	2	106
107	1	13	6	26	13	2	23
107	1	13	9	26	13	2	23
107	1	13	12	26	13	2	106
107	1	14	0	26	13	3	inf
107	1	14	1	26	13	2	1
107	1	14	2	26	13	3	inf
107	1	14	4	26	13	2	33
107	1	14	5	26	13	2	1
107	1	14	8	26	13	2	84
107	1	14	11	26	13	2	84
107	1	15	0	26	13	2	23
107	1	15	3	26	13	2	106
107	1	15	4	26	13	2	74
107	1	15	6	26	13	2	74
107	1	15	7	26	13	2	106
107	1	15	10	26	13	2	23
107	1	16	2	26	13	2	84
107	1	16	4	26	13	3	inf
107	1	16	5	26	13	2	1
107	1	16	6	26	13	3	inf
107	1	16	8	26	13	2	33
107	1	16	9	26	13	2	1
107	1	16	12	26	13	2	84
107	1	17	1	26	13	2	23
107	1	17	4	26	13	2	23
107	1	17	7	26	13	2	106
107	1	17	8	26	13	2	74
107	1	17	10	26	13	2	74
107	1	17	11	26	13	2	106
107	1	18	0	26	13	2	1
107	1	18	3	26	13	2	84
107	1	18	6	26	13	2	84
107	1	18	8	26	13	3	inf
107	1	18	9	26	13	2	1
107	1	18	10	26	13	3	inf
107	1	18	12	26	13	2	33
107	1	19	1	26	13	2	74
107	1	19	2	26	13	2	106
107	1	19	5	26	13	2	23
107	1	19	8	26	13	2	23
107	1	19	11	26	13	2	106
107	1	19	12	26	13	2	74
107	1	20	0	26	13	2	1
107	1	20	1	26	13	3	inf
107	1	20	3	26	13	2	33
107	1	20	4	26	13	2	1
107	1	20	7	26	13	2	84
107	1	20	10	26	13	2	84
107	1	20	12	26	13	3	inf
107	1	21	2	26	13	2	106
107	1	21	3	26	13	2	74
107	1	21	5	26	13	2	74
107	1	21	6	26	13	2	106
107	1	21	9	26	13	2	23
107	1	21	12	26	13	2	23
107	1	22	1	26	13	2	84
107	1	22	3	26	13	3	inf
107	1	22	4	26	13	2	1
107	1	22	5	26	13	3	inf
107	1	22	7	26	13	2	33
107	1	22	8	26	13	2	1
107	1	22	11	26	13	2	84
107	1	23	0	26	13	2	23
107	1	23	3	26	13	2	23
107	1	23	6	26	13	2	106
107	1	23	7	26	13	2	74
107	1	23	9	26	13	2	74
107	1	23	10	26	13	2	106
107	1	24	2	26	13	2	84
107	1	24	5	26	13	2	84
107	1	24	7	26	13	3	inf
107	1	24	8	26	13	2	1
107	1	24	9	26	13	3	inf
107	1	24	11	26	13	2	33
107	1	24	12	26	13	2	1
107	1	25	0	26	13	2	74
107	1	25	1	26	13	2	106
107	1	25	4	26	13	2	23
107	1	25	7	26	13	2	23
107	1	25	10	26	13	2	106
107	1	25	11	26	13	2	74
107	2	0	1	26	13	3	inf
107	2	0	3	26	13	2	42
107	2	0	4	26	13	2	15
107	2	0	11	26	13	2	92
107	2	0	12	26	13	2	65
107	2	1	0	26	13	2	15
107	2	1	1	26	13	2	42
107	2	1	3	26	13	3	inf
107	2	1	5	26	13	2	65
107	2	1	6	26	13	2	92
107	2	2	2	26	13	2	92
107	2	2	3	26	13	2	65
107	2	2	5	26	13	3	inf
107	2	2	7	26	13	2	42
107	2	2	8	26	13	2	15
107	2	3	4	26	13	2	15
107	2	3	5	26	13	2	42
107	2	3	7	26	13	3	inf
107	2	3	9	26	13	2	65
107	2	3	10	26	13	2	92
107	2	4	6	26	13	2	92
107	2	4	7	26	13	2	65
107	2	4	9	26	13	3	inf
107	2	4	11	26	13	2	42
107	2	4	12	26	13	2	15
107	2	5	0	26	13	2	65
107	2	5	1	26	13	2	92
107	2	5	8	26	13	2	15
107	2	5	9	26	13	2	42
107	2	5	11	26	13	3	inf
107	2	6	0	26	13	3	inf
107	2	6	2	26	13	2	42
107	2	6	3	26	13	2	15
107	2	6	10	26	13	2	92
107	2	6	11	26	13	2	65
107	2	7	0	26	13	2	42
107	2	7	2	26	13	3	inf
107	2	7	4	26	13	2	65
107	2	7	5	26	13	2	92
107	2	7	12	26	13	2	15
107	2	8	1	26	13	2	92
107	2	8	2	26	13	2	65
107	2	8	4	26	13	3	inf
107	2	8	6	26	13	2	42
107	2	8	7	26	13	2	15
107	2	9	3	26	13	2	15
107	2	9	4	26	13	2	42
107	2	9	6	26	13	3	inf
107	2	9	8	26	13	2	65
107	2	9	9	26	13	2	92
107	2	10	5	26	13	2	92
107	2	10	6	26	13	2	65
107	2	10	8	26	13	3	inf
107	2	10	10	26	13	2	42
107	2	10	11	26	13	2	15
107	2	11	0	26	13	2	92
107	2	11	7	26	13	2	15
107	2	11	8	26	13	2	42
107	2	11	10	26	13	3	inf
107	2	11	12	26	13	2	65
107	2	12	1	26	13	2	42
107	2	12	2	26	13	2	15
107	2	12	9	26	13	2	92
107	2	12	10	26	13	2	65
107	2	12	12	26	13	3	inf
107	2	13	1	26	13	3	inf
107	2	13	3	26	13	2	65
107	2	13	4	26	13	2	92
107	2	13	11	26	13	2	15
107	2	13	12	26	13	2	42
107	2	14	0	26	13	2	92
107	2	14	1	26	13	2	65
107	2	14	3	26	13	3	inf
107	2	14	5	26	13	2	42
107	2	14	6	26	13	2	15
107	2	15	2	26	13	2	15
107	2	15	3	26	13	2	42
107	2	15	5	26	13	3	inf
107	2	15	7	26	13	2	65
107	2	15	8	26	13	2	92
107	2	16	4	26	13	2	92
107	2	16	5	26	13	2	65
107	2	16	7	26	13	3	inf
107	2	16	9	26	13	2	42
107	2	16	10	26	13	2	15
107	2	17	6	26	13	2	15
107	2	17	7	26	13	2	42
107	2	17	9	26	13	3	inf
107	2	17	11	26	13	2	65
107	2	17	12	26	13	2	92
107	2	18	0	26	13	2	42
107	2	18	1	26	13	2	15
107	2	18	8	26	13	2	92
107	2	18	9	26	13	2	65
107	2	18	11	26	13	3	inf
107	2	19	0	26	13	3	inf
107	2	19	2	26	13	2	65
107	2	19	3	26	13	2	92
107	2	19	10	26	13	2	15
107	2	19	11	26	13	2	42
107	2	20	0	26	13	2	65
107	2	20	2	26	13	3	inf
107	2	20	4	26	13	2	42
107	2	20	5	26	13	2	15
107	2	20	12	26	13	2	92
107	2	21	1	26	13	2	15
107	2	21	2	26	13	2	42
107	2	21	4	26	13	3	inf
107	2	21	6	26	13	2	65
107	2	21	7	26	13	2	92
107	2	22	3	26	13	2	92
107	2	22	4	26	13	2	65
107	2	22	6	26	13	3	inf
107	2	22	8	26	13	2	42
107	2	22	9	26	13	2	15
107	2	23	5	26	13	2	15
107	2	23	6	26	13	2	42
107	2	23	8	26	13	3	inf
107	2	23	10	26	13	2	65
107	2	23	11	26	13	2	92
107	2	24	0	26	13	2	15
107	2	24	7	26	13	2	92
107	2	24	8	26	13	2	65
107	2	24	10	26	13	3	inf
107	2	24	12	26	13	2	42
107	2	25	1	26	13	2	65
107	2	25	2	26	13	2	92
107	2	25	9	26	13	2	15
107	2	25	10	26	13	2	42
107	2	25	12	26	13	3	inf
107	3	0	0	26	13	2	74
107	3	0	2	26	13	2	74
107	3	0	3	26	13	2	106
107	3	0	6	26	13	2	23
107	3	0	9	26	13	2	23
107	3	0	12	26	13	2	106
107	3	1	0	26	13	3	inf
107	3	1	1	26	13	2	1
107	3	1	2	26	13	3	inf
107	3	1	4	26	13	2	33
107	3	1	5	26	13	2	1
107	3	1	8	26	13	2	84
107	3	1	11	26	13	2	84
107	3	2	0	26	13	2	23
107	3	2	3	26	13	2	106
107	3	2	4	26	13	2	74
107	3	2	6	26	13	2	74
107	3	2	7	26	13	2	106
107	3	2	10	26	13	2	23
107	3	3	2	26	13	2	84
107	3	3	4	26	13	3	inf
107	3	3	5	26	13	2	1
107	3	3	6	26	13	3	inf
107	3	3	8	26	13	2	33
107	3	3	9	26	13	2	1
107	3	3	12	26	13	2	84
107	3	4	1	26	13	2	23
107	3	4	4	26	13	2	23
107	3	4	7	26	13	2	106
107	3	4	8	26	13	2	74
107	3	4	10	26	13	2	74
107	3	4	11	26	13	2	106
107	3	5	0	26	13	2	1
107	3	5	3	26	13	2	84
107	3	5	6	26	13	2	84
107	3	5	8	26	13	3	inf
107	3	5	9	26	13	2	1
107	3	5	10	26	13	3	inf
107	3	5	12	26	13	2	33
107	3	6	1	26	13	2	74
107	3	6	2	26	13	2	106
107	3	6	5	26	13	2	23
107	3	6	8	26	13	2	23
107	3	6	11	26	13	2	106
107	3	6	12	26	13	2	74
107	3	7	0	26	13	2	1
107	3	7	1	26	13	3	inf
107	3	7	3	26	13	2	33
107	3	7	4	26	13	2	1
107	3	7	7	26	13	2	84
107	3	7	10	26	13	2	84
107	3	7	12	26	13	3	inf
107	3	8	2	26	13	2	106
107	3	8	3	26	13	2	74
107	3	8	5	26	13	2	74
107	3	8	6	26	13	2	106
107	3	8	9	26	13	2	23
107	3	8	12	26	13	2	23
107	3	9	1	26	13	2	84
107	3	9	3	26	13	3	inf
107	3	9	4	26	13	2	1
107	3	9	5	26	13	3	inf
107	3	9	7	26	13	2	33
107	3	9	8	26	13	2	1
107	3	9	11	26	13	2	84
107	3	10	0	26	13	2	23
107	3	10	3	26	13	2	23
107	3	10	6	26	13	2	106
107	3	10	7	26	13	2	74
107	3	10	9	26	13	2	74
107	3	10	10	26	13	2	106
107	3	11	2	26	13	2	84
107	3	11	5	26	13	2	84
107	3	11	7	26	13	3	inf
107	3	11	8	26	13	2	1
107	3	11	9	26	13	3	inf
107	3	11	11	26	13	2	33
107	3	11	12	26	13	2	1
107	3	12	0	26	13	2	74
107	3	12	1	26	13	2	106
107	3	12	4	26	13	2	23
107	3	12	7	26	13	2	23
107	3	12	10	26	13	2	106
107	3	12	11	26	13	2	74
107	3	13	0	26	13	3	inf
107	3	13	2	26	13	2	33
107	3	13	3	26	13	2	1
107	3	13	6	26	13	2	84
107	3	13	9	26	13	2	84
107	3	13	11	26	13	3	inf
107	3	13	12	26	13	2	1
107	3	14	1	26	13	2	106
107	3	14	2	26	13	2	74
107	3	14	4	26	13	2	74
107	3	14	5	26	13	2	106
107	3	14	8	26	13	2	23
107	3	14	11	26	13	2	23
107	3	15	0	26	13	2	84
107	3	15	2	26	13	3	inf
107	3	15	3	26	13	2	1
107	3	15	4	26	13	3	inf
107	3	15	6	26	13	2	33
107	3	15	7	26	13	2	1
107	3	15	10	26	13	2	84
107	3	16	2	26	13	2	23
107	3	16	5	26	13	2	106
107	3	16	6	26	13	2	74
107	3	16	8	26	13	2	74
107	3	16	9	26	13	2	106
107	3	16	12	26	13	2	23
107	3	17	1	26	13	2	84
107	3	17	4	26	13	2	84
107	3	17	6	26	13	3	inf
107	3	17	7	26	13	2	1
107	3	17	8	26	13	3	inf
107	3	17	10	26	13	2	33
107	3	17	11	26	13	2	1
107	3	18	0	26	13	2	106
107	3	18	3	26	13	2	23
107	3	18	6	26	13	2	23
107	3	18	9	26	13	2	106
107	3	18	10	26	13	2	74
107	3	18	12	26	13	2	74
107	3	19	1	26	13	2	33
107	3	19	2	26	13	2	1
107	3	19	5	26	13	2	84
107	3	19	8	26	13	2	84
107	3	19	10	26	13	3	inf
107	3	19	11	26	13	2	1
107	3	19	12	26	13	3	inf
107	3	20	0	26	13	2	106
107	3	20	1	26	13	2	74
107	3	20	3	26	13	2	74
107	3	20	4	26	13	2	106
107	3	20	7	26	13	2	23
107	3	20	10	26	13	2	23
107	3	21	1	26	13	3	inf
107	3	21	2	26	13	2	1
107	3	21	3	26	13	3	inf
107	3	21	5	26	13	2	33
107	3	21	6	26	13	2	1
107	3	21	9	26	13	2	84
107	3	21	12	26	13	2	84
107	3	22	1	26	13	2	23
107	3	22	4	26	13	2	106
107	3	22	5	26	13	2	74
107	3	22	7	26	13	2	74
107	3	22	8	26	13	2	106
107	3	22	11	26	13	2	23
107	3	23	0	26	13	2	84
107	3	23	3	26	13	2	84
107	3	23	5	26	13	3	inf
107	3	23	6	26	13	2	1
107	3	23	7	26	13	3	inf
107	3	23	9	26	13	2	33
107	3	23	10	26	13	2	1
107	3	24	2	26	13	2	23
107	3	24	5	26	13	2	23
107	3	24	8	26	13	2	106
107	3	24	9	26	13	2	74
107	3	24	11	26	13	2	74
107	3	24	12	26	13	2	106
107	3	25	0	26	13	2	33
107	3	25	1	26	13	2	1
107	3	25	4	26	13	2	84
107	3	25	7	26	13	2	84
107	3	25	9	26	13	3	inf
107	3	25	10	26	13	2	1
107	3	25	11	26	13	3	inf
107	4	0	1	26	13	3	inf
107	4	0	3	26	13	2	65
107	4	0	4	26	13	2	92
107	4	0	11	26	13	2	15
107	4	0	12	26	13	2	42
107	4	1	0	26	13	2	92
107	4	1	1	26	13	2	65
107	4	1	3	26	13	3	inf
107	4	1	5	26	13	2	42
107	4	1	6	26	13	2	15
107	4	2	2	26	13	2	15
107	4	2	3	26	13	2	42
107	4	2	5	26	13	3	inf
107	4	2	7	26	13	2	65
107	4	2	8	26	13	2	92
107	4	3	4	26	13	2	92
107	4	3	5	26	13	2	65
107	4	3	7	26	13	3	inf
107	4	3	9	26	13	2	42
107	4	3	10	26	13	2	15
107	4	4	6	26	13	2	15
107	4	4	7	26	13	2	42
107	4	4	9	26	13	3	inf
107	4	4	11	26	13	2	65
107	4	4	12	26	13	2	92
107	4	5	0	26	13	2	42
107	4	5	1	26	13	2	15
107	4	5	8	26	13	2	92
107	4	5	9	26	13	2	65
107	4	5	11	26	13	3	inf
107	4	6	0	26	13	3	inf
107	4	6	2	26	13	2	65
107	4	6	3	26	13	2	92
107	4	6	10	26	13	2	15
107	4	6	11	26	13	2	42
107	4	7	0	26	13	2	65
107	4	7	2	26	13	3	inf
107	4	7	4	26	13	2	42
107	4	7	5	26	13	2	15
107	4	7	12	26	13	2	92
107	4	8	1	26	13	2	15
107	4	8	2	26	13	2	42
107	4	8	4	26	13	3	inf
107	4	8	6	26	13	2	65
107	4	8	7	26	13	2	92
107	4	9	3	26	13	2	92
107	4	9	4	26	13	2	65
107	4	9	6	26	13	3	inf
107	4	9	8	26	13	2	42
107	4	9	9	26	13	2	15
107	4	10	5	26	13	2	15
107	4	10	6	26	13	2	42
107	4	10	8	26	13	3	inf
107	4	10	10	26	13	2	65
107	4	10	11	26	13	2	92
107	4	11	0	26	13	2	15
107	4	11	7	26	13	2	92
107	4	11	8	26	13	2	65
107	4	11	10	26	13	3	inf
107	4	11	12	26	13	2	42
107	4	12	1	26	13	2	65
107	4	12	2	26	13	2	92
107	4	12	9	26	13	2	15
107	4	12	10	26	13	2	42
107	4	12	12	26	13	3	inf
107	4	13	1	26	13	3	inf
107	4	13	3	26	13	2	42
107	4	13	4	26	13	2	15
107	4	13	11	26	13	2	92
107	4	13	12	26	13	2	65
107	4	14	0	26	13	2	15
107	4	14	1	26	13	2	42
107	4	14	3	26	13	3	inf
107	4	14	5	26	13	2	65
107	4	14	6	26	13	2	92
107	4	15	2	26	13	2	92
107	4	15	3	26	13	2	65
107	4	15	5	26	13	3	inf
107	4	15	7	26	13	2	42
107	4	15	8	26	13	2	15
107	4	16	4	26	13	2	15
107	4	16	5	26	13	2	42
107	4	16	7	26	13	3	inf
107	4	16	9	26	13	2	65
107	4	16	10	26	13	2	92
107	4	17	6	26	13	2	92
107	4	17	7	26	13	2	65
107	4	17	9	26	13	3	inf
107	4	17	11	26	13	2	42
107	4	17	12	26	13	2	15
107	4	18	0	26	13	2	65
107	4	18	1	26	13	2	92
107	4	18	8	26	13	2	15
107	4	18	9	26	13	2	42
107	4	18	11	26	13	3	inf
107	4	19	0	26	13	3	inf
107	4	19	2	26	13	2	42
107	4	19	3	26	13	2	15
107	4	19	10	26	13	2	92
107	4	19	11	26	13	2	65
107	4	20	0	26	13	2	42
107	4	20	2	26	13	3	inf
107	4	20	4	26	13	2	65
107	4	20	5	26	13	2	92
107	4	20	12	26	13	2	15
107	4	21	1	26	13	2	92
107	4	21	2	26	13	2	65
107	4	21	4	26	13	3	inf
107	4	21	6	26	13	2	42
107	4	21	7	26	13	2	15
107	4	22	3	26	13	2	15
107	4	22	4	26	13	2	42
107	4	22	6	26	13	3	inf
107	4	22	8	26	13	2	65
107	4	22	9	26	13	2	92
107	4	23	5	26	13	2	92
107	4	23	6	26	13	2	65
107	4	23	8	26	13	3	inf
107	4	23	10	26	13	2	42
107	4	23	11	26	13	2	15
107	4	24	0	26	13	2	92
107	4	24	7	26	13	2	15
107	4	24	8	26	13	2	42
107	4	24	10	26	13	3	inf
107	4	24	12	26	13	2	65
107	4	25	1	26	13	2	42
107	4	25	2	26	13	2	15
107	4	25	9	26	13	2	92
107	4	25	10	26	13	2	65
107	4	25	12	26	13	3	inf
